Problem #,Problem,Difficulty,Acceptance,LeetCode URL
1,Two Sum,Easy,58.00%,https://leetcode.com/problems/two-sum
2,Add Two Numbers,Medium,49.20%,https://leetcode.com/problems/add-two-numbers
3,Longest Substring Without Repeating Characters,Medium,39.80%,https://leetcode.com/problems/longest-substring-without-repeating-characters
4,Median of Two Sorted Arrays,Hard,47.40%,https://leetcode.com/problems/median-of-two-sorted-arrays
5,Longest Palindromic Substring,Medium,38.50%,https://leetcode.com/problems/longest-palindromic-substring
6,Zigzag Conversion,Medium,54.90%,https://leetcode.com/problems/zigzag-conversion
7,Reverse Integer,Medium,32.40%,https://leetcode.com/problems/reverse-integer
8,String to Integer (atoi),Medium,21.60%,https://leetcode.com/problems/string-to-integer-atoi
9,Palindrome Number,Easy,60.90%,https://leetcode.com/problems/palindrome-number
10,Regular Expression Matching,Hard,31.60%,https://leetcode.com/problems/regular-expression-matching
11,Container With Most Water,Medium,60.70%,https://leetcode.com/problems/container-with-most-water
12,Integer to Roman,Medium,71.50%,https://leetcode.com/problems/integer-to-roman
13,Roman to Integer,Easy,67.10%,https://leetcode.com/problems/roman-to-integer
14,Longest Common Prefix,Easy,48.20%,https://leetcode.com/problems/longest-common-prefix
15,3Sum,Medium,39.70%,https://leetcode.com/problems/3sum
16,3Sum Closest,Medium,49.20%,https://leetcode.com/problems/3sum-closest
17,Letter Combinations of a Phone Number,Medium,66.70%,https://leetcode.com/problems/letter-combinations-of-a-phone-number
18,4Sum,Medium,41.50%,https://leetcode.com/problems/4sum
19,Remove Nth Node From End of List,Medium,52.40%,https://leetcode.com/problems/remove-nth-node-from-end-of-list
20,Valid Parentheses,Easy,44.80%,https://leetcode.com/problems/valid-parentheses
21,Merge Two Sorted Lists,Easy,68.80%,https://leetcode.com/problems/merge-two-sorted-lists
22,Generate Parentheses,Medium,79.10%,https://leetcode.com/problems/generate-parentheses
23,Merge k Sorted Lists,Hard,60.30%,https://leetcode.com/problems/merge-k-sorted-lists
24,Swap Nodes in Pairs,Medium,70.10%,https://leetcode.com/problems/swap-nodes-in-pairs
25,Reverse Nodes in k-Group,Hard,67.00%,https://leetcode.com/problems/reverse-nodes-in-k-group
26,Remove Duplicates from Sorted Array,Easy,63.60%,https://leetcode.com/problems/remove-duplicates-from-sorted-array
27,Remove Element,Easy,62.40%,https://leetcode.com/problems/remove-element
28,Find the Index of the First Occurrence in a String,Easy,47.20%,https://leetcode.com/problems/find-the-index-of-the-first-occurrence-in-a-string
29,Divide Two Integers,Medium,20.20%,https://leetcode.com/problems/divide-two-integers
30,Substring with Concatenation of All Words,Hard,35.10%,https://leetcode.com/problems/substring-with-concatenation-of-all-words
31,Next Permutation,Medium,46.00%,https://leetcode.com/problems/next-permutation
32,Longest Valid Parentheses,Hard,39.60%,https://leetcode.com/problems/longest-valid-parentheses
33,Search in Rotated Sorted Array,Medium,45.50%,https://leetcode.com/problems/search-in-rotated-sorted-array
34,Find First and Last Position of Element in Sorted Array,Medium,49.50%,https://leetcode.com/problems/find-first-and-last-position-of-element-in-sorted-array
35,Search Insert Position,Easy,52.10%,https://leetcode.com/problems/search-insert-position
36,Valid Sudoku,Medium,65.00%,https://leetcode.com/problems/valid-sudoku
37,Sudoku Solver,Hard,65.60%,https://leetcode.com/problems/sudoku-solver
38,Count and Say,Medium,63.70%,https://leetcode.com/problems/count-and-say
39,Combination Sum,Medium,77.00%,https://leetcode.com/problems/combination-sum
40,Combination Sum II,Medium,60.00%,https://leetcode.com/problems/combination-sum-ii
41,First Missing Positive,Hard,43.60%,https://leetcode.com/problems/first-missing-positive
42,Trapping Rain Water,Hard,68.10%,https://leetcode.com/problems/trapping-rain-water
43,Multiply Strings,Medium,44.60%,https://leetcode.com/problems/multiply-strings
44,Wildcard Matching,Hard,32.70%,https://leetcode.com/problems/wildcard-matching
45,Jump Game II,Medium,43.40%,https://leetcode.com/problems/jump-game-ii
46,Permutations,Medium,82.30%,https://leetcode.com/problems/permutations
47,Permutations II,Medium,64.10%,https://leetcode.com/problems/permutations-ii
48,Rotate Image,Medium,80.60%,https://leetcode.com/problems/rotate-image
49,Group Anagrams,Medium,73.20%,https://leetcode.com/problems/group-anagrams
50,"Pow(x, n)",Medium,39.20%,https://leetcode.com/problems/powx-n
51,N-Queens,Hard,76.30%,https://leetcode.com/problems/n-queens
52,N-Queens II,Hard,79.20%,https://leetcode.com/problems/n-queens-ii
53,Maximum Subarray,Medium,53.80%,https://leetcode.com/problems/maximum-subarray
54,Spiral Matrix,Medium,57.70%,https://leetcode.com/problems/spiral-matrix
55,Jump Game,Medium,41.40%,https://leetcode.com/problems/jump-game
56,Merge Intervals,Medium,52.60%,https://leetcode.com/problems/merge-intervals
57,Insert Interval,Medium,45.90%,https://leetcode.com/problems/insert-interval
58,Length of Last Word,Easy,59.60%,https://leetcode.com/problems/length-of-last-word
59,Spiral Matrix II,Medium,75.70%,https://leetcode.com/problems/spiral-matrix-ii
60,Permutation Sequence,Hard,54.10%,https://leetcode.com/problems/permutation-sequence
61,Rotate List,Medium,43.10%,https://leetcode.com/problems/rotate-list
62,Unique Paths,Medium,67.20%,https://leetcode.com/problems/unique-paths
63,Unique Paths II,Medium,45.00%,https://leetcode.com/problems/unique-paths-ii
64,Minimum Path Sum,Medium,68.80%,https://leetcode.com/problems/minimum-path-sum
65,Valid Number,Hard,23.50%,https://leetcode.com/problems/valid-number
66,Plus One,Easy,50.50%,https://leetcode.com/problems/plus-one
67,Add Binary,Easy,58.50%,https://leetcode.com/problems/add-binary
68,Text Justification,Hard,52.00%,https://leetcode.com/problems/text-justification
69,Sqrt(x),Easy,42.20%,https://leetcode.com/problems/sqrtx
70,Climbing Stairs,Easy,54.30%,https://leetcode.com/problems/climbing-stairs
71,Simplify Path,Medium,51.30%,https://leetcode.com/problems/simplify-path
72,Edit Distance,Medium,61.20%,https://leetcode.com/problems/edit-distance
73,Set Matrix Zeroes,Medium,63.50%,https://leetcode.com/problems/set-matrix-zeroes
74,Search a 2D Matrix,Medium,54.40%,https://leetcode.com/problems/search-a-2d-matrix
75,Sort Colors,Medium,70.20%,https://leetcode.com/problems/sort-colors
76,Minimum Window Substring,Hard,48.30%,https://leetcode.com/problems/minimum-window-substring
77,Combinations,Medium,75.10%,https://leetcode.com/problems/combinations
78,Subsets,Medium,82.70%,https://leetcode.com/problems/subsets
79,Word Search,Medium,48.00%,https://leetcode.com/problems/word-search
80,Remove Duplicates from Sorted Array II,Medium,65.20%,https://leetcode.com/problems/remove-duplicates-from-sorted-array-ii
81,Search in Rotated Sorted Array II,Medium,40.50%,https://leetcode.com/problems/search-in-rotated-sorted-array-ii
82,Remove Duplicates from Sorted List II,Medium,52.40%,https://leetcode.com/problems/remove-duplicates-from-sorted-list-ii
83,Remove Duplicates from Sorted List,Easy,57.40%,https://leetcode.com/problems/remove-duplicates-from-sorted-list
84,Largest Rectangle in Histogram,Hard,50.70%,https://leetcode.com/problems/largest-rectangle-in-histogram
85,Maximal Rectangle,Hard,59.70%,https://leetcode.com/problems/maximal-rectangle
86,Partition List,Medium,61.90%,https://leetcode.com/problems/partition-list
87,Scramble String,Hard,45.40%,https://leetcode.com/problems/scramble-string
88,Merge Sorted Array,Easy,55.60%,https://leetcode.com/problems/merge-sorted-array
89,Gray Code,Medium,65.90%,https://leetcode.com/problems/gray-code
90,Subsets II,Medium,61.90%,https://leetcode.com/problems/subsets-ii
91,Decode Ways,Medium,38.50%,https://leetcode.com/problems/decode-ways
92,Reverse Linked List II,Medium,52.20%,https://leetcode.com/problems/reverse-linked-list-ii
93,Restore IP Addresses,Medium,56.90%,https://leetcode.com/problems/restore-ip-addresses
94,Binary Tree Inorder Traversal,Easy,80.50%,https://leetcode.com/problems/binary-tree-inorder-traversal
95,Unique Binary Search Trees II,Medium,63.20%,https://leetcode.com/problems/unique-binary-search-trees-ii
96,Unique Binary Search Trees,Medium,64.10%,https://leetcode.com/problems/unique-binary-search-trees
97,Interleaving String,Medium,44.60%,https://leetcode.com/problems/interleaving-string
98,Validate Binary Search Tree,Medium,36.20%,https://leetcode.com/problems/validate-binary-search-tree
99,Recover Binary Search Tree,Medium,60.80%,https://leetcode.com/problems/recover-binary-search-tree
100,Same Tree,Easy,67.80%,https://leetcode.com/problems/same-tree
101,Symmetric Tree,Easy,61.90%,https://leetcode.com/problems/symmetric-tree
102,Binary Tree Level Order Traversal,Medium,73.30%,https://leetcode.com/problems/binary-tree-level-order-traversal
103,Binary Tree Zigzag Level Order Traversal,Medium,64.40%,https://leetcode.com/problems/binary-tree-zigzag-level-order-traversal
104,Maximum Depth of Binary Tree,Easy,78.50%,https://leetcode.com/problems/maximum-depth-of-binary-tree
105,Construct Binary Tree from Preorder and Inorder Traversal,Medium,69.40%,https://leetcode.com/problems/construct-binary-tree-from-preorder-and-inorder-traversal
106,Construct Binary Tree from Inorder and Postorder Traversal,Medium,69.40%,https://leetcode.com/problems/construct-binary-tree-from-inorder-and-postorder-traversal
107,Binary Tree Level Order Traversal II,Medium,68.90%,https://leetcode.com/problems/binary-tree-level-order-traversal-ii
108,Convert Sorted Array to Binary Search Tree,Easy,76.00%,https://leetcode.com/problems/convert-sorted-array-to-binary-search-tree
109,Convert Sorted List to Binary Search Tree,Medium,67.20%,https://leetcode.com/problems/convert-sorted-list-to-binary-search-tree
110,Balanced Binary Tree,Easy,59.10%,https://leetcode.com/problems/balanced-binary-tree
111,Minimum Depth of Binary Tree,Easy,53.60%,https://leetcode.com/problems/minimum-depth-of-binary-tree
112,Path Sum,Easy,55.60%,https://leetcode.com/problems/path-sum
113,Path Sum II,Medium,62.80%,https://leetcode.com/problems/path-sum-ii
114,Flatten Binary Tree to Linked List,Medium,71.40%,https://leetcode.com/problems/flatten-binary-tree-to-linked-list
115,Distinct Subsequences,Hard,52.40%,https://leetcode.com/problems/distinct-subsequences
116,Populating Next Right Pointers in Each Node,Medium,67.70%,https://leetcode.com/problems/populating-next-right-pointers-in-each-node
117,Populating Next Right Pointers in Each Node II,Medium,58.10%,https://leetcode.com/problems/populating-next-right-pointers-in-each-node-ii
118,Pascal's Triangle,Easy,79.30%,https://leetcode.com/problems/pascals-triangle
119,Pascal's Triangle II,Easy,67.90%,https://leetcode.com/problems/pascals-triangle-ii
120,Triangle,Medium,59.90%,https://leetcode.com/problems/triangle
121,Best Time to Buy and Sell Stock,Easy,57.30%,https://leetcode.com/problems/best-time-to-buy-and-sell-stock
122,Best Time to Buy and Sell Stock II,Medium,71.50%,https://leetcode.com/problems/best-time-to-buy-and-sell-stock-ii
123,Best Time to Buy and Sell Stock III,Hard,54.60%,https://leetcode.com/problems/best-time-to-buy-and-sell-stock-iii
124,Binary Tree Maximum Path Sum,Hard,42.70%,https://leetcode.com/problems/binary-tree-maximum-path-sum
125,Valid Palindrome,Easy,54.10%,https://leetcode.com/problems/valid-palindrome
126,Word Ladder II,Hard,28.00%,https://leetcode.com/problems/word-ladder-ii
127,Word Ladder,Hard,46.40%,https://leetcode.com/problems/word-ladder
128,Longest Consecutive Sequence,Medium,47.20%,https://leetcode.com/problems/longest-consecutive-sequence
129,Sum Root to Leaf Numbers,Medium,70.30%,https://leetcode.com/problems/sum-root-to-leaf-numbers
130,Surrounded Regions,Medium,46.10%,https://leetcode.com/problems/surrounded-regions
131,Palindrome Partitioning,Medium,74.50%,https://leetcode.com/problems/palindrome-partitioning
132,Palindrome Partitioning II,Hard,37.80%,https://leetcode.com/problems/palindrome-partitioning-ii
133,Clone Graph,Medium,66.00%,https://leetcode.com/problems/clone-graph
134,Gas Station,Medium,48.60%,https://leetcode.com/problems/gas-station
135,Candy,Hard,49.10%,https://leetcode.com/problems/candy
136,Single Number,Easy,78.20%,https://leetcode.com/problems/single-number
137,Single Number II,Medium,67.70%,https://leetcode.com/problems/single-number-ii
138,Copy List with Random Pointer,Medium,63.60%,https://leetcode.com/problems/copy-list-with-random-pointer
139,Word Break,Medium,49.80%,https://leetcode.com/problems/word-break
140,Word Break II,Hard,56.10%,https://leetcode.com/problems/word-break-ii
141,Linked List Cycle,Easy,54.90%,https://leetcode.com/problems/linked-list-cycle
142,Linked List Cycle II,Medium,59.00%,https://leetcode.com/problems/linked-list-cycle-ii
143,Reorder List,Medium,66.10%,https://leetcode.com/problems/reorder-list
144,Binary Tree Preorder Traversal,Easy,76.50%,https://leetcode.com/problems/binary-tree-preorder-traversal
145,Binary Tree Postorder Traversal,Easy,78.90%,https://leetcode.com/problems/binary-tree-postorder-traversal
146,LRU Cache,Medium,47.90%,https://leetcode.com/problems/lru-cache
147,Insertion Sort List,Medium,60.00%,https://leetcode.com/problems/insertion-sort-list
148,Sort List,Medium,65.20%,https://leetcode.com/problems/sort-list
149,Max Points on a Line,Hard,31.30%,https://leetcode.com/problems/max-points-on-a-line
150,Evaluate Reverse Polish Notation,Medium,58.50%,https://leetcode.com/problems/evaluate-reverse-polish-notation
151,Reverse Words in a String,Medium,57.60%,https://leetcode.com/problems/reverse-words-in-a-string
152,Maximum Product Subarray,Medium,36.90%,https://leetcode.com/problems/maximum-product-subarray
153,Find Minimum in Rotated Sorted Array,Medium,55.20%,https://leetcode.com/problems/find-minimum-in-rotated-sorted-array
154,Find Minimum in Rotated Sorted Array II,Hard,46.90%,https://leetcode.com/problems/find-minimum-in-rotated-sorted-array-ii
155,Min Stack,Medium,58.60%,https://leetcode.com/problems/min-stack
156,Binary Tree Upside Down,Medium,65.60%,https://leetcode.com/problems/binary-tree-upside-down
157,Read N Characters Given Read4,Easy,42.60%,https://leetcode.com/problems/read-n-characters-given-read4
158,Read N Characters Given read4 II - Call Multiple Times,Hard,43.40%,https://leetcode.com/problems/read-n-characters-given-read4-ii-call-multiple-times
159,Longest Substring with At Most Two Distinct Characters,Medium,57.20%,https://leetcode.com/problems/longest-substring-with-at-most-two-distinct-characters
160,Intersection of Two Linked Lists,Easy,64.50%,https://leetcode.com/problems/intersection-of-two-linked-lists
161,One Edit Distance,Medium,34.60%,https://leetcode.com/problems/one-edit-distance
162,Find Peak Element,Medium,47.20%,https://leetcode.com/problems/find-peak-element
163,Missing Ranges,Easy,35.70%,https://leetcode.com/problems/missing-ranges
164,Maximum Gap,Medium,52.90%,https://leetcode.com/problems/maximum-gap
165,Compare Version Numbers,Medium,46.90%,https://leetcode.com/problems/compare-version-numbers
166,Fraction to Recurring Decimal,Medium,31.30%,https://leetcode.com/problems/fraction-to-recurring-decimal
167,Two Sum II - Input Array Is Sorted,Medium,65.70%,https://leetcode.com/problems/two-sum-ii-input-array-is-sorted
168,Excel Sheet Column Title,Easy,47.40%,https://leetcode.com/problems/excel-sheet-column-title
169,Majority Element,Easy,66.50%,https://leetcode.com/problems/majority-element
170,Two Sum III - Data structure design,Easy,39.20%,https://leetcode.com/problems/two-sum-iii-data-structure-design
171,Excel Sheet Column Number,Easy,68.30%,https://leetcode.com/problems/excel-sheet-column-number
172,Factorial Trailing Zeroes,Medium,47.30%,https://leetcode.com/problems/factorial-trailing-zeroes
173,Binary Search Tree Iterator,Medium,76.90%,https://leetcode.com/problems/binary-search-tree-iterator
174,Dungeon Game,Hard,42.00%,https://leetcode.com/problems/dungeon-game
175,Combine Two Tables,Easy,79.90%,https://leetcode.com/problems/combine-two-tables
176,Second Highest Salary,Medium,48.10%,https://leetcode.com/problems/second-highest-salary
177,Nth Highest Salary,Medium,40.00%,https://leetcode.com/problems/nth-highest-salary
178,Rank Scores,Medium,68.60%,https://leetcode.com/problems/rank-scores
179,Largest Number,Medium,43.60%,https://leetcode.com/problems/largest-number
180,Consecutive Numbers,Medium,49.10%,https://leetcode.com/problems/consecutive-numbers
181,Employees Earning More Than Their Managers,Easy,73.80%,https://leetcode.com/problems/employees-earning-more-than-their-managers
182,Duplicate Emails,Easy,74.20%,https://leetcode.com/problems/duplicate-emails
183,Customers Who Never Order,Easy,72.30%,https://leetcode.com/problems/customers-who-never-order
184,Department Highest Salary,Medium,59.20%,https://leetcode.com/problems/department-highest-salary
185,Department Top Three Salaries,Hard,61.50%,https://leetcode.com/problems/department-top-three-salaries
186,Reverse Words in a String II,Medium,56.80%,https://leetcode.com/problems/reverse-words-in-a-string-ii
187,Repeated DNA Sequences,Medium,53.90%,https://leetcode.com/problems/repeated-dna-sequences
188,Best Time to Buy and Sell Stock IV,Hard,51.10%,https://leetcode.com/problems/best-time-to-buy-and-sell-stock-iv
189,Rotate Array,Medium,45.30%,https://leetcode.com/problems/rotate-array
190,Reverse Bits,Easy,69.20%,https://leetcode.com/problems/reverse-bits
191,Number of 1 Bits,Easy,77.40%,https://leetcode.com/problems/number-of-1-bits
192,Word Frequency,Medium,29.80%,https://leetcode.com/problems/word-frequency
193,Valid Phone Numbers,Easy,30.60%,https://leetcode.com/problems/valid-phone-numbers
194,Transpose File,Medium,33.20%,https://leetcode.com/problems/transpose-file
195,Tenth Line,Easy,37.50%,https://leetcode.com/problems/tenth-line
196,Delete Duplicate Emails,Easy,66.60%,https://leetcode.com/problems/delete-duplicate-emails
197,Rising Temperature,Easy,52.00%,https://leetcode.com/problems/rising-temperature
198,House Robber,Medium,53.50%,https://leetcode.com/problems/house-robber
199,Binary Tree Right Side View,Medium,71.00%,https://leetcode.com/problems/binary-tree-right-side-view
200,Number of Islands,Medium,65.00%,https://leetcode.com/problems/number-of-islands
201,Bitwise AND of Numbers Range,Medium,49.10%,https://leetcode.com/problems/bitwise-and-of-numbers-range
202,Happy Number,Easy,60.20%,https://leetcode.com/problems/happy-number
203,Remove Linked List Elements,Easy,55.30%,https://leetcode.com/problems/remove-linked-list-elements
204,Count Primes,Medium,36.30%,https://leetcode.com/problems/count-primes
205,Isomorphic Strings,Easy,49.00%,https://leetcode.com/problems/isomorphic-strings
206,Reverse Linked List,Easy,81.00%,https://leetcode.com/problems/reverse-linked-list
207,Course Schedule,Medium,52.10%,https://leetcode.com/problems/course-schedule
208,Implement Trie (Prefix Tree),Medium,69.90%,https://leetcode.com/problems/implement-trie-prefix-tree
209,Minimum Size Subarray Sum,Medium,52.70%,https://leetcode.com/problems/minimum-size-subarray-sum
210,Course Schedule II,Medium,56.10%,https://leetcode.com/problems/course-schedule-ii
211,Design Add and Search Words Data Structure,Medium,48.90%,https://leetcode.com/problems/design-add-and-search-words-data-structure
212,Word Search II,Hard,38.80%,https://leetcode.com/problems/word-search-ii
213,House Robber II,Medium,45.40%,https://leetcode.com/problems/house-robber-ii
214,Shortest Palindrome,Hard,43.00%,https://leetcode.com/problems/shortest-palindrome
215,Kth Largest Element in an Array,Medium,69.30%,https://leetcode.com/problems/kth-largest-element-in-an-array
216,Combination Sum III,Medium,73.70%,https://leetcode.com/problems/combination-sum-iii
217,Contains Duplicate,Easy,64.60%,https://leetcode.com/problems/contains-duplicate
218,The Skyline Problem,Hard,45.80%,https://leetcode.com/problems/the-skyline-problem
219,Contains Duplicate II,Easy,51.80%,https://leetcode.com/problems/contains-duplicate-ii
220,Contains Duplicate III,Hard,25.10%,https://leetcode.com/problems/contains-duplicate-iii
221,Maximal Square,Medium,50.80%,https://leetcode.com/problems/maximal-square
222,Count Complete Tree Nodes,Medium,72.80%,https://leetcode.com/problems/count-complete-tree-nodes
223,Rectangle Area,Medium,50.10%,https://leetcode.com/problems/rectangle-area
224,Basic Calculator,Hard,47.10%,https://leetcode.com/problems/basic-calculator
225,Implement Stack using Queues,Easy,70.50%,https://leetcode.com/problems/implement-stack-using-queues
226,Invert Binary Tree,Easy,80.40%,https://leetcode.com/problems/invert-binary-tree
227,Basic Calculator II,Medium,47.10%,https://leetcode.com/problems/basic-calculator-ii
228,Summary Ranges,Easy,54.60%,https://leetcode.com/problems/summary-ranges
229,Majority Element II,Medium,56.70%,https://leetcode.com/problems/majority-element-ii
230,Kth Smallest Element in a BST,Medium,77.20%,https://leetcode.com/problems/kth-smallest-element-in-a-bst
231,Power of Two,Easy,50.40%,https://leetcode.com/problems/power-of-two
232,Implement Queue using Stacks,Easy,70.20%,https://leetcode.com/problems/implement-queue-using-stacks
233,Number of Digit One,Hard,39.60%,https://leetcode.com/problems/number-of-digit-one
234,Palindrome Linked List,Easy,58.70%,https://leetcode.com/problems/palindrome-linked-list
235,Lowest Common Ancestor of a Binary Search Tree,Medium,71.20%,https://leetcode.com/problems/lowest-common-ancestor-of-a-binary-search-tree
236,Lowest Common Ancestor of a Binary Tree,Medium,70.00%,https://leetcode.com/problems/lowest-common-ancestor-of-a-binary-tree
237,Delete Node in a Linked List,Medium,84.30%,https://leetcode.com/problems/delete-node-in-a-linked-list
238,Product of Array Except Self,Medium,69.20%,https://leetcode.com/problems/product-of-array-except-self
239,Sliding Window Maximum,Hard,49.10%,https://leetcode.com/problems/sliding-window-maximum
240,Search a 2D Matrix II,Medium,58.00%,https://leetcode.com/problems/search-a-2d-matrix-ii
241,Different Ways to Add Parentheses,Medium,73.60%,https://leetcode.com/problems/different-ways-to-add-parentheses
242,Valid Anagram,Easy,68.60%,https://leetcode.com/problems/valid-anagram
243,Shortest Word Distance,Easy,66.40%,https://leetcode.com/problems/shortest-word-distance
244,Shortest Word Distance II,Medium,63.00%,https://leetcode.com/problems/shortest-word-distance-ii
245,Shortest Word Distance III,Medium,59.50%,https://leetcode.com/problems/shortest-word-distance-iii
246,Strobogrammatic Number,Easy,47.50%,https://leetcode.com/problems/strobogrammatic-number
247,Strobogrammatic Number II,Medium,53.50%,https://leetcode.com/problems/strobogrammatic-number-ii
248,Strobogrammatic Number III,Hard,42.70%,https://leetcode.com/problems/strobogrammatic-number-iii
249,Group Shifted Strings,Medium,67.80%,https://leetcode.com/problems/group-shifted-strings
250,Count Univalue Subtrees,Medium,57.60%,https://leetcode.com/problems/count-univalue-subtrees
251,Flatten 2D Vector,Medium,50.50%,https://leetcode.com/problems/flatten-2d-vector
252,Meeting Rooms,Easy,59.50%,https://leetcode.com/problems/meeting-rooms
253,Meeting Rooms II,Medium,52.80%,https://leetcode.com/problems/meeting-rooms-ii
254,Factor Combinations,Medium,50.60%,https://leetcode.com/problems/factor-combinations
255,Verify Preorder Sequence in Binary Search Tree,Medium,51.80%,https://leetcode.com/problems/verify-preorder-sequence-in-binary-search-tree
256,Paint House,Medium,64.50%,https://leetcode.com/problems/paint-house
257,Binary Tree Paths,Easy,69.20%,https://leetcode.com/problems/binary-tree-paths
258,Add Digits,Easy,69.30%,https://leetcode.com/problems/add-digits
259,3Sum Smaller,Medium,51.40%,https://leetcode.com/problems/3sum-smaller
260,Single Number III,Medium,70.10%,https://leetcode.com/problems/single-number-iii
261,Graph Valid Tree,Medium,50.10%,https://leetcode.com/problems/graph-valid-tree
262,Trips and Users,Hard,39.00%,https://leetcode.com/problems/trips-and-users
263,Ugly Number,Easy,44.10%,https://leetcode.com/problems/ugly-number
264,Ugly Number II,Medium,49.80%,https://leetcode.com/problems/ugly-number-ii
265,Paint House II,Hard,57.30%,https://leetcode.com/problems/paint-house-ii
266,Palindrome Permutation,Easy,68.70%,https://leetcode.com/problems/palindrome-permutation
267,Palindrome Permutation II,Medium,42.40%,https://leetcode.com/problems/palindrome-permutation-ii
268,Missing Number,Easy,72.60%,https://leetcode.com/problems/missing-number
269,Alien Dictionary,Hard,37.30%,https://leetcode.com/problems/alien-dictionary
270,Closest Binary Search Tree Value,Easy,49.10%,https://leetcode.com/problems/closest-binary-search-tree-value
271,Encode and Decode Strings,Medium,51.90%,https://leetcode.com/problems/encode-and-decode-strings
272,Closest Binary Search Tree Value II,Hard,61.30%,https://leetcode.com/problems/closest-binary-search-tree-value-ii
273,Integer to English Words,Hard,35.20%,https://leetcode.com/problems/integer-to-english-words
274,H-Index,Medium,41.80%,https://leetcode.com/problems/h-index
275,H-Index II,Medium,40.00%,https://leetcode.com/problems/h-index-ii
276,Paint Fence,Medium,48.50%,https://leetcode.com/problems/paint-fence
277,Find the Celebrity,Medium,49.10%,https://leetcode.com/problems/find-the-celebrity
278,First Bad Version,Easy,47.60%,https://leetcode.com/problems/first-bad-version
279,Perfect Squares,Medium,56.80%,https://leetcode.com/problems/perfect-squares
280,Wiggle Sort,Medium,68.50%,https://leetcode.com/problems/wiggle-sort
281,Zigzag Iterator,Medium,67.10%,https://leetcode.com/problems/zigzag-iterator
282,Expression Add Operators,Hard,43.70%,https://leetcode.com/problems/expression-add-operators
283,Move Zeroes,Easy,64.30%,https://leetcode.com/problems/move-zeroes
284,Peeking Iterator,Medium,61.90%,https://leetcode.com/problems/peeking-iterator
285,Inorder Successor in BST,Medium,51.30%,https://leetcode.com/problems/inorder-successor-in-bst
286,Walls and Gates,Medium,64.10%,https://leetcode.com/problems/walls-and-gates
287,Find the Duplicate Number,Medium,64.80%,https://leetcode.com/problems/find-the-duplicate-number
288,Unique Word Abbreviation,Medium,28.00%,https://leetcode.com/problems/unique-word-abbreviation
289,Game of Life,Medium,73.00%,https://leetcode.com/problems/game-of-life
290,Word Pattern,Easy,44.50%,https://leetcode.com/problems/word-pattern
291,Word Pattern II,Medium,49.10%,https://leetcode.com/problems/word-pattern-ii
292,Nim Game,Easy,60.40%,https://leetcode.com/problems/nim-game
293,Flip Game,Easy,65.10%,https://leetcode.com/problems/flip-game
294,Flip Game II,Medium,52.40%,https://leetcode.com/problems/flip-game-ii
295,Find Median from Data Stream,Hard,54.90%,https://leetcode.com/problems/find-median-from-data-stream
296,Best Meeting Point,Hard,61.40%,https://leetcode.com/problems/best-meeting-point
297,Serialize and Deserialize Binary Tree,Hard,61.00%,https://leetcode.com/problems/serialize-and-deserialize-binary-tree
298,Binary Tree Longest Consecutive Sequence,Medium,54.80%,https://leetcode.com/problems/binary-tree-longest-consecutive-sequence
299,Bulls and Cows,Medium,52.90%,https://leetcode.com/problems/bulls-and-cows
300,Longest Increasing Subsequence,Medium,59.90%,https://leetcode.com/problems/longest-increasing-subsequence
301,Remove Invalid Parentheses,Hard,50.10%,https://leetcode.com/problems/remove-invalid-parentheses
302,Smallest Rectangle Enclosing Black Pixels,Hard,61.00%,https://leetcode.com/problems/smallest-rectangle-enclosing-black-pixels
303,Range Sum Query - Immutable,Easy,73.20%,https://leetcode.com/problems/range-sum-query-immutable
304,Range Sum Query 2D - Immutable,Medium,58.90%,https://leetcode.com/problems/range-sum-query-2d-immutable
305,Number of Islands II,Hard,40.70%,https://leetcode.com/problems/number-of-islands-ii
306,Additive Number,Medium,34.30%,https://leetcode.com/problems/additive-number
307,Range Sum Query - Mutable,Medium,43.70%,https://leetcode.com/problems/range-sum-query-mutable
308,Range Sum Query 2D - Mutable,Medium,45.90%,https://leetcode.com/problems/range-sum-query-2d-mutable
309,Best Time to Buy and Sell Stock with Cooldown,Medium,62.60%,https://leetcode.com/problems/best-time-to-buy-and-sell-stock-with-cooldown
310,Minimum Height Trees,Medium,42.80%,https://leetcode.com/problems/minimum-height-trees
311,Sparse Matrix Multiplication,Medium,69.30%,https://leetcode.com/problems/sparse-matrix-multiplication
312,Burst Balloons,Hard,64.20%,https://leetcode.com/problems/burst-balloons
313,Super Ugly Number,Medium,46.50%,https://leetcode.com/problems/super-ugly-number
314,Binary Tree Vertical Order Traversal,Medium,57.90%,https://leetcode.com/problems/binary-tree-vertical-order-traversal
315,Count of Smaller Numbers After Self,Hard,44.00%,https://leetcode.com/problems/count-of-smaller-numbers-after-self
316,Remove Duplicate Letters,Medium,54.30%,https://leetcode.com/problems/remove-duplicate-letters
317,Shortest Distance from All Buildings,Hard,45.00%,https://leetcode.com/problems/shortest-distance-from-all-buildings
318,Maximum Product of Word Lengths,Medium,61.50%,https://leetcode.com/problems/maximum-product-of-word-lengths
319,Bulb Switcher,Medium,56.40%,https://leetcode.com/problems/bulb-switcher
320,Generalized Abbreviation,Medium,60.90%,https://leetcode.com/problems/generalized-abbreviation
321,Create Maximum Number,Hard,36.60%,https://leetcode.com/problems/create-maximum-number
322,Coin Change,Medium,49.00%,https://leetcode.com/problems/coin-change
323,Number of Connected Components in an Undirected Graph,Medium,65.10%,https://leetcode.com/problems/number-of-connected-components-in-an-undirected-graph
324,Wiggle Sort II,Medium,38.10%,https://leetcode.com/problems/wiggle-sort-ii
325,Maximum Size Subarray Sum Equals k,Medium,50.90%,https://leetcode.com/problems/maximum-size-subarray-sum-equals-k
326,Power of Three,Easy,51.50%,https://leetcode.com/problems/power-of-three
327,Count of Range Sum,Hard,39.70%,https://leetcode.com/problems/count-of-range-sum
328,Odd Even Linked List,Medium,62.70%,https://leetcode.com/problems/odd-even-linked-list
329,Longest Increasing Path in a Matrix,Hard,57.00%,https://leetcode.com/problems/longest-increasing-path-in-a-matrix
330,Patching Array,Hard,54.60%,https://leetcode.com/problems/patching-array
331,Verify Preorder Serialization of a Binary Tree,Medium,47.80%,https://leetcode.com/problems/verify-preorder-serialization-of-a-binary-tree
332,Reconstruct Itinerary,Hard,44.90%,https://leetcode.com/problems/reconstruct-itinerary
333,Largest BST Subtree,Medium,45.90%,https://leetcode.com/problems/largest-bst-subtree
334,Increasing Triplet Subsequence,Medium,39.60%,https://leetcode.com/problems/increasing-triplet-subsequence
335,Self Crossing,Hard,36.00%,https://leetcode.com/problems/self-crossing
336,Palindrome Pairs,Hard,37.50%,https://leetcode.com/problems/palindrome-pairs
337,House Robber III,Medium,56.20%,https://leetcode.com/problems/house-robber-iii
338,Counting Bits,Easy,80.80%,https://leetcode.com/problems/counting-bits
339,Nested List Weight Sum,Medium,86.00%,https://leetcode.com/problems/nested-list-weight-sum
340,Longest Substring with At Most K Distinct Characters,Medium,50.10%,https://leetcode.com/problems/longest-substring-with-at-most-k-distinct-characters
341,Flatten Nested List Iterator,Medium,65.80%,https://leetcode.com/problems/flatten-nested-list-iterator
342,Power of Four,Easy,52.50%,https://leetcode.com/problems/power-of-four
343,Integer Break,Medium,62.70%,https://leetcode.com/problems/integer-break
344,Reverse String,Easy,81.20%,https://leetcode.com/problems/reverse-string
345,Reverse Vowels of a String,Easy,62.10%,https://leetcode.com/problems/reverse-vowels-of-a-string
346,Moving Average from Data Stream,Easy,80.20%,https://leetcode.com/problems/moving-average-from-data-stream
347,Top K Frequent Elements,Medium,67.20%,https://leetcode.com/problems/top-k-frequent-elements
348,Design Tic-Tac-Toe,Medium,58.70%,https://leetcode.com/problems/design-tic-tac-toe
349,Intersection of Two Arrays,Easy,78.20%,https://leetcode.com/problems/intersection-of-two-arrays
350,Intersection of Two Arrays II,Easy,60.20%,https://leetcode.com/problems/intersection-of-two-arrays-ii
351,Android Unlock Patterns,Medium,54.10%,https://leetcode.com/problems/android-unlock-patterns
352,Data Stream as Disjoint Intervals,Hard,60.50%,https://leetcode.com/problems/data-stream-as-disjoint-intervals
353,Design Snake Game,Medium,40.10%,https://leetcode.com/problems/design-snake-game
354,Russian Doll Envelopes,Hard,38.10%,https://leetcode.com/problems/russian-doll-envelopes
355,Design Twitter,Medium,45.40%,https://leetcode.com/problems/design-twitter
356,Line Reflection,Medium,36.40%,https://leetcode.com/problems/line-reflection
357,Count Numbers with Unique Digits,Medium,56.10%,https://leetcode.com/problems/count-numbers-with-unique-digits
358,Rearrange String k Distance Apart,Hard,40.00%,https://leetcode.com/problems/rearrange-string-k-distance-apart
359,Logger Rate Limiter,Easy,76.90%,https://leetcode.com/problems/logger-rate-limiter
360,Sort Transformed Array,Medium,58.30%,https://leetcode.com/problems/sort-transformed-array
361,Bomb Enemy,Medium,52.90%,https://leetcode.com/problems/bomb-enemy
362,Design Hit Counter,Medium,69.70%,https://leetcode.com/problems/design-hit-counter
363,Max Sum of Rectangle No Larger Than K,Hard,45.90%,https://leetcode.com/problems/max-sum-of-rectangle-no-larger-than-k
364,Nested List Weight Sum II,Medium,67.10%,https://leetcode.com/problems/nested-list-weight-sum-ii
365,Water and Jug Problem,Medium,46.20%,https://leetcode.com/problems/water-and-jug-problem
366,Find Leaves of Binary Tree,Medium,81.40%,https://leetcode.com/problems/find-leaves-of-binary-tree
367,Valid Perfect Square,Easy,45.10%,https://leetcode.com/problems/valid-perfect-square
368,Largest Divisible Subset,Medium,50.00%,https://leetcode.com/problems/largest-divisible-subset
369,Plus One Linked List,Medium,61.20%,https://leetcode.com/problems/plus-one-linked-list
370,Range Addition,Medium,73.10%,https://leetcode.com/problems/range-addition
371,Sum of Two Integers,Medium,55.90%,https://leetcode.com/problems/sum-of-two-integers
372,Super Pow,Medium,37.40%,https://leetcode.com/problems/super-pow
373,Find K Pairs with Smallest Sums,Medium,42.30%,https://leetcode.com/problems/find-k-pairs-with-smallest-sums
374,Guess Number Higher or Lower,Easy,58.20%,https://leetcode.com/problems/guess-number-higher-or-lower
375,Guess Number Higher or Lower II,Medium,53.40%,https://leetcode.com/problems/guess-number-higher-or-lower-ii
376,Wiggle Subsequence,Medium,49.70%,https://leetcode.com/problems/wiggle-subsequence
377,Combination Sum IV,Medium,55.30%,https://leetcode.com/problems/combination-sum-iv
378,Kth Smallest Element in a Sorted Matrix,Medium,65.00%,https://leetcode.com/problems/kth-smallest-element-in-a-sorted-matrix
379,Design Phone Directory,Medium,53.20%,https://leetcode.com/problems/design-phone-directory
380,Insert Delete GetRandom O(1),Medium,55.50%,https://leetcode.com/problems/insert-delete-getrandom-o1
381,Insert Delete GetRandom O(1) - Duplicates allowed,Hard,36.90%,https://leetcode.com/problems/insert-delete-getrandom-o1-duplicates-allowed
382,Linked List Random Node,Medium,65.10%,https://leetcode.com/problems/linked-list-random-node
383,Ransom Note,Easy,66.30%,https://leetcode.com/problems/ransom-note
384,Shuffle an Array,Medium,60.00%,https://leetcode.com/problems/shuffle-an-array
385,Mini Parser,Medium,43.40%,https://leetcode.com/problems/mini-parser
386,Lexicographical Numbers,Medium,76.40%,https://leetcode.com/problems/lexicographical-numbers
387,First Unique Character in a String,Easy,66.20%,https://leetcode.com/problems/first-unique-character-in-a-string
388,Longest Absolute File Path,Medium,49.80%,https://leetcode.com/problems/longest-absolute-file-path
389,Find the Difference,Easy,60.60%,https://leetcode.com/problems/find-the-difference
390,Elimination Game,Medium,46.70%,https://leetcode.com/problems/elimination-game
391,Perfect Rectangle,Hard,38.90%,https://leetcode.com/problems/perfect-rectangle
392,Is Subsequence,Easy,49.40%,https://leetcode.com/problems/is-subsequence
393,UTF-8 Validation,Medium,46.60%,https://leetcode.com/problems/utf-8-validation
394,Decode String,Medium,63.10%,https://leetcode.com/problems/decode-string
395,Longest Substring with At Least K Repeating Characters,Medium,46.60%,https://leetcode.com/problems/longest-substring-with-at-least-k-repeating-characters
396,Rotate Function,Medium,54.10%,https://leetcode.com/problems/rotate-function
397,Integer Replacement,Medium,37.90%,https://leetcode.com/problems/integer-replacement
398,Random Pick Index,Medium,65.10%,https://leetcode.com/problems/random-pick-index
399,Evaluate Division,Medium,64.50%,https://leetcode.com/problems/evaluate-division
400,Nth Digit,Medium,38.80%,https://leetcode.com/problems/nth-digit
401,Binary Watch,Easy,66.10%,https://leetcode.com/problems/binary-watch
402,Remove K Digits,Medium,37.50%,https://leetcode.com/problems/remove-k-digits
403,Frog Jump,Hard,47.60%,https://leetcode.com/problems/frog-jump
404,Sum of Left Leaves,Easy,63.00%,https://leetcode.com/problems/sum-of-left-leaves
405,Convert a Number to Hexadecimal,Easy,54.80%,https://leetcode.com/problems/convert-a-number-to-hexadecimal
406,Queue Reconstruction by Height,Medium,75.00%,https://leetcode.com/problems/queue-reconstruction-by-height
407,Trapping Rain Water II,Hard,64.20%,https://leetcode.com/problems/trapping-rain-water-ii
408,Valid Word Abbreviation,Easy,37.10%,https://leetcode.com/problems/valid-word-abbreviation
409,Longest Palindrome,Easy,56.20%,https://leetcode.com/problems/longest-palindrome
410,Split Array Largest Sum,Hard,61.30%,https://leetcode.com/problems/split-array-largest-sum
411,Minimum Unique Word Abbreviation,Hard,40.60%,https://leetcode.com/problems/minimum-unique-word-abbreviation
412,Fizz Buzz,Easy,75.80%,https://leetcode.com/problems/fizz-buzz
413,Arithmetic Slices,Medium,64.90%,https://leetcode.com/problems/arithmetic-slices
414,Third Maximum Number,Easy,40.20%,https://leetcode.com/problems/third-maximum-number
415,Add Strings,Easy,52.20%,https://leetcode.com/problems/add-strings
416,Partition Equal Subset Sum,Medium,49.90%,https://leetcode.com/problems/partition-equal-subset-sum
417,Pacific Atlantic Water Flow,Medium,61.40%,https://leetcode.com/problems/pacific-atlantic-water-flow
418,Sentence Screen Fitting,Medium,36.40%,https://leetcode.com/problems/sentence-screen-fitting
419,Battleships in a Board,Medium,77.80%,https://leetcode.com/problems/battleships-in-a-board
420,Strong Password Checker,Hard,16.30%,https://leetcode.com/problems/strong-password-checker
421,Maximum XOR of Two Numbers in an Array,Medium,53.70%,https://leetcode.com/problems/maximum-xor-of-two-numbers-in-an-array
422,Valid Word Square,Easy,42.90%,https://leetcode.com/problems/valid-word-square
423,Reconstruct Original Digits from English,Medium,53.30%,https://leetcode.com/problems/reconstruct-original-digits-from-english
424,Longest Repeating Character Replacement,Medium,60.50%,https://leetcode.com/problems/longest-repeating-character-replacement
425,Word Squares,Hard,54.70%,https://leetcode.com/problems/word-squares
426,Convert Binary Search Tree to Sorted Doubly Linked List,Medium,65.60%,https://leetcode.com/problems/convert-binary-search-tree-to-sorted-doubly-linked-list
427,Construct Quad Tree,Medium,78.60%,https://leetcode.com/problems/construct-quad-tree
428,Serialize and Deserialize N-ary Tree,Hard,68.90%,https://leetcode.com/problems/serialize-and-deserialize-n-ary-tree
429,N-ary Tree Level Order Traversal,Medium,71.60%,https://leetcode.com/problems/n-ary-tree-level-order-traversal
430,Flatten a Multilevel Doubly Linked List,Medium,63.30%,https://leetcode.com/problems/flatten-a-multilevel-doubly-linked-list
431,Encode N-ary Tree to Binary Tree,Hard,80.70%,https://leetcode.com/problems/encode-n-ary-tree-to-binary-tree
432,All O\`one Data Structure,Hard,44.50%,https://leetcode.com/problems/all-oone-data-structure
433,Minimum Genetic Mutation,Medium,57.10%,https://leetcode.com/problems/minimum-genetic-mutation
434,Number of Segments in a String,Easy,37.70%,https://leetcode.com/problems/number-of-segments-in-a-string
435,Non-overlapping Intervals,Medium,57.60%,https://leetcode.com/problems/non-overlapping-intervals
436,Find Right Interval,Medium,56.40%,https://leetcode.com/problems/find-right-interval
437,Path Sum III,Medium,46.60%,https://leetcode.com/problems/path-sum-iii
438,Find All Anagrams in a String,Medium,54.40%,https://leetcode.com/problems/find-all-anagrams-in-a-string
439,Ternary Expression Parser,Medium,62.70%,https://leetcode.com/problems/ternary-expression-parser
440,K-th Smallest in Lexicographical Order,Hard,46.50%,https://leetcode.com/problems/k-th-smallest-in-lexicographical-order
441,Arranging Coins,Easy,48.50%,https://leetcode.com/problems/arranging-coins
442,Find All Duplicates in an Array,Medium,77.10%,https://leetcode.com/problems/find-all-duplicates-in-an-array
443,String Compression,Medium,60.60%,https://leetcode.com/problems/string-compression
444,Sequence Reconstruction,Medium,31.10%,https://leetcode.com/problems/sequence-reconstruction
445,Add Two Numbers II,Medium,63.00%,https://leetcode.com/problems/add-two-numbers-ii
446,Arithmetic Slices II - Subsequence,Hard,55.20%,https://leetcode.com/problems/arithmetic-slices-ii-subsequence
447,Number of Boomerangs,Medium,58.00%,https://leetcode.com/problems/number-of-boomerangs
448,Find All Numbers Disappeared in an Array,Easy,64.60%,https://leetcode.com/problems/find-all-numbers-disappeared-in-an-array
449,Serialize and Deserialize BST,Medium,60.00%,https://leetcode.com/problems/serialize-and-deserialize-bst
450,Delete Node in a BST,Medium,55.30%,https://leetcode.com/problems/delete-node-in-a-bst
451,Sort Characters By Frequency,Medium,75.70%,https://leetcode.com/problems/sort-characters-by-frequency
452,Minimum Number of Arrows to Burst Balloons,Medium,61.80%,https://leetcode.com/problems/minimum-number-of-arrows-to-burst-balloons
453,Minimum Moves to Equal Array Elements,Medium,59.00%,https://leetcode.com/problems/minimum-moves-to-equal-array-elements
454,4Sum II,Medium,58.10%,https://leetcode.com/problems/4sum-ii
455,Assign Cookies,Easy,55.40%,https://leetcode.com/problems/assign-cookies
456,132 Pattern,Medium,35.00%,https://leetcode.com/problems/132-pattern
457,Circular Array Loop,Medium,38.30%,https://leetcode.com/problems/circular-array-loop
458,Poor Pigs,Hard,59.20%,https://leetcode.com/problems/poor-pigs
459,Repeated Substring Pattern,Easy,48.70%,https://leetcode.com/problems/repeated-substring-pattern
460,LFU Cache,Hard,50.10%,https://leetcode.com/problems/lfu-cache
461,Hamming Distance,Easy,77.00%,https://leetcode.com/problems/hamming-distance
462,Minimum Moves to Equal Array Elements II,Medium,62.30%,https://leetcode.com/problems/minimum-moves-to-equal-array-elements-ii
463,Island Perimeter,Easy,74.30%,https://leetcode.com/problems/island-perimeter
464,Can I Win,Medium,31.70%,https://leetcode.com/problems/can-i-win
465,Optimal Account Balancing,Hard,50.60%,https://leetcode.com/problems/optimal-account-balancing
466,Count The Repetitions,Hard,35.70%,https://leetcode.com/problems/count-the-repetitions
467,Unique Substrings in Wraparound String,Medium,43.80%,https://leetcode.com/problems/unique-substrings-in-wraparound-string
468,Validate IP Address,Medium,28.50%,https://leetcode.com/problems/validate-ip-address
469,Convex Polygon,Medium,40.30%,https://leetcode.com/problems/convex-polygon
470,Implement Rand10() Using Rand7(),Medium,46.60%,https://leetcode.com/problems/implement-rand10-using-rand7
471,Encode String with Shortest Length,Hard,50.60%,https://leetcode.com/problems/encode-string-with-shortest-length
472,Concatenated Words,Hard,49.90%,https://leetcode.com/problems/concatenated-words
473,Matchsticks to Square,Medium,42.20%,https://leetcode.com/problems/matchsticks-to-square
474,Ones and Zeroes,Medium,53.70%,https://leetcode.com/problems/ones-and-zeroes
475,Heaters,Medium,42.50%,https://leetcode.com/problems/heaters
476,Number Complement,Easy,70.50%,https://leetcode.com/problems/number-complement
477,Total Hamming Distance,Medium,55.40%,https://leetcode.com/problems/total-hamming-distance
478,Generate Random Point in a Circle,Medium,43.60%,https://leetcode.com/problems/generate-random-point-in-a-circle
479,Largest Palindrome Product,Hard,39.70%,https://leetcode.com/problems/largest-palindrome-product
480,Sliding Window Median,Hard,39.10%,https://leetcode.com/problems/sliding-window-median
481,Magical String,Medium,56.20%,https://leetcode.com/problems/magical-string
482,License Key Formatting,Easy,46.50%,https://leetcode.com/problems/license-key-formatting
483,Smallest Good Base,Hard,47.20%,https://leetcode.com/problems/smallest-good-base
484,Find Permutation,Medium,66.70%,https://leetcode.com/problems/find-permutation
485,Max Consecutive Ones,Easy,66.00%,https://leetcode.com/problems/max-consecutive-ones
486,Predict the Winner,Medium,59.90%,https://leetcode.com/problems/predict-the-winner
487,Max Consecutive Ones II,Medium,52.10%,https://leetcode.com/problems/max-consecutive-ones-ii
488,Zuma Game,Hard,29.30%,https://leetcode.com/problems/zuma-game
489,Robot Room Cleaner,Hard,78.00%,https://leetcode.com/problems/robot-room-cleaner
490,The Maze,Medium,60.50%,https://leetcode.com/problems/the-maze
491,Non-decreasing Subsequences,Medium,63.00%,https://leetcode.com/problems/non-decreasing-subsequences
492,Construct the Rectangle,Easy,64.90%,https://leetcode.com/problems/construct-the-rectangle
493,Reverse Pairs,Hard,35.00%,https://leetcode.com/problems/reverse-pairs
494,Target Sum,Medium,52.80%,https://leetcode.com/problems/target-sum
495,Teemo Attacking,Easy,58.00%,https://leetcode.com/problems/teemo-attacking
496,Next Greater Element I,Easy,76.70%,https://leetcode.com/problems/next-greater-element-i
497,Random Point in Non-overlapping Rectangles,Medium,40.50%,https://leetcode.com/problems/random-point-in-non-overlapping-rectangles
498,Diagonal Traverse,Medium,67.40%,https://leetcode.com/problems/diagonal-traverse
499,The Maze III,Hard,52.60%,https://leetcode.com/problems/the-maze-iii
500,Keyboard Row,Easy,74.30%,https://leetcode.com/problems/keyboard-row
501,Find Mode in Binary Search Tree,Easy,59.30%,https://leetcode.com/problems/find-mode-in-binary-search-tree
502,IPO,Hard,53.70%,https://leetcode.com/problems/ipo
503,Next Greater Element II,Medium,69.00%,https://leetcode.com/problems/next-greater-element-ii
504,Base 7,Easy,55.10%,https://leetcode.com/problems/base-7
505,The Maze II,Medium,55.20%,https://leetcode.com/problems/the-maze-ii
506,Relative Ranks,Easy,75.10%,https://leetcode.com/problems/relative-ranks
507,Perfect Number,Easy,50.00%,https://leetcode.com/problems/perfect-number
508,Most Frequent Subtree Sum,Medium,69.60%,https://leetcode.com/problems/most-frequent-subtree-sum
509,Fibonacci Number,Easy,74.60%,https://leetcode.com/problems/fibonacci-number
510,Inorder Successor in BST II,Medium,61.10%,https://leetcode.com/problems/inorder-successor-in-bst-ii
511,Game Play Analysis I,Easy,76.60%,https://leetcode.com/problems/game-play-analysis-i
512,Game Play Analysis II,Easy,54.80%,https://leetcode.com/problems/game-play-analysis-ii
513,Find Bottom Left Tree Value,Medium,72.50%,https://leetcode.com/problems/find-bottom-left-tree-value
514,Freedom Trail,Hard,59.50%,https://leetcode.com/problems/freedom-trail
515,Find Largest Value in Each Tree Row,Medium,66.40%,https://leetcode.com/problems/find-largest-value-in-each-tree-row
516,Longest Palindromic Subsequence,Medium,65.80%,https://leetcode.com/problems/longest-palindromic-subsequence
517,Super Washing Machines,Hard,45.30%,https://leetcode.com/problems/super-washing-machines
518,Coin Change II,Medium,59.30%,https://leetcode.com/problems/coin-change-ii
519,Random Flip Matrix,Medium,46.70%,https://leetcode.com/problems/random-flip-matrix
520,Detect Capital,Easy,57.00%,https://leetcode.com/problems/detect-capital
521,Longest Uncommon Subsequence I,Easy,62.60%,https://leetcode.com/problems/longest-uncommon-subsequence-i
522,Longest Uncommon Subsequence II,Medium,45.50%,https://leetcode.com/problems/longest-uncommon-subsequence-ii
523,Continuous Subarray Sum,Medium,31.60%,https://leetcode.com/problems/continuous-subarray-sum
524,Longest Word in Dictionary through Deleting,Medium,53.00%,https://leetcode.com/problems/longest-word-in-dictionary-through-deleting
525,Contiguous Array,Medium,52.20%,https://leetcode.com/problems/contiguous-array
526,Beautiful Arrangement,Medium,64.90%,https://leetcode.com/problems/beautiful-arrangement
527,Word Abbreviation,Hard,62.70%,https://leetcode.com/problems/word-abbreviation
528,Random Pick with Weight,Medium,49.20%,https://leetcode.com/problems/random-pick-with-weight
529,Minesweeper,Medium,68.90%,https://leetcode.com/problems/minesweeper
530,Minimum Absolute Difference in BST,Easy,59.70%,https://leetcode.com/problems/minimum-absolute-difference-in-bst
531,Lonely Pixel I,Medium,62.70%,https://leetcode.com/problems/lonely-pixel-i
532,K-diff Pairs in an Array,Medium,46.30%,https://leetcode.com/problems/k-diff-pairs-in-an-array
533,Lonely Pixel II,Medium,48.90%,https://leetcode.com/problems/lonely-pixel-ii
534,Game Play Analysis III,Medium,81.30%,https://leetcode.com/problems/game-play-analysis-iii
535,Encode and Decode TinyURL,Medium,86.60%,https://leetcode.com/problems/encode-and-decode-tinyurl
536,Construct Binary Tree from String,Medium,58.70%,https://leetcode.com/problems/construct-binary-tree-from-string
537,Complex Number Multiplication,Medium,73.80%,https://leetcode.com/problems/complex-number-multiplication
538,Convert BST to Greater Tree,Medium,71.90%,https://leetcode.com/problems/convert-bst-to-greater-tree
539,Minimum Time Difference,Medium,62.70%,https://leetcode.com/problems/minimum-time-difference
540,Single Element in a Sorted Array,Medium,59.40%,https://leetcode.com/problems/single-element-in-a-sorted-array
541,Reverse String II,Easy,54.40%,https://leetcode.com/problems/reverse-string-ii
542,01 Matrix,Medium,54.80%,https://leetcode.com/problems/01-matrix
543,Diameter of Binary Tree,Easy,66.10%,https://leetcode.com/problems/diameter-of-binary-tree
544,Output Contest Matches,Medium,77.50%,https://leetcode.com/problems/output-contest-matches
545,Boundary of Binary Tree,Medium,48.20%,https://leetcode.com/problems/boundary-of-binary-tree
546,Remove Boxes,Hard,49.70%,https://leetcode.com/problems/remove-boxes
547,Number of Provinces,Medium,71.00%,https://leetcode.com/problems/number-of-provinces
548,Split Array with Equal Sum,Hard,50.10%,https://leetcode.com/problems/split-array-with-equal-sum
549,Binary Tree Longest Consecutive Sequence II,Medium,50.20%,https://leetcode.com/problems/binary-tree-longest-consecutive-sequence-ii
550,Game Play Analysis IV,Medium,42.20%,https://leetcode.com/problems/game-play-analysis-iv
551,Student Attendance Record I,Easy,50.40%,https://leetcode.com/problems/student-attendance-record-i
552,Student Attendance Record II,Hard,56.90%,https://leetcode.com/problems/student-attendance-record-ii
553,Optimal Division,Medium,63.60%,https://leetcode.com/problems/optimal-division
554,Brick Wall,Medium,56.10%,https://leetcode.com/problems/brick-wall
555,Split Concatenated Strings,Medium,43.50%,https://leetcode.com/problems/split-concatenated-strings
556,Next Greater Element III,Medium,35.60%,https://leetcode.com/problems/next-greater-element-iii
557,Reverse Words in a String III,Easy,84.10%,https://leetcode.com/problems/reverse-words-in-a-string-iii
558,Logical OR of Two Binary Grids Represented as Quad-Trees,Medium,53.40%,https://leetcode.com/problems/logical-or-of-two-binary-grids-represented-as-quad-trees
559,Maximum Depth of N-ary Tree,Easy,73.80%,https://leetcode.com/problems/maximum-depth-of-n-ary-tree
560,Subarray Sum Equals K,Medium,48.00%,https://leetcode.com/problems/subarray-sum-equals-k
561,Array Partition,Easy,82.10%,https://leetcode.com/problems/array-partition
562,Longest Line of Consecutive One in Matrix,Medium,50.60%,https://leetcode.com/problems/longest-line-of-consecutive-one-in-matrix
563,Binary Tree Tilt,Easy,66.30%,https://leetcode.com/problems/binary-tree-tilt
564,Find the Closest Palindrome,Hard,32.10%,https://leetcode.com/problems/find-the-closest-palindrome
565,Array Nesting,Medium,56.90%,https://leetcode.com/problems/array-nesting
566,Reshape the Matrix,Easy,65.50%,https://leetcode.com/problems/reshape-the-matrix
567,Permutation in String,Medium,49.60%,https://leetcode.com/problems/permutation-in-string
568,Maximum Vacation Days,Hard,46.80%,https://leetcode.com/problems/maximum-vacation-days
569,Median Employee Salary,Hard,65.80%,https://leetcode.com/problems/median-employee-salary
570,Managers with at Least 5 Direct Reports,Medium,49.40%,https://leetcode.com/problems/managers-with-at-least-5-direct-reports
571,Find Median Given Frequency of Numbers,Hard,42.20%,https://leetcode.com/problems/find-median-given-frequency-of-numbers
572,Subtree of Another Tree,Easy,52.10%,https://leetcode.com/problems/subtree-of-another-tree
573,Squirrel Simulation,Medium,57.40%,https://leetcode.com/problems/squirrel-simulation
574,Winning Candidate,Medium,62.80%,https://leetcode.com/problems/winning-candidate
575,Distribute Candies,Easy,71.60%,https://leetcode.com/problems/distribute-candies
576,Out of Boundary Paths,Medium,48.60%,https://leetcode.com/problems/out-of-boundary-paths
577,Employee Bonus,Easy,78.00%,https://leetcode.com/problems/employee-bonus
578,Get Highest Answer Rate Question,Medium,40.00%,https://leetcode.com/problems/get-highest-answer-rate-question
579,Find Cumulative Salary of an Employee,Hard,49.60%,https://leetcode.com/problems/find-cumulative-salary-of-an-employee
580,Count Student Number in Departments,Medium,60.00%,https://leetcode.com/problems/count-student-number-in-departments
581,Shortest Unsorted Continuous Subarray,Medium,38.60%,https://leetcode.com/problems/shortest-unsorted-continuous-subarray
582,Kill Process,Medium,70.70%,https://leetcode.com/problems/kill-process
583,Delete Operation for Two Strings,Medium,66.20%,https://leetcode.com/problems/delete-operation-for-two-strings
584,Find Customer Referee,Easy,73.40%,https://leetcode.com/problems/find-customer-referee
585,Investments in 2016,Medium,51.70%,https://leetcode.com/problems/investments-in-2016
586,Customer Placing the Largest Number of Orders,Easy,64.70%,https://leetcode.com/problems/customer-placing-the-largest-number-of-orders
587,Erect the Fence,Hard,53.40%,https://leetcode.com/problems/erect-the-fence
588,Design In-Memory File System,Hard,48.30%,https://leetcode.com/problems/design-in-memory-file-system
589,N-ary Tree Preorder Traversal,Easy,76.90%,https://leetcode.com/problems/n-ary-tree-preorder-traversal
590,N-ary Tree Postorder Traversal,Easy,81.20%,https://leetcode.com/problems/n-ary-tree-postorder-traversal
591,Tag Validator,Hard,41.40%,https://leetcode.com/problems/tag-validator
592,Fraction Addition and Subtraction,Medium,66.60%,https://leetcode.com/problems/fraction-addition-and-subtraction
593,Valid Square,Medium,45.50%,https://leetcode.com/problems/valid-square
594,Longest Harmonious Subsequence,Easy,65.00%,https://leetcode.com/problems/longest-harmonious-subsequence
595,Big Countries,Easy,68.80%,https://leetcode.com/problems/big-countries
596,Classes With at Least 5 Students,Easy,64.70%,https://leetcode.com/problems/classes-with-at-least-5-students
597,Friend Requests I: Overall Acceptance Rate,Easy,41.00%,https://leetcode.com/problems/friend-requests-i-overall-acceptance-rate
598,Range Addition II,Easy,59.20%,https://leetcode.com/problems/range-addition-ii
599,Minimum Index Sum of Two Lists,Easy,60.40%,https://leetcode.com/problems/minimum-index-sum-of-two-lists
600,Non-negative Integers without Consecutive Ones,Hard,43.20%,https://leetcode.com/problems/non-negative-integers-without-consecutive-ones
601,Human Traffic of Stadium,Hard,52.00%,https://leetcode.com/problems/human-traffic-of-stadium
602,Friend Requests II: Who Has the Most Friends,Medium,63.50%,https://leetcode.com/problems/friend-requests-ii-who-has-the-most-friends
603,Consecutive Available Seats,Easy,64.90%,https://leetcode.com/problems/consecutive-available-seats
604,Design Compressed String Iterator,Easy,40.50%,https://leetcode.com/problems/design-compressed-string-iterator
605,Can Place Flowers,Easy,29.30%,https://leetcode.com/problems/can-place-flowers
606,Construct String from Binary Tree,Medium,70.90%,https://leetcode.com/problems/construct-string-from-binary-tree
607,Sales Person,Easy,66.30%,https://leetcode.com/problems/sales-person
608,Tree Node,Medium,76.30%,https://leetcode.com/problems/tree-node
609,Find Duplicate File in System,Medium,67.50%,https://leetcode.com/problems/find-duplicate-file-in-system
610,Triangle Judgement,Easy,75.10%,https://leetcode.com/problems/triangle-judgement
611,Valid Triangle Number,Medium,57.20%,https://leetcode.com/problems/valid-triangle-number
612,Shortest Distance in a Plane,Medium,60.90%,https://leetcode.com/problems/shortest-distance-in-a-plane
613,Shortest Distance in a Line,Easy,79.60%,https://leetcode.com/problems/shortest-distance-in-a-line
614,Second Degree Follower,Medium,40.90%,https://leetcode.com/problems/second-degree-follower
615,Average Salary: Departments VS Company,Hard,56.60%,https://leetcode.com/problems/average-salary-departments-vs-company
616,Add Bold Tag in String,Medium,51.50%,https://leetcode.com/problems/add-bold-tag-in-string
617,Merge Two Binary Trees,Easy,79.20%,https://leetcode.com/problems/merge-two-binary-trees
618,Students Report By Geography,Hard,63.50%,https://leetcode.com/problems/students-report-by-geography
619,Biggest Single Number,Easy,72.00%,https://leetcode.com/problems/biggest-single-number
620,Not Boring Movies,Easy,75.20%,https://leetcode.com/problems/not-boring-movies
621,Task Scheduler,Medium,63.70%,https://leetcode.com/problems/task-scheduler
622,Design Circular Queue,Medium,55.30%,https://leetcode.com/problems/design-circular-queue
623,Add One Row to Tree,Medium,64.20%,https://leetcode.com/problems/add-one-row-to-tree
624,Maximum Distance in Arrays,Medium,45.60%,https://leetcode.com/problems/maximum-distance-in-arrays
625,Minimum Factorization,Medium,34.10%,https://leetcode.com/problems/minimum-factorization
626,Exchange Seats,Medium,74.70%,https://leetcode.com/problems/exchange-seats
627,Swap Sex of Employees,Easy,84.90%,https://leetcode.com/problems/swap-sex-of-employees
628,Maximum Product of Three Numbers,Easy,48.20%,https://leetcode.com/problems/maximum-product-of-three-numbers
629,K Inverse Pairs Array,Hard,49.00%,https://leetcode.com/problems/k-inverse-pairs-array
630,Course Schedule III,Hard,42.10%,https://leetcode.com/problems/course-schedule-iii
631,Design Excel Sum Formula,Hard,39.50%,https://leetcode.com/problems/design-excel-sum-formula
632,Smallest Range Covering Elements from K Lists,Hard,70.30%,https://leetcode.com/problems/smallest-range-covering-elements-from-k-lists
633,Sum of Square Numbers,Medium,37.00%,https://leetcode.com/problems/sum-of-square-numbers
634,Find the Derangement of An Array,Medium,41.60%,https://leetcode.com/problems/find-the-derangement-of-an-array
635,Design Log Storage System,Medium,59.70%,https://leetcode.com/problems/design-log-storage-system
636,Exclusive Time of Functions,Medium,66.20%,https://leetcode.com/problems/exclusive-time-of-functions
637,Average of Levels in Binary Tree,Easy,75.20%,https://leetcode.com/problems/average-of-levels-in-binary-tree
638,Shopping Offers,Medium,52.70%,https://leetcode.com/problems/shopping-offers
639,Decode Ways II,Hard,32.20%,https://leetcode.com/problems/decode-ways-ii
640,Solve the Equation,Medium,46.60%,https://leetcode.com/problems/solve-the-equation
641,Design Circular Deque,Medium,64.90%,https://leetcode.com/problems/design-circular-deque
642,Design Search Autocomplete System,Hard,50.10%,https://leetcode.com/problems/design-search-autocomplete-system
643,Maximum Average Subarray I,Easy,49.00%,https://leetcode.com/problems/maximum-average-subarray-i
644,Maximum Average Subarray II,Hard,37.80%,https://leetcode.com/problems/maximum-average-subarray-ii
645,Set Mismatch,Easy,43.40%,https://leetcode.com/problems/set-mismatch
646,Maximum Length of Pair Chain,Medium,62.10%,https://leetcode.com/problems/maximum-length-of-pair-chain
647,Palindromic Substrings,Medium,73.20%,https://leetcode.com/problems/palindromic-substrings
648,Replace Words,Medium,68.90%,https://leetcode.com/problems/replace-words
649,Dota2 Senate,Medium,50.40%,https://leetcode.com/problems/dota2-senate
650,2 Keys Keyboard,Medium,59.50%,https://leetcode.com/problems/2-keys-keyboard
651,4 Keys Keyboard,Medium,56.50%,https://leetcode.com/problems/4-keys-keyboard
652,Find Duplicate Subtrees,Medium,60.80%,https://leetcode.com/problems/find-duplicate-subtrees
653,Two Sum IV - Input is a BST,Easy,63.60%,https://leetcode.com/problems/two-sum-iv-input-is-a-bst
654,Maximum Binary Tree,Medium,86.40%,https://leetcode.com/problems/maximum-binary-tree
655,Print Binary Tree,Medium,66.90%,https://leetcode.com/problems/print-binary-tree
656,Coin Path,Hard,34.40%,https://leetcode.com/problems/coin-path
657,Robot Return to Origin,Easy,78.20%,https://leetcode.com/problems/robot-return-to-origin
658,Find K Closest Elements,Medium,50.00%,https://leetcode.com/problems/find-k-closest-elements
659,Split Array into Consecutive Subsequences,Medium,52.50%,https://leetcode.com/problems/split-array-into-consecutive-subsequences
660,Remove 9,Hard,57.50%,https://leetcode.com/problems/remove-9
661,Image Smoother,Easy,69.50%,https://leetcode.com/problems/image-smoother
662,Maximum Width of Binary Tree,Medium,46.00%,https://leetcode.com/problems/maximum-width-of-binary-tree
663,Equal Tree Partition,Medium,42.30%,https://leetcode.com/problems/equal-tree-partition
664,Strange Printer,Hard,61.00%,https://leetcode.com/problems/strange-printer
665,Non-decreasing Array,Medium,25.60%,https://leetcode.com/problems/non-decreasing-array
666,Path Sum IV,Medium,62.90%,https://leetcode.com/problems/path-sum-iv
667,Beautiful Arrangement II,Medium,61.40%,https://leetcode.com/problems/beautiful-arrangement-ii
668,Kth Smallest Number in Multiplication Table,Hard,54.80%,https://leetcode.com/problems/kth-smallest-number-in-multiplication-table
669,Trim a Binary Search Tree,Medium,66.80%,https://leetcode.com/problems/trim-a-binary-search-tree
670,Maximum Swap,Medium,52.10%,https://leetcode.com/problems/maximum-swap
671,Second Minimum Node In a Binary Tree,Easy,46.30%,https://leetcode.com/problems/second-minimum-node-in-a-binary-tree
672,Bulb Switcher II,Medium,50.80%,https://leetcode.com/problems/bulb-switcher-ii
673,Number of Longest Increasing Subsequence,Medium,52.60%,https://leetcode.com/problems/number-of-longest-increasing-subsequence
674,Longest Continuous Increasing Subsequence,Easy,52.40%,https://leetcode.com/problems/longest-continuous-increasing-subsequence
675,Cut Off Trees for Golf Event,Hard,36.80%,https://leetcode.com/problems/cut-off-trees-for-golf-event
676,Implement Magic Dictionary,Medium,58.10%,https://leetcode.com/problems/implement-magic-dictionary
677,Map Sum Pairs,Medium,57.30%,https://leetcode.com/problems/map-sum-pairs
678,Valid Parenthesis String,Medium,40.40%,https://leetcode.com/problems/valid-parenthesis-string
679,24 Game,Hard,59.60%,https://leetcode.com/problems/24-game
680,Valid Palindrome II,Easy,44.60%,https://leetcode.com/problems/valid-palindrome-ii
681,Next Closest Time,Medium,47.00%,https://leetcode.com/problems/next-closest-time
682,Baseball Game,Easy,81.00%,https://leetcode.com/problems/baseball-game
683,K Empty Slots,Hard,38.00%,https://leetcode.com/problems/k-empty-slots
684,Redundant Connection,Medium,68.10%,https://leetcode.com/problems/redundant-connection
685,Redundant Connection II,Hard,36.50%,https://leetcode.com/problems/redundant-connection-ii
686,Repeated String Match,Medium,39.70%,https://leetcode.com/problems/repeated-string-match
687,Longest Univalue Path,Medium,44.40%,https://leetcode.com/problems/longest-univalue-path
688,Knight Probability in Chessboard,Medium,57.30%,https://leetcode.com/problems/knight-probability-in-chessboard
689,Maximum Sum of 3 Non-Overlapping Subarrays,Hard,60.00%,https://leetcode.com/problems/maximum-sum-of-3-non-overlapping-subarrays
690,Employee Importance,Medium,69.70%,https://leetcode.com/problems/employee-importance
691,Stickers to Spell Word,Hard,51.10%,https://leetcode.com/problems/stickers-to-spell-word
692,Top K Frequent Words,Medium,60.50%,https://leetcode.com/problems/top-k-frequent-words
693,Binary Number with Alternating Bits,Easy,70.00%,https://leetcode.com/problems/binary-number-with-alternating-bits
694,Number of Distinct Islands,Medium,62.90%,https://leetcode.com/problems/number-of-distinct-islands
695,Max Area of Island,Medium,74.20%,https://leetcode.com/problems/max-area-of-island
696,Count Binary Substrings,Easy,70.50%,https://leetcode.com/problems/count-binary-substrings
697,Degree of an Array,Easy,58.60%,https://leetcode.com/problems/degree-of-an-array
698,Partition to K Equal Sum Subsets,Medium,38.80%,https://leetcode.com/problems/partition-to-k-equal-sum-subsets
699,Falling Squares,Hard,48.60%,https://leetcode.com/problems/falling-squares
700,Search in a Binary Search Tree,Easy,83.10%,https://leetcode.com/problems/search-in-a-binary-search-tree
701,Insert into a Binary Search Tree,Medium,73.60%,https://leetcode.com/problems/insert-into-a-binary-search-tree
702,Search in a Sorted Array of Unknown Size,Medium,73.20%,https://leetcode.com/problems/search-in-a-sorted-array-of-unknown-size
703,Kth Largest Element in a Stream,Easy,61.50%,https://leetcode.com/problems/kth-largest-element-in-a-stream
704,Binary Search,Easy,61.30%,https://leetcode.com/problems/binary-search
705,Design HashSet,Easy,68.40%,https://leetcode.com/problems/design-hashset
706,Design HashMap,Easy,66.80%,https://leetcode.com/problems/design-hashmap
707,Design Linked List,Medium,30.70%,https://leetcode.com/problems/design-linked-list
708,Insert into a Sorted Circular Linked List,Medium,38.60%,https://leetcode.com/problems/insert-into-a-sorted-circular-linked-list
709,To Lower Case,Easy,85.10%,https://leetcode.com/problems/to-lower-case
710,Random Pick with Blacklist,Hard,35.40%,https://leetcode.com/problems/random-pick-with-blacklist
711,Number of Distinct Islands II,Hard,55.60%,https://leetcode.com/problems/number-of-distinct-islands-ii
712,Minimum ASCII Delete Sum for Two Strings,Medium,71.10%,https://leetcode.com/problems/minimum-ascii-delete-sum-for-two-strings
713,Subarray Product Less Than K,Medium,54.90%,https://leetcode.com/problems/subarray-product-less-than-k
714,Best Time to Buy and Sell Stock with Transaction Fee,Medium,72.50%,https://leetcode.com/problems/best-time-to-buy-and-sell-stock-with-transaction-fee
715,Range Module,Hard,45.40%,https://leetcode.com/problems/range-module
716,Max Stack,Hard,46.00%,https://leetcode.com/problems/max-stack
717,1-bit and 2-bit Characters,Easy,49.70%,https://leetcode.com/problems/1-bit-and-2-bit-characters
718,Maximum Length of Repeated Subarray,Medium,51.50%,https://leetcode.com/problems/maximum-length-of-repeated-subarray
719,Find K-th Smallest Pair Distance,Hard,46.80%,https://leetcode.com/problems/find-k-th-smallest-pair-distance
720,Longest Word in Dictionary,Medium,55.40%,https://leetcode.com/problems/longest-word-in-dictionary
721,Accounts Merge,Medium,61.90%,https://leetcode.com/problems/accounts-merge
722,Remove Comments,Medium,40.40%,https://leetcode.com/problems/remove-comments
723,Candy Crush,Medium,77.60%,https://leetcode.com/problems/candy-crush
724,Find Pivot Index,Easy,63.70%,https://leetcode.com/problems/find-pivot-index
725,Split Linked List in Parts,Medium,70.70%,https://leetcode.com/problems/split-linked-list-in-parts
726,Number of Atoms,Hard,65.20%,https://leetcode.com/problems/number-of-atoms
727,Minimum Window Subsequence,Hard,43.90%,https://leetcode.com/problems/minimum-window-subsequence
728,Self Dividing Numbers,Easy,81.20%,https://leetcode.com/problems/self-dividing-numbers
729,My Calendar I,Medium,58.40%,https://leetcode.com/problems/my-calendar-i
730,Count Different Palindromic Subsequences,Hard,48.20%,https://leetcode.com/problems/count-different-palindromic-subsequences
731,My Calendar II,Medium,63.40%,https://leetcode.com/problems/my-calendar-ii
732,My Calendar III,Hard,72.20%,https://leetcode.com/problems/my-calendar-iii
733,Flood Fill,Easy,68.80%,https://leetcode.com/problems/flood-fill
734,Sentence Similarity,Easy,44.90%,https://leetcode.com/problems/sentence-similarity
735,Asteroid Collision,Medium,48.80%,https://leetcode.com/problems/asteroid-collision
736,Parse Lisp Expression,Hard,54.00%,https://leetcode.com/problems/parse-lisp-expression
737,Sentence Similarity II,Medium,51.40%,https://leetcode.com/problems/sentence-similarity-ii
738,Monotone Increasing Digits,Medium,50.00%,https://leetcode.com/problems/monotone-increasing-digits
739,Daily Temperatures,Medium,69.10%,https://leetcode.com/problems/daily-temperatures
740,Delete and Earn,Medium,57.50%,https://leetcode.com/problems/delete-and-earn
741,Cherry Pickup,Hard,40.30%,https://leetcode.com/problems/cherry-pickup
742,Closest Leaf in a Binary Tree,Medium,47.50%,https://leetcode.com/problems/closest-leaf-in-a-binary-tree
743,Network Delay Time,Medium,61.40%,https://leetcode.com/problems/network-delay-time
744,Find Smallest Letter Greater Than Target,Easy,59.60%,https://leetcode.com/problems/find-smallest-letter-greater-than-target
745,Prefix and Suffix Search,Hard,41.10%,https://leetcode.com/problems/prefix-and-suffix-search
746,Min Cost Climbing Stairs,Easy,68.70%,https://leetcode.com/problems/min-cost-climbing-stairs
747,Largest Number At Least Twice of Others,Easy,53.00%,https://leetcode.com/problems/largest-number-at-least-twice-of-others
748,Shortest Completing Word,Easy,63.70%,https://leetcode.com/problems/shortest-completing-word
749,Contain Virus,Hard,55.80%,https://leetcode.com/problems/contain-virus
750,Number Of Corner Rectangles,Medium,67.90%,https://leetcode.com/problems/number-of-corner-rectangles
751,IP to CIDR,Medium,53.80%,https://leetcode.com/problems/ip-to-cidr
752,Open the Lock,Medium,61.50%,https://leetcode.com/problems/open-the-lock
753,Cracking the Safe,Hard,58.70%,https://leetcode.com/problems/cracking-the-safe
754,Reach a Number,Medium,45.60%,https://leetcode.com/problems/reach-a-number
755,Pour Water,Medium,49.10%,https://leetcode.com/problems/pour-water
756,Pyramid Transition Matrix,Medium,60.60%,https://leetcode.com/problems/pyramid-transition-matrix
757,Set Intersection Size At Least Two,Hard,58.10%,https://leetcode.com/problems/set-intersection-size-at-least-two
758,Bold Words in String,Medium,53.50%,https://leetcode.com/problems/bold-words-in-string
759,Employee Free Time,Hard,73.00%,https://leetcode.com/problems/employee-free-time
760,Find Anagram Mappings,Easy,84.00%,https://leetcode.com/problems/find-anagram-mappings
761,Special Binary String,Hard,79.40%,https://leetcode.com/problems/special-binary-string
762,Prime Number of Set Bits in Binary Representation,Easy,79.00%,https://leetcode.com/problems/prime-number-of-set-bits-in-binary-representation
763,Partition Labels,Medium,82.00%,https://leetcode.com/problems/partition-labels
764,Largest Plus Sign,Medium,49.50%,https://leetcode.com/problems/largest-plus-sign
765,Couples Holding Hands,Hard,59.70%,https://leetcode.com/problems/couples-holding-hands
766,Toeplitz Matrix,Easy,69.80%,https://leetcode.com/problems/toeplitz-matrix
767,Reorganize String,Medium,57.50%,https://leetcode.com/problems/reorganize-string
768,Max Chunks To Make Sorted II,Hard,55.10%,https://leetcode.com/problems/max-chunks-to-make-sorted-ii
769,Max Chunks To Make Sorted,Medium,64.30%,https://leetcode.com/problems/max-chunks-to-make-sorted
770,Basic Calculator IV,Hard,49.80%,https://leetcode.com/problems/basic-calculator-iv
771,Jewels and Stones,Easy,89.60%,https://leetcode.com/problems/jewels-and-stones
772,Basic Calculator III,Hard,53.50%,https://leetcode.com/problems/basic-calculator-iii
773,Sliding Puzzle,Hard,74.60%,https://leetcode.com/problems/sliding-puzzle
774,Minimize Max Distance to Gas Station,Hard,54.10%,https://leetcode.com/problems/minimize-max-distance-to-gas-station
775,Global and Local Inversions,Medium,43.00%,https://leetcode.com/problems/global-and-local-inversions
776,Split BST,Medium,82.10%,https://leetcode.com/problems/split-bst
777,Swap Adjacent in LR String,Medium,38.40%,https://leetcode.com/problems/swap-adjacent-in-lr-string
778,Swim in Rising Water,Hard,68.20%,https://leetcode.com/problems/swim-in-rising-water
779,K-th Symbol in Grammar,Medium,48.60%,https://leetcode.com/problems/k-th-symbol-in-grammar
780,Reaching Points,Hard,34.60%,https://leetcode.com/problems/reaching-points
781,Rabbits in Forest,Medium,58.00%,https://leetcode.com/problems/rabbits-in-forest
782,Transform to Chessboard,Hard,51.70%,https://leetcode.com/problems/transform-to-chessboard
783,Minimum Distance Between BST Nodes,Easy,61.80%,https://leetcode.com/problems/minimum-distance-between-bst-nodes
784,Letter Case Permutation,Medium,76.10%,https://leetcode.com/problems/letter-case-permutation
785,Is Graph Bipartite?,Medium,59.80%,https://leetcode.com/problems/is-graph-bipartite
786,K-th Smallest Prime Fraction,Medium,69.30%,https://leetcode.com/problems/k-th-smallest-prime-fraction
787,Cheapest Flights Within K Stops,Medium,42.50%,https://leetcode.com/problems/cheapest-flights-within-k-stops
788,Rotated Digits,Medium,64.10%,https://leetcode.com/problems/rotated-digits
789,Escape The Ghosts,Medium,64.10%,https://leetcode.com/problems/escape-the-ghosts
790,Domino and Tromino Tiling,Medium,51.30%,https://leetcode.com/problems/domino-and-tromino-tiling
791,Custom Sort String,Medium,72.30%,https://leetcode.com/problems/custom-sort-string
792,Number of Matching Subsequences,Medium,50.60%,https://leetcode.com/problems/number-of-matching-subsequences
793,Preimage Size of Factorial Zeroes Function,Hard,47.60%,https://leetcode.com/problems/preimage-size-of-factorial-zeroes-function
794,Valid Tic-Tac-Toe State,Medium,35.00%,https://leetcode.com/problems/valid-tic-tac-toe-state
795,Number of Subarrays with Bounded Maximum,Medium,55.30%,https://leetcode.com/problems/number-of-subarrays-with-bounded-maximum
796,Rotate String,Easy,66.60%,https://leetcode.com/problems/rotate-string
797,All Paths From Source to Target,Medium,83.80%,https://leetcode.com/problems/all-paths-from-source-to-target
798,Smallest Rotation with Highest Score,Hard,54.60%,https://leetcode.com/problems/smallest-rotation-with-highest-score
799,Champagne Tower,Medium,64.00%,https://leetcode.com/problems/champagne-tower
800,Similar RGB Color,Easy,68.00%,https://leetcode.com/problems/similar-rgb-color
801,Minimum Swaps To Make Sequences Increasing,Hard,41.90%,https://leetcode.com/problems/minimum-swaps-to-make-sequences-increasing
802,Find Eventual Safe States,Medium,71.50%,https://leetcode.com/problems/find-eventual-safe-states
803,Bricks Falling When Hit,Hard,37.80%,https://leetcode.com/problems/bricks-falling-when-hit
804,Unique Morse Code Words,Easy,83.70%,https://leetcode.com/problems/unique-morse-code-words
805,Split Array With Same Average,Hard,27.50%,https://leetcode.com/problems/split-array-with-same-average
806,Number of Lines To Write String,Easy,73.10%,https://leetcode.com/problems/number-of-lines-to-write-string
807,Max Increase to Keep City Skyline,Medium,86.40%,https://leetcode.com/problems/max-increase-to-keep-city-skyline
808,Soup Servings,Medium,59.60%,https://leetcode.com/problems/soup-servings
809,Expressive Words,Medium,47.00%,https://leetcode.com/problems/expressive-words
810,Chalkboard XOR Game,Hard,67.00%,https://leetcode.com/problems/chalkboard-xor-game
811,Subdomain Visit Count,Medium,77.20%,https://leetcode.com/problems/subdomain-visit-count
812,Largest Triangle Area,Easy,72.10%,https://leetcode.com/problems/largest-triangle-area
813,Largest Sum of Averages,Medium,55.40%,https://leetcode.com/problems/largest-sum-of-averages
814,Binary Tree Pruning,Medium,72.60%,https://leetcode.com/problems/binary-tree-pruning
815,Bus Routes,Hard,47.50%,https://leetcode.com/problems/bus-routes
816,Ambiguous Coordinates,Medium,56.40%,https://leetcode.com/problems/ambiguous-coordinates
817,Linked List Components,Medium,58.20%,https://leetcode.com/problems/linked-list-components
818,Race Car,Hard,45.00%,https://leetcode.com/problems/race-car
819,Most Common Word,Easy,45.30%,https://leetcode.com/problems/most-common-word
820,Short Encoding of Words,Medium,61.00%,https://leetcode.com/problems/short-encoding-of-words
821,Shortest Distance to a Character,Easy,73.00%,https://leetcode.com/problems/shortest-distance-to-a-character
822,Card Flipping Game,Medium,50.90%,https://leetcode.com/problems/card-flipping-game
823,Binary Trees With Factors,Medium,53.20%,https://leetcode.com/problems/binary-trees-with-factors
824,Goat Latin,Easy,70.20%,https://leetcode.com/problems/goat-latin
825,Friends Of Appropriate Ages,Medium,50.00%,https://leetcode.com/problems/friends-of-appropriate-ages
826,Most Profit Assigning Work,Medium,56.30%,https://leetcode.com/problems/most-profit-assigning-work
827,Making A Large Island,Hard,57.10%,https://leetcode.com/problems/making-a-large-island
828,Count Unique Characters of All Substrings of a Given String,Hard,54.00%,https://leetcode.com/problems/count-unique-characters-of-all-substrings-of-a-given-string
829,Consecutive Numbers Sum,Hard,42.90%,https://leetcode.com/problems/consecutive-numbers-sum
830,Positions of Large Groups,Easy,54.30%,https://leetcode.com/problems/positions-of-large-groups
831,Masking Personal Information,Medium,56.20%,https://leetcode.com/problems/masking-personal-information
832,Flipping an Image,Easy,84.00%,https://leetcode.com/problems/flipping-an-image
833,Find And Replace in String,Medium,50.70%,https://leetcode.com/problems/find-and-replace-in-string
834,Sum of Distances in Tree,Hard,65.80%,https://leetcode.com/problems/sum-of-distances-in-tree
835,Image Overlap,Medium,64.20%,https://leetcode.com/problems/image-overlap
836,Rectangle Overlap,Easy,47.00%,https://leetcode.com/problems/rectangle-overlap
837,New 21 Game,Medium,52.00%,https://leetcode.com/problems/new-21-game
838,Push Dominoes,Medium,63.10%,https://leetcode.com/problems/push-dominoes
839,Similar String Groups,Hard,56.60%,https://leetcode.com/problems/similar-string-groups
840,Magic Squares In Grid,Medium,55.20%,https://leetcode.com/problems/magic-squares-in-grid
841,Keys and Rooms,Medium,76.20%,https://leetcode.com/problems/keys-and-rooms
842,Split Array into Fibonacci Sequence,Medium,40.60%,https://leetcode.com/problems/split-array-into-fibonacci-sequence
843,Guess the Word,Hard,36.60%,https://leetcode.com/problems/guess-the-word
844,Backspace String Compare,Easy,50.20%,https://leetcode.com/problems/backspace-string-compare
845,Longest Mountain in Array,Medium,42.50%,https://leetcode.com/problems/longest-mountain-in-array
846,Hand of Straights,Medium,58.30%,https://leetcode.com/problems/hand-of-straights
847,Shortest Path Visiting All Nodes,Hard,66.30%,https://leetcode.com/problems/shortest-path-visiting-all-nodes
848,Shifting Letters,Medium,46.50%,https://leetcode.com/problems/shifting-letters
849,Maximize Distance to Closest Person,Medium,50.00%,https://leetcode.com/problems/maximize-distance-to-closest-person
850,Rectangle Area II,Hard,56.60%,https://leetcode.com/problems/rectangle-area-ii
851,Loud and Rich,Medium,64.00%,https://leetcode.com/problems/loud-and-rich
852,Peak Index in a Mountain Array,Medium,66.70%,https://leetcode.com/problems/peak-index-in-a-mountain-array
853,Car Fleet,Medium,55.60%,https://leetcode.com/problems/car-fleet
854,K-Similar Strings,Hard,41.20%,https://leetcode.com/problems/k-similar-strings
855,Exam Room,Medium,43.80%,https://leetcode.com/problems/exam-room
856,Score of Parentheses,Medium,63.50%,https://leetcode.com/problems/score-of-parentheses
857,Minimum Cost to Hire K Workers,Hard,63.80%,https://leetcode.com/problems/minimum-cost-to-hire-k-workers
858,Mirror Reflection,Medium,62.50%,https://leetcode.com/problems/mirror-reflection
859,Buddy Strings,Easy,34.20%,https://leetcode.com/problems/buddy-strings
860,Lemonade Change,Easy,59.40%,https://leetcode.com/problems/lemonade-change
861,Score After Flipping Matrix,Medium,80.30%,https://leetcode.com/problems/score-after-flipping-matrix
862,Shortest Subarray with Sum at Least K,Hard,33.00%,https://leetcode.com/problems/shortest-subarray-with-sum-at-least-k
863,All Nodes Distance K in Binary Tree,Medium,68.00%,https://leetcode.com/problems/all-nodes-distance-k-in-binary-tree
864,Shortest Path to Get All Keys,Hard,55.00%,https://leetcode.com/problems/shortest-path-to-get-all-keys
865,Smallest Subtree with all the Deepest Nodes,Medium,77.70%,https://leetcode.com/problems/smallest-subtree-with-all-the-deepest-nodes
866,Prime Palindrome,Medium,28.50%,https://leetcode.com/problems/prime-palindrome
867,Transpose Matrix,Easy,77.10%,https://leetcode.com/problems/transpose-matrix
868,Binary Gap,Easy,74.40%,https://leetcode.com/problems/binary-gap
869,Reordered Power of 2,Medium,65.90%,https://leetcode.com/problems/reordered-power-of-2
870,Advantage Shuffle,Medium,54.90%,https://leetcode.com/problems/advantage-shuffle
871,Minimum Number of Refueling Stops,Hard,41.80%,https://leetcode.com/problems/minimum-number-of-refueling-stops
872,Leaf-Similar Trees,Easy,70.30%,https://leetcode.com/problems/leaf-similar-trees
873,Length of Longest Fibonacci Subsequence,Medium,57.60%,https://leetcode.com/problems/length-of-longest-fibonacci-subsequence
874,Walking Robot Simulation,Medium,64.60%,https://leetcode.com/problems/walking-robot-simulation
875,Koko Eating Bananas,Medium,50.40%,https://leetcode.com/problems/koko-eating-bananas
876,Middle of the Linked List,Easy,82.30%,https://leetcode.com/problems/middle-of-the-linked-list
877,Stone Game,Medium,77.00%,https://leetcode.com/problems/stone-game
878,Nth Magical Number,Hard,37.10%,https://leetcode.com/problems/nth-magical-number
879,Profitable Schemes,Hard,48.60%,https://leetcode.com/problems/profitable-schemes
880,Decoded String at Index,Medium,37.50%,https://leetcode.com/problems/decoded-string-at-index
881,Boats to Save People,Medium,62.30%,https://leetcode.com/problems/boats-to-save-people
882,Reachable Nodes In Subdivided Graph,Hard,52.80%,https://leetcode.com/problems/reachable-nodes-in-subdivided-graph
883,Projection Area of 3D Shapes,Easy,76.60%,https://leetcode.com/problems/projection-area-of-3d-shapes
884,Uncommon Words from Two Sentences,Easy,75.80%,https://leetcode.com/problems/uncommon-words-from-two-sentences
885,Spiral Matrix III,Medium,84.60%,https://leetcode.com/problems/spiral-matrix-iii
886,Possible Bipartition,Medium,53.00%,https://leetcode.com/problems/possible-bipartition
887,Super Egg Drop,Hard,30.80%,https://leetcode.com/problems/super-egg-drop
888,Fair Candy Swap,Easy,65.50%,https://leetcode.com/problems/fair-candy-swap
889,Construct Binary Tree from Preorder and Postorder Traversal,Medium,78.10%,https://leetcode.com/problems/construct-binary-tree-from-preorder-and-postorder-traversal
890,Find and Replace Pattern,Medium,77.10%,https://leetcode.com/problems/find-and-replace-pattern
891,Sum of Subsequence Widths,Hard,41.10%,https://leetcode.com/problems/sum-of-subsequence-widths
892,Surface Area of 3D Shapes,Easy,71.30%,https://leetcode.com/problems/surface-area-of-3d-shapes
893,Groups of Special-Equivalent Strings,Medium,73.80%,https://leetcode.com/problems/groups-of-special-equivalent-strings
894,All Possible Full Binary Trees,Medium,82.80%,https://leetcode.com/problems/all-possible-full-binary-trees
895,Maximum Frequency Stack,Hard,67.10%,https://leetcode.com/problems/maximum-frequency-stack
896,Monotonic Array,Easy,62.60%,https://leetcode.com/problems/monotonic-array
897,Increasing Order Search Tree,Easy,79.10%,https://leetcode.com/problems/increasing-order-search-tree
898,Bitwise ORs of Subarrays,Medium,57.00%,https://leetcode.com/problems/bitwise-ors-of-subarrays
899,Orderly Queue,Hard,67.20%,https://leetcode.com/problems/orderly-queue
900,RLE Iterator,Medium,59.60%,https://leetcode.com/problems/rle-iterator
901,Online Stock Span,Medium,69.70%,https://leetcode.com/problems/online-stock-span
902,Numbers At Most N Given Digit Set,Hard,45.90%,https://leetcode.com/problems/numbers-at-most-n-given-digit-set
903,Valid Permutations for DI Sequence,Hard,56.70%,https://leetcode.com/problems/valid-permutations-for-di-sequence
904,Fruit Into Baskets,Medium,52.20%,https://leetcode.com/problems/fruit-into-baskets
905,Sort Array By Parity,Easy,76.60%,https://leetcode.com/problems/sort-array-by-parity
906,Super Palindromes,Hard,40.30%,https://leetcode.com/problems/super-palindromes
907,Sum of Subarray Minimums,Medium,39.00%,https://leetcode.com/problems/sum-of-subarray-minimums
908,Smallest Range I,Easy,74.00%,https://leetcode.com/problems/smallest-range-i
909,Snakes and Ladders,Medium,48.20%,https://leetcode.com/problems/snakes-and-ladders
910,Smallest Range II,Medium,38.20%,https://leetcode.com/problems/smallest-range-ii
911,Online Election,Medium,53.10%,https://leetcode.com/problems/online-election
912,Sort an Array,Medium,55.80%,https://leetcode.com/problems/sort-an-array
913,Cat and Mouse,Hard,36.00%,https://leetcode.com/problems/cat-and-mouse
914,X of a Kind in a Deck of Cards,Easy,30.50%,https://leetcode.com/problems/x-of-a-kind-in-a-deck-of-cards
915,Partition Array into Disjoint Intervals,Medium,49.70%,https://leetcode.com/problems/partition-array-into-disjoint-intervals
916,Word Subsets,Medium,56.00%,https://leetcode.com/problems/word-subsets
917,Reverse Only Letters,Easy,69.00%,https://leetcode.com/problems/reverse-only-letters
918,Maximum Sum Circular Subarray,Medium,51.20%,https://leetcode.com/problems/maximum-sum-circular-subarray
919,Complete Binary Tree Inserter,Medium,65.20%,https://leetcode.com/problems/complete-binary-tree-inserter
920,Number of Music Playlists,Hard,60.10%,https://leetcode.com/problems/number-of-music-playlists
921,Minimum Add to Make Parentheses Valid,Medium,74.30%,https://leetcode.com/problems/minimum-add-to-make-parentheses-valid
922,Sort Array By Parity II,Easy,71.40%,https://leetcode.com/problems/sort-array-by-parity-ii
923,3Sum With Multiplicity,Medium,46.50%,https://leetcode.com/problems/3sum-with-multiplicity
924,Minimize Malware Spread,Hard,43.40%,https://leetcode.com/problems/minimize-malware-spread
925,Long Pressed Name,Easy,33.10%,https://leetcode.com/problems/long-pressed-name
926,Flip String to Monotone Increasing,Medium,61.90%,https://leetcode.com/problems/flip-string-to-monotone-increasing
927,Three Equal Parts,Hard,41.60%,https://leetcode.com/problems/three-equal-parts
928,Minimize Malware Spread II,Hard,46.00%,https://leetcode.com/problems/minimize-malware-spread-ii
929,Unique Email Addresses,Easy,68.00%,https://leetcode.com/problems/unique-email-addresses
930,Binary Subarrays With Sum,Medium,69.70%,https://leetcode.com/problems/binary-subarrays-with-sum
931,Minimum Falling Path Sum,Medium,60.80%,https://leetcode.com/problems/minimum-falling-path-sum
932,Beautiful Array,Medium,70.40%,https://leetcode.com/problems/beautiful-array
933,Number of Recent Calls,Easy,78.90%,https://leetcode.com/problems/number-of-recent-calls
934,Shortest Bridge,Medium,59.70%,https://leetcode.com/problems/shortest-bridge
935,Knight Dialer,Medium,62.10%,https://leetcode.com/problems/knight-dialer
936,Stamping The Sequence,Hard,62.40%,https://leetcode.com/problems/stamping-the-sequence
937,Reorder Data in Log Files,Medium,56.80%,https://leetcode.com/problems/reorder-data-in-log-files
938,Range Sum of BST,Easy,87.60%,https://leetcode.com/problems/range-sum-of-bst
939,Minimum Area Rectangle,Medium,55.50%,https://leetcode.com/problems/minimum-area-rectangle
940,Distinct Subsequences II,Hard,44.20%,https://leetcode.com/problems/distinct-subsequences-ii
941,Valid Mountain Array,Easy,35.70%,https://leetcode.com/problems/valid-mountain-array
942,DI String Match,Easy,81.30%,https://leetcode.com/problems/di-string-match
943,Find the Shortest Superstring,Hard,45.70%,https://leetcode.com/problems/find-the-shortest-superstring
944,Delete Columns to Make Sorted,Easy,78.20%,https://leetcode.com/problems/delete-columns-to-make-sorted
945,Minimum Increment to Make Array Unique,Medium,60.80%,https://leetcode.com/problems/minimum-increment-to-make-array-unique
946,Validate Stack Sequences,Medium,70.70%,https://leetcode.com/problems/validate-stack-sequences
947,Most Stones Removed with Same Row or Column,Medium,63.40%,https://leetcode.com/problems/most-stones-removed-with-same-row-or-column
948,Bag of Tokens,Medium,59.90%,https://leetcode.com/problems/bag-of-tokens
949,Largest Time for Given Digits,Medium,36.10%,https://leetcode.com/problems/largest-time-for-given-digits
950,Reveal Cards In Increasing Order,Medium,83.80%,https://leetcode.com/problems/reveal-cards-in-increasing-order
951,Flip Equivalent Binary Trees,Medium,69.50%,https://leetcode.com/problems/flip-equivalent-binary-trees
952,Largest Component Size by Common Factor,Hard,43.80%,https://leetcode.com/problems/largest-component-size-by-common-factor
953,Verifying an Alien Dictionary,Easy,56.10%,https://leetcode.com/problems/verifying-an-alien-dictionary
954,Array of Doubled Pairs,Medium,40.00%,https://leetcode.com/problems/array-of-doubled-pairs
955,Delete Columns to Make Sorted II,Medium,49.70%,https://leetcode.com/problems/delete-columns-to-make-sorted-ii
956,Tallest Billboard,Hard,51.90%,https://leetcode.com/problems/tallest-billboard
957,Prison Cells After N Days,Medium,39.30%,https://leetcode.com/problems/prison-cells-after-n-days
958,Check Completeness of a Binary Tree,Medium,59.50%,https://leetcode.com/problems/check-completeness-of-a-binary-tree
959,Regions Cut By Slashes,Medium,77.50%,https://leetcode.com/problems/regions-cut-by-slashes
960,Delete Columns to Make Sorted III,Hard,72.60%,https://leetcode.com/problems/delete-columns-to-make-sorted-iii
961,N-Repeated Element in Size 2N Array,Easy,80.00%,https://leetcode.com/problems/n-repeated-element-in-size-2n-array
962,Maximum Width Ramp,Medium,55.90%,https://leetcode.com/problems/maximum-width-ramp
963,Minimum Area Rectangle II,Medium,56.00%,https://leetcode.com/problems/minimum-area-rectangle-ii
964,Least Operators to Express Number,Hard,48.50%,https://leetcode.com/problems/least-operators-to-express-number
965,Univalued Binary Tree,Easy,73.30%,https://leetcode.com/problems/univalued-binary-tree
966,Vowel Spellchecker,Medium,61.50%,https://leetcode.com/problems/vowel-spellchecker
967,Numbers With Same Consecutive Differences,Medium,59.30%,https://leetcode.com/problems/numbers-with-same-consecutive-differences
968,Binary Tree Cameras,Hard,48.10%,https://leetcode.com/problems/binary-tree-cameras
969,Pancake Sorting,Medium,71.90%,https://leetcode.com/problems/pancake-sorting
970,Powerful Integers,Medium,44.80%,https://leetcode.com/problems/powerful-integers
971,Flip Binary Tree To Match Preorder Traversal,Medium,52.10%,https://leetcode.com/problems/flip-binary-tree-to-match-preorder-traversal
972,Equal Rational Numbers,Hard,46.80%,https://leetcode.com/problems/equal-rational-numbers
973,K Closest Points to Origin,Medium,69.30%,https://leetcode.com/problems/k-closest-points-to-origin
974,Subarray Sums Divisible by K,Medium,56.70%,https://leetcode.com/problems/subarray-sums-divisible-by-k
975,Odd Even Jump,Hard,41.50%,https://leetcode.com/problems/odd-even-jump
976,Largest Perimeter Triangle,Easy,62.50%,https://leetcode.com/problems/largest-perimeter-triangle
977,Squares of a Sorted Array,Easy,74.10%,https://leetcode.com/problems/squares-of-a-sorted-array
978,Longest Turbulent Subarray,Medium,49.40%,https://leetcode.com/problems/longest-turbulent-subarray
979,Distribute Coins in Binary Tree,Medium,77.30%,https://leetcode.com/problems/distribute-coins-in-binary-tree
980,Unique Paths III,Hard,82.90%,https://leetcode.com/problems/unique-paths-iii
981,Time Based Key-Value Store,Medium,50.10%,https://leetcode.com/problems/time-based-key-value-store
982,Triples with Bitwise AND Equal To Zero,Hard,60.50%,https://leetcode.com/problems/triples-with-bitwise-and-equal-to-zero
983,Minimum Cost For Tickets,Medium,67.50%,https://leetcode.com/problems/minimum-cost-for-tickets
984,String Without AAA or BBB,Medium,45.60%,https://leetcode.com/problems/string-without-aaa-or-bbb
985,Sum of Even Numbers After Queries,Medium,69.00%,https://leetcode.com/problems/sum-of-even-numbers-after-queries
986,Interval List Intersections,Medium,73.20%,https://leetcode.com/problems/interval-list-intersections
987,Vertical Order Traversal of a Binary Tree,Hard,54.60%,https://leetcode.com/problems/vertical-order-traversal-of-a-binary-tree
988,Smallest String Starting From Leaf,Medium,61.40%,https://leetcode.com/problems/smallest-string-starting-from-leaf
989,Add to Array-Form of Integer,Easy,45.70%,https://leetcode.com/problems/add-to-array-form-of-integer
990,Satisfiability of Equality Equations,Medium,52.10%,https://leetcode.com/problems/satisfiability-of-equality-equations
991,Broken Calculator,Medium,56.40%,https://leetcode.com/problems/broken-calculator
992,Subarrays with K Different Integers,Hard,68.90%,https://leetcode.com/problems/subarrays-with-k-different-integers
993,Cousins in Binary Tree,Easy,59.70%,https://leetcode.com/problems/cousins-in-binary-tree
994,Rotting Oranges,Medium,59.30%,https://leetcode.com/problems/rotting-oranges
995,Minimum Number of K Consecutive Bit Flips,Hard,62.40%,https://leetcode.com/problems/minimum-number-of-k-consecutive-bit-flips
996,Number of Squareful Arrays,Hard,51.80%,https://leetcode.com/problems/number-of-squareful-arrays
997,Find the Town Judge,Easy,51.10%,https://leetcode.com/problems/find-the-town-judge
998,Maximum Binary Tree II,Medium,70.90%,https://leetcode.com/problems/maximum-binary-tree-ii
999,Available Captures for Rook,Easy,72.10%,https://leetcode.com/problems/available-captures-for-rook
1000,Minimum Cost to Merge Stones,Hard,46.80%,https://leetcode.com/problems/minimum-cost-to-merge-stones
1001,Grid Illumination,Hard,39.90%,https://leetcode.com/problems/grid-illumination
1002,Find Common Characters,Easy,74.80%,https://leetcode.com/problems/find-common-characters
1003,Check If Word Is Valid After Substitutions,Medium,61.40%,https://leetcode.com/problems/check-if-word-is-valid-after-substitutions
1004,Max Consecutive Ones III,Medium,68.30%,https://leetcode.com/problems/max-consecutive-ones-iii
1005,Maximize Sum Of Array After K Negations,Easy,54.30%,https://leetcode.com/problems/maximize-sum-of-array-after-k-negations
1006,Clumsy Factorial,Medium,61.90%,https://leetcode.com/problems/clumsy-factorial
1007,Minimum Domino Rotations For Equal Row,Medium,56.50%,https://leetcode.com/problems/minimum-domino-rotations-for-equal-row
1008,Construct Binary Search Tree from Preorder Traversal,Medium,84.60%,https://leetcode.com/problems/construct-binary-search-tree-from-preorder-traversal
1009,Complement of Base 10 Integer,Easy,63.40%,https://leetcode.com/problems/complement-of-base-10-integer
1010,Pairs of Songs With Total Durations Divisible by 60,Medium,53.50%,https://leetcode.com/problems/pairs-of-songs-with-total-durations-divisible-by-60
1011,Capacity To Ship Packages Within D Days,Medium,74.60%,https://leetcode.com/problems/capacity-to-ship-packages-within-d-days
1012,Numbers With Repeated Digits,Hard,48.40%,https://leetcode.com/problems/numbers-with-repeated-digits
1013,Partition Array Into Three Parts With Equal Sum,Easy,43.00%,https://leetcode.com/problems/partition-array-into-three-parts-with-equal-sum
1014,Best Sightseeing Pair,Medium,62.70%,https://leetcode.com/problems/best-sightseeing-pair
1015,Smallest Integer Divisible by K,Medium,54.20%,https://leetcode.com/problems/smallest-integer-divisible-by-k
1016,Binary String With Substrings Representing 1 To N,Medium,58.70%,https://leetcode.com/problems/binary-string-with-substrings-representing-1-to-n
1017,Convert to Base -2,Medium,62.40%,https://leetcode.com/problems/convert-to-base-2
1018,Binary Prefix Divisible By 5,Easy,53.70%,https://leetcode.com/problems/binary-prefix-divisible-by-5
1019,Next Greater Node In Linked List,Medium,64.70%,https://leetcode.com/problems/next-greater-node-in-linked-list
1020,Number of Enclaves,Medium,72.20%,https://leetcode.com/problems/number-of-enclaves
1021,Remove Outermost Parentheses,Easy,87.40%,https://leetcode.com/problems/remove-outermost-parentheses
1022,Sum of Root To Leaf Binary Numbers,Easy,76.70%,https://leetcode.com/problems/sum-of-root-to-leaf-binary-numbers
1023,Camelcase Matching,Medium,65.90%,https://leetcode.com/problems/camelcase-matching
1024,Video Stitching,Medium,52.90%,https://leetcode.com/problems/video-stitching
1025,Divisor Game,Easy,72.50%,https://leetcode.com/problems/divisor-game
1026,Maximum Difference Between Node and Ancestor,Medium,78.20%,https://leetcode.com/problems/maximum-difference-between-node-and-ancestor
1027,Longest Arithmetic Subsequence,Medium,50.20%,https://leetcode.com/problems/longest-arithmetic-subsequence
1028,Recover a Tree From Preorder Traversal,Hard,83.20%,https://leetcode.com/problems/recover-a-tree-from-preorder-traversal
1029,Two City Scheduling,Medium,68.90%,https://leetcode.com/problems/two-city-scheduling
1030,Matrix Cells in Distance Order,Easy,74.60%,https://leetcode.com/problems/matrix-cells-in-distance-order
1031,Maximum Sum of Two Non-Overlapping Subarrays,Medium,61.40%,https://leetcode.com/problems/maximum-sum-of-two-non-overlapping-subarrays
1032,Stream of Characters,Hard,52.80%,https://leetcode.com/problems/stream-of-characters
1033,Moving Stones Until Consecutive,Medium,52.60%,https://leetcode.com/problems/moving-stones-until-consecutive
1034,Coloring A Border,Medium,51.60%,https://leetcode.com/problems/coloring-a-border
1035,Uncrossed Lines,Medium,65.50%,https://leetcode.com/problems/uncrossed-lines
1036,Escape a Large Maze,Hard,37.10%,https://leetcode.com/problems/escape-a-large-maze
1037,Valid Boomerang,Easy,40.10%,https://leetcode.com/problems/valid-boomerang
1038,Binary Search Tree to Greater Sum Tree,Medium,88.40%,https://leetcode.com/problems/binary-search-tree-to-greater-sum-tree
1039,Minimum Score Triangulation of Polygon,Medium,67.60%,https://leetcode.com/problems/minimum-score-triangulation-of-polygon
1040,Moving Stones Until Consecutive II,Medium,59.50%,https://leetcode.com/problems/moving-stones-until-consecutive-ii
1041,Robot Bounded In Circle,Medium,56.60%,https://leetcode.com/problems/robot-bounded-in-circle
1042,Flower Planting With No Adjacent,Medium,54.20%,https://leetcode.com/problems/flower-planting-with-no-adjacent
1043,Partition Array for Maximum Sum,Medium,77.60%,https://leetcode.com/problems/partition-array-for-maximum-sum
1044,Longest Duplicate Substring,Hard,31.40%,https://leetcode.com/problems/longest-duplicate-substring
1045,Customers Who Bought All Products,Medium,64.40%,https://leetcode.com/problems/customers-who-bought-all-products
1046,Last Stone Weight,Easy,66.70%,https://leetcode.com/problems/last-stone-weight
1047,Remove All Adjacent Duplicates In String,Easy,73.90%,https://leetcode.com/problems/remove-all-adjacent-duplicates-in-string
1048,Longest String Chain,Medium,63.40%,https://leetcode.com/problems/longest-string-chain
1049,Last Stone Weight II,Medium,60.60%,https://leetcode.com/problems/last-stone-weight-ii
1050,Actors and Directors Who Cooperated At Least Three Times,Easy,71.40%,https://leetcode.com/problems/actors-and-directors-who-cooperated-at-least-three-times
1051,Height Checker,Easy,82.00%,https://leetcode.com/problems/height-checker
1052,Grumpy Bookstore Owner,Medium,64.10%,https://leetcode.com/problems/grumpy-bookstore-owner
1053,Previous Permutation With One Swap,Medium,49.30%,https://leetcode.com/problems/previous-permutation-with-one-swap
1054,Distant Barcodes,Medium,49.40%,https://leetcode.com/problems/distant-barcodes
1055,Shortest Way to Form String,Medium,61.80%,https://leetcode.com/problems/shortest-way-to-form-string
1056,Confusing Number,Easy,49.90%,https://leetcode.com/problems/confusing-number
1057,Campus Bikes,Medium,59.10%,https://leetcode.com/problems/campus-bikes
1058,Minimize Rounding Error to Meet Target,Medium,45.80%,https://leetcode.com/problems/minimize-rounding-error-to-meet-target
1059,All Paths from Source Lead to Destination,Medium,37.30%,https://leetcode.com/problems/all-paths-from-source-lead-to-destination
1060,Missing Element in Sorted Array,Medium,59.70%,https://leetcode.com/problems/missing-element-in-sorted-array
1061,Lexicographically Smallest Equivalent String,Medium,81.10%,https://leetcode.com/problems/lexicographically-smallest-equivalent-string
1062,Longest Repeating Substring,Medium,63.50%,https://leetcode.com/problems/longest-repeating-substring
1063,Number of Valid Subarrays,Hard,79.90%,https://leetcode.com/problems/number-of-valid-subarrays
1064,Fixed Point,Easy,64.30%,https://leetcode.com/problems/fixed-point
1065,Index Pairs of a String,Easy,68.60%,https://leetcode.com/problems/index-pairs-of-a-string
1066,Campus Bikes II,Medium,55.80%,https://leetcode.com/problems/campus-bikes-ii
1067,Digit Count in Range,Hard,46.60%,https://leetcode.com/problems/digit-count-in-range
1068,Product Sales Analysis I,Easy,86.10%,https://leetcode.com/problems/product-sales-analysis-i
1069,Product Sales Analysis II,Easy,82.70%,https://leetcode.com/problems/product-sales-analysis-ii
1070,Product Sales Analysis III,Medium,46.40%,https://leetcode.com/problems/product-sales-analysis-iii
1071,Greatest Common Divisor of Strings,Easy,54.30%,https://leetcode.com/problems/greatest-common-divisor-of-strings
1072,Flip Columns For Maximum Number of Equal Rows,Medium,78.50%,https://leetcode.com/problems/flip-columns-for-maximum-number-of-equal-rows
1073,Adding Two Negabinary Numbers,Medium,38.20%,https://leetcode.com/problems/adding-two-negabinary-numbers
1074,Number of Submatrices That Sum to Target,Hard,74.70%,https://leetcode.com/problems/number-of-submatrices-that-sum-to-target
1075,Project Employees I,Easy,67.20%,https://leetcode.com/problems/project-employees-i
1076,Project Employees II,Easy,50.50%,https://leetcode.com/problems/project-employees-ii
1077,Project Employees III,Medium,77.20%,https://leetcode.com/problems/project-employees-iii
1078,Occurrences After Bigram,Easy,64.00%,https://leetcode.com/problems/occurrences-after-bigram
1079,Letter Tile Possibilities,Medium,83.50%,https://leetcode.com/problems/letter-tile-possibilities
1080,Insufficient Nodes in Root to Leaf Paths,Medium,55.50%,https://leetcode.com/problems/insufficient-nodes-in-root-to-leaf-paths
1081,Smallest Subsequence of Distinct Characters,Medium,70.60%,https://leetcode.com/problems/smallest-subsequence-of-distinct-characters
1082,Sales Analysis I,Easy,74.80%,https://leetcode.com/problems/sales-analysis-i
1083,Sales Analysis II,Easy,50.20%,https://leetcode.com/problems/sales-analysis-ii
1084,Sales Analysis III,Easy,48.20%,https://leetcode.com/problems/sales-analysis-iii
1085,Sum of Digits in the Minimum Number,Easy,76.70%,https://leetcode.com/problems/sum-of-digits-in-the-minimum-number
1086,High Five,Easy,74.20%,https://leetcode.com/problems/high-five
1087,Brace Expansion,Medium,66.90%,https://leetcode.com/problems/brace-expansion
1088,Confusing Number II,Hard,47.10%,https://leetcode.com/problems/confusing-number-ii
1089,Duplicate Zeros,Easy,54.00%,https://leetcode.com/problems/duplicate-zeros
1090,Largest Values From Labels,Medium,64.60%,https://leetcode.com/problems/largest-values-from-labels
1091,Shortest Path in Binary Matrix,Medium,52.10%,https://leetcode.com/problems/shortest-path-in-binary-matrix
1092,Shortest Common Supersequence,Hard,62.30%,https://leetcode.com/problems/shortest-common-supersequence
1093,Statistics from a Large Sample,Medium,43.50%,https://leetcode.com/problems/statistics-from-a-large-sample
1094,Car Pooling,Medium,56.50%,https://leetcode.com/problems/car-pooling
1095,Find in Mountain Array,Hard,42.00%,https://leetcode.com/problems/find-in-mountain-array
1096,Brace Expansion II,Hard,63.90%,https://leetcode.com/problems/brace-expansion-ii
1097,Game Play Analysis V,Hard,50.40%,https://leetcode.com/problems/game-play-analysis-v
1098,Unpopular Books,Medium,43.40%,https://leetcode.com/problems/unpopular-books
1099,Two Sum Less Than K,Easy,62.20%,https://leetcode.com/problems/two-sum-less-than-k
1100,Find K-Length Substrings With No Repeated Characters,Medium,76.50%,https://leetcode.com/problems/find-k-length-substrings-with-no-repeated-characters
1101,The Earliest Moment When Everyone Become Friends,Medium,66.10%,https://leetcode.com/problems/the-earliest-moment-when-everyone-become-friends
1102,Path With Maximum Minimum Value,Medium,54.80%,https://leetcode.com/problems/path-with-maximum-minimum-value
1103,Distribute Candies to People,Easy,67.90%,https://leetcode.com/problems/distribute-candies-to-people
1104,Path In Zigzag Labelled Binary Tree,Medium,75.80%,https://leetcode.com/problems/path-in-zigzag-labelled-binary-tree
1105,Filling Bookcase Shelves,Medium,68.60%,https://leetcode.com/problems/filling-bookcase-shelves
1106,Parsing A Boolean Expression,Hard,69.80%,https://leetcode.com/problems/parsing-a-boolean-expression
1107,New Users Daily Count,Medium,44.40%,https://leetcode.com/problems/new-users-daily-count
1108,Defanging an IP Address,Easy,90.10%,https://leetcode.com/problems/defanging-an-ip-address
1109,Corporate Flight Bookings,Medium,68.60%,https://leetcode.com/problems/corporate-flight-bookings
1110,Delete Nodes And Return Forest,Medium,72.50%,https://leetcode.com/problems/delete-nodes-and-return-forest
1111,Maximum Nesting Depth of Two Valid Parentheses Strings,Medium,72.20%,https://leetcode.com/problems/maximum-nesting-depth-of-two-valid-parentheses-strings
1112,Highest Grade For Each Student,Medium,71.20%,https://leetcode.com/problems/highest-grade-for-each-student
1113,Reported Posts,Easy,64.80%,https://leetcode.com/problems/reported-posts
1114,Print in Order,Easy,73.30%,https://leetcode.com/problems/print-in-order
1115,Print FooBar Alternately,Medium,73.10%,https://leetcode.com/problems/print-foobar-alternately
1116,Print Zero Even Odd,Medium,66.10%,https://leetcode.com/problems/print-zero-even-odd
1117,Building H2O,Medium,58.50%,https://leetcode.com/problems/building-h2o
1118,Number of Days in a Month,Easy,59.20%,https://leetcode.com/problems/number-of-days-in-a-month
1119,Remove Vowels from a String,Easy,91.30%,https://leetcode.com/problems/remove-vowels-from-a-string
1120,Maximum Average Subtree,Medium,67.00%,https://leetcode.com/problems/maximum-average-subtree
1121,Divide Array Into Increasing Sequences,Hard,65.40%,https://leetcode.com/problems/divide-array-into-increasing-sequences
1122,Relative Sort Array,Easy,75.40%,https://leetcode.com/problems/relative-sort-array
1123,Lowest Common Ancestor of Deepest Leaves,Medium,79.50%,https://leetcode.com/problems/lowest-common-ancestor-of-deepest-leaves
1124,Longest Well-Performing Interval,Medium,38.20%,https://leetcode.com/problems/longest-well-performing-interval
1125,Smallest Sufficient Team,Hard,55.80%,https://leetcode.com/problems/smallest-sufficient-team
1126,Active Businesses,Medium,66.00%,https://leetcode.com/problems/active-businesses
1127,User Purchase Platform,Hard,46.30%,https://leetcode.com/problems/user-purchase-platform
1128,Number of Equivalent Domino Pairs,Easy,60.80%,https://leetcode.com/problems/number-of-equivalent-domino-pairs
1129,Shortest Path with Alternating Colors,Medium,48.30%,https://leetcode.com/problems/shortest-path-with-alternating-colors
1130,Minimum Cost Tree From Leaf Values,Medium,68.00%,https://leetcode.com/problems/minimum-cost-tree-from-leaf-values
1131,Maximum of Absolute Value Expression,Medium,48.90%,https://leetcode.com/problems/maximum-of-absolute-value-expression
1132,Reported Posts II,Medium,32.00%,https://leetcode.com/problems/reported-posts-ii
1133,Largest Unique Number,Easy,71.30%,https://leetcode.com/problems/largest-unique-number
1134,Armstrong Number,Easy,77.80%,https://leetcode.com/problems/armstrong-number
1135,Connecting Cities With Minimum Cost,Medium,63.60%,https://leetcode.com/problems/connecting-cities-with-minimum-cost
1136,Parallel Courses,Medium,62.40%,https://leetcode.com/problems/parallel-courses
1137,N-th Tribonacci Number,Easy,63.10%,https://leetcode.com/problems/n-th-tribonacci-number
1138,Alphabet Board Path,Medium,52.00%,https://leetcode.com/problems/alphabet-board-path
1139,Largest 1-Bordered Square,Medium,52.50%,https://leetcode.com/problems/largest-1-bordered-square
1140,Stone Game II,Medium,75.70%,https://leetcode.com/problems/stone-game-ii
1141,User Activity for the Past 30 Days I,Easy,51.40%,https://leetcode.com/problems/user-activity-for-the-past-30-days-i
1142,User Activity for the Past 30 Days II,Easy,35.60%,https://leetcode.com/problems/user-activity-for-the-past-30-days-ii
1143,Longest Common Subsequence,Medium,59.50%,https://leetcode.com/problems/longest-common-subsequence
1144,Decrease Elements To Make Array Zigzag,Medium,49.60%,https://leetcode.com/problems/decrease-elements-to-make-array-zigzag
1145,Binary Tree Coloring Game,Medium,53.10%,https://leetcode.com/problems/binary-tree-coloring-game
1146,Snapshot Array,Medium,36.80%,https://leetcode.com/problems/snapshot-array
1147,Longest Chunked Palindrome Decomposition,Hard,59.00%,https://leetcode.com/problems/longest-chunked-palindrome-decomposition
1148,Article Views I,Easy,76.80%,https://leetcode.com/problems/article-views-i
1149,Article Views II,Medium,47.30%,https://leetcode.com/problems/article-views-ii
1150,Check If a Number Is Majority Element in a Sorted Array,Easy,59.90%,https://leetcode.com/problems/check-if-a-number-is-majority-element-in-a-sorted-array
1151,Minimum Swaps to Group All 1's Together,Medium,61.30%,https://leetcode.com/problems/minimum-swaps-to-group-all-1s-together
1152,Analyze User Website Visit Pattern,Medium,44.30%,https://leetcode.com/problems/analyze-user-website-visit-pattern
1153,String Transforms Into Another String,Hard,34.60%,https://leetcode.com/problems/string-transforms-into-another-string
1154,Day of the Year,Easy,50.40%,https://leetcode.com/problems/day-of-the-year
1155,Number of Dice Rolls With Target Sum,Medium,62.60%,https://leetcode.com/problems/number-of-dice-rolls-with-target-sum
1156,Swap For Longest Repeated Character Substring,Medium,45.00%,https://leetcode.com/problems/swap-for-longest-repeated-character-substring
1157,Online Majority Element In Subarray,Hard,41.00%,https://leetcode.com/problems/online-majority-element-in-subarray
1158,Market Analysis I,Medium,57.70%,https://leetcode.com/problems/market-analysis-i
1159,Market Analysis II,Hard,57.80%,https://leetcode.com/problems/market-analysis-ii
1160,Find Words That Can Be Formed by Characters,Easy,71.70%,https://leetcode.com/problems/find-words-that-can-be-formed-by-characters
1161,Maximum Level Sum of a Binary Tree,Medium,70.00%,https://leetcode.com/problems/maximum-level-sum-of-a-binary-tree
1162,As Far from Land as Possible,Medium,52.50%,https://leetcode.com/problems/as-far-from-land-as-possible
1163,Last Substring in Lexicographical Order,Hard,35.20%,https://leetcode.com/problems/last-substring-in-lexicographical-order
1164,Product Price at a Given Date,Medium,58.40%,https://leetcode.com/problems/product-price-at-a-given-date
1165,Single-Row Keyboard,Easy,87.80%,https://leetcode.com/problems/single-row-keyboard
1166,Design File System,Medium,65.20%,https://leetcode.com/problems/design-file-system
1167,Minimum Cost to Connect Sticks,Medium,72.10%,https://leetcode.com/problems/minimum-cost-to-connect-sticks
1168,Optimize Water Distribution in a Village,Hard,65.60%,https://leetcode.com/problems/optimize-water-distribution-in-a-village
1169,Invalid Transactions,Medium,32.50%,https://leetcode.com/problems/invalid-transactions
1170,Compare Strings by Frequency of the Smallest Character,Medium,63.60%,https://leetcode.com/problems/compare-strings-by-frequency-of-the-smallest-character
1171,Remove Zero Sum Consecutive Nodes from Linked List,Medium,53.30%,https://leetcode.com/problems/remove-zero-sum-consecutive-nodes-from-linked-list
1172,Dinner Plate Stacks,Hard,34.00%,https://leetcode.com/problems/dinner-plate-stacks
1173,Immediate Food Delivery I,Easy,80.50%,https://leetcode.com/problems/immediate-food-delivery-i
1174,Immediate Food Delivery II,Medium,56.80%,https://leetcode.com/problems/immediate-food-delivery-ii
1175,Prime Arrangements,Easy,61.90%,https://leetcode.com/problems/prime-arrangements
1176,Diet Plan Performance,Easy,56.10%,https://leetcode.com/problems/diet-plan-performance
1177,Can Make Palindrome from Substring,Medium,42.20%,https://leetcode.com/problems/can-make-palindrome-from-substring
1178,Number of Valid Words for Each Puzzle,Hard,48.10%,https://leetcode.com/problems/number-of-valid-words-for-each-puzzle
1179,Reformat Department Table,Easy,76.40%,https://leetcode.com/problems/reformat-department-table
1180,Count Substrings with Only One Distinct Letter,Easy,80.90%,https://leetcode.com/problems/count-substrings-with-only-one-distinct-letter
1181,Before and After Puzzle,Medium,51.90%,https://leetcode.com/problems/before-and-after-puzzle
1182,Shortest Distance to Target Color,Medium,56.60%,https://leetcode.com/problems/shortest-distance-to-target-color
1183,Maximum Number of Ones,Hard,70.70%,https://leetcode.com/problems/maximum-number-of-ones
1184,Distance Between Bus Stops,Easy,56.80%,https://leetcode.com/problems/distance-between-bus-stops
1185,Day of the Week,Easy,59.70%,https://leetcode.com/problems/day-of-the-week
1186,Maximum Subarray Sum with One Deletion,Medium,49.20%,https://leetcode.com/problems/maximum-subarray-sum-with-one-deletion
1187,Make Array Strictly Increasing,Hard,58.20%,https://leetcode.com/problems/make-array-strictly-increasing
1188,Design Bounded Blocking Queue,Medium,73.90%,https://leetcode.com/problems/design-bounded-blocking-queue
1189,Maximum Number of Balloons,Easy,64.30%,https://leetcode.com/problems/maximum-number-of-balloons
1190,Reverse Substrings Between Each Pair of Parentheses,Medium,72.10%,https://leetcode.com/problems/reverse-substrings-between-each-pair-of-parentheses
1191,K-Concatenation Maximum Sum,Medium,26.10%,https://leetcode.com/problems/k-concatenation-maximum-sum
1192,Critical Connections in a Network,Hard,60.40%,https://leetcode.com/problems/critical-connections-in-a-network
1193,Monthly Transactions I,Medium,59.70%,https://leetcode.com/problems/monthly-transactions-i
1194,Tournament Winners,Hard,50.20%,https://leetcode.com/problems/tournament-winners
1195,Fizz Buzz Multithreaded,Medium,75.20%,https://leetcode.com/problems/fizz-buzz-multithreaded
1196,How Many Apples Can You Put into the Basket,Easy,67.20%,https://leetcode.com/problems/how-many-apples-can-you-put-into-the-basket
1197,Minimum Knight Moves,Medium,42.10%,https://leetcode.com/problems/minimum-knight-moves
1198,Find Smallest Common Element in All Rows,Medium,76.80%,https://leetcode.com/problems/find-smallest-common-element-in-all-rows
1199,Minimum Time to Build Blocks,Hard,49.30%,https://leetcode.com/problems/minimum-time-to-build-blocks
1200,Minimum Absolute Difference,Easy,75.20%,https://leetcode.com/problems/minimum-absolute-difference
1201,Ugly Number III,Medium,32.00%,https://leetcode.com/problems/ugly-number-iii
1202,Smallest String With Swaps,Medium,61.00%,https://leetcode.com/problems/smallest-string-with-swaps
1203,Sort Items by Groups Respecting Dependencies,Hard,66.10%,https://leetcode.com/problems/sort-items-by-groups-respecting-dependencies
1204,Last Person to Fit in the Bus,Medium,69.90%,https://leetcode.com/problems/last-person-to-fit-in-the-bus
1205,Monthly Transactions II,Medium,42.00%,https://leetcode.com/problems/monthly-transactions-ii
1206,Design Skiplist,Hard,59.70%,https://leetcode.com/problems/design-skiplist
1207,Unique Number of Occurrences,Easy,78.90%,https://leetcode.com/problems/unique-number-of-occurrences
1208,Get Equal Substrings Within Budget,Medium,60.10%,https://leetcode.com/problems/get-equal-substrings-within-budget
1209,Remove All Adjacent Duplicates in String II,Medium,61.80%,https://leetcode.com/problems/remove-all-adjacent-duplicates-in-string-ii
1210,Minimum Moves to Reach Target with Rotations,Hard,52.80%,https://leetcode.com/problems/minimum-moves-to-reach-target-with-rotations
1211,Queries Quality and Percentage,Easy,54.70%,https://leetcode.com/problems/queries-quality-and-percentage
1212,Team Scores in Football Tournament,Medium,55.70%,https://leetcode.com/problems/team-scores-in-football-tournament
1213,Intersection of Three Sorted Arrays,Easy,80.00%,https://leetcode.com/problems/intersection-of-three-sorted-arrays
1214,Two Sum BSTs,Medium,68.20%,https://leetcode.com/problems/two-sum-bsts
1215,Stepping Numbers,Medium,48.40%,https://leetcode.com/problems/stepping-numbers
1216,Valid Palindrome III,Hard,49.20%,https://leetcode.com/problems/valid-palindrome-iii
1217,Minimum Cost to Move Chips to The Same Position,Easy,73.20%,https://leetcode.com/problems/minimum-cost-to-move-chips-to-the-same-position
1218,Longest Arithmetic Subsequence of Given Difference,Medium,54.30%,https://leetcode.com/problems/longest-arithmetic-subsequence-of-given-difference
1219,Path with Maximum Gold,Medium,68.60%,https://leetcode.com/problems/path-with-maximum-gold
1220,Count Vowels Permutation,Hard,61.30%,https://leetcode.com/problems/count-vowels-permutation
1221,Split a String in Balanced Strings,Easy,87.60%,https://leetcode.com/problems/split-a-string-in-balanced-strings
1222,Queens That Can Attack the King,Medium,72.90%,https://leetcode.com/problems/queens-that-can-attack-the-king
1223,Dice Roll Simulation,Hard,51.30%,https://leetcode.com/problems/dice-roll-simulation
1224,Maximum Equal Frequency,Hard,38.60%,https://leetcode.com/problems/maximum-equal-frequency
1225,Report Contiguous Dates,Hard,57.00%,https://leetcode.com/problems/report-contiguous-dates
1226,The Dining Philosophers,Medium,54.30%,https://leetcode.com/problems/the-dining-philosophers
1227,Airplane Seat Assignment Probability,Medium,67.60%,https://leetcode.com/problems/airplane-seat-assignment-probability
1228,Missing Number In Arithmetic Progression,Easy,52.20%,https://leetcode.com/problems/missing-number-in-arithmetic-progression
1229,Meeting Scheduler,Medium,55.20%,https://leetcode.com/problems/meeting-scheduler
1230,Toss Strange Coins,Medium,58.10%,https://leetcode.com/problems/toss-strange-coins
1231,Divide Chocolate,Hard,60.70%,https://leetcode.com/problems/divide-chocolate
1232,Check If It Is a Straight Line,Easy,40.30%,https://leetcode.com/problems/check-if-it-is-a-straight-line
1233,Remove Sub-Folders from the Filesystem,Medium,78.60%,https://leetcode.com/problems/remove-sub-folders-from-the-filesystem
1234,Replace the Substring for Balanced String,Medium,41.40%,https://leetcode.com/problems/replace-the-substring-for-balanced-string
1235,Maximum Profit in Job Scheduling,Hard,54.80%,https://leetcode.com/problems/maximum-profit-in-job-scheduling
1236,Web Crawler,Medium,68.80%,https://leetcode.com/problems/web-crawler
1237,Find Positive Integer Solution for a Given Equation,Medium,70.20%,https://leetcode.com/problems/find-positive-integer-solution-for-a-given-equation
1238,Circular Permutation in Binary Representation,Medium,73.10%,https://leetcode.com/problems/circular-permutation-in-binary-representation
1239,Maximum Length of a Concatenated String with Unique Characters,Medium,54.90%,https://leetcode.com/problems/maximum-length-of-a-concatenated-string-with-unique-characters
1240,Tiling a Rectangle with the Fewest Squares,Hard,55.30%,https://leetcode.com/problems/tiling-a-rectangle-with-the-fewest-squares
1241,Number of Comments per Post,Easy,65.50%,https://leetcode.com/problems/number-of-comments-per-post
1242,Web Crawler Multithreaded,Medium,51.40%,https://leetcode.com/problems/web-crawler-multithreaded
1243,Array Transformation,Easy,53.90%,https://leetcode.com/problems/array-transformation
1244,Design A Leaderboard,Medium,68.00%,https://leetcode.com/problems/design-a-leaderboard
1245,Tree Diameter,Medium,61.30%,https://leetcode.com/problems/tree-diameter
1246,Palindrome Removal,Hard,46.20%,https://leetcode.com/problems/palindrome-removal
1247,Minimum Swaps to Make Strings Equal,Medium,65.60%,https://leetcode.com/problems/minimum-swaps-to-make-strings-equal
1248,Count Number of Nice Subarrays,Medium,75.70%,https://leetcode.com/problems/count-number-of-nice-subarrays
1249,Minimum Remove to Make Valid Parentheses,Medium,71.60%,https://leetcode.com/problems/minimum-remove-to-make-valid-parentheses
1250,Check If It Is a Good Array,Hard,65.80%,https://leetcode.com/problems/check-if-it-is-a-good-array
1251,Average Selling Price,Easy,37.80%,https://leetcode.com/problems/average-selling-price
1252,Cells with Odd Values in a Matrix,Easy,79.90%,https://leetcode.com/problems/cells-with-odd-values-in-a-matrix
1253,Reconstruct a 2-Row Binary Matrix,Medium,49.30%,https://leetcode.com/problems/reconstruct-a-2-row-binary-matrix
1254,Number of Closed Islands,Medium,67.30%,https://leetcode.com/problems/number-of-closed-islands
1255,Maximum Score Words Formed by Letters,Hard,81.50%,https://leetcode.com/problems/maximum-score-words-formed-by-letters
1256,Encode Number,Medium,70.40%,https://leetcode.com/problems/encode-number
1257,Smallest Common Region,Medium,68.80%,https://leetcode.com/problems/smallest-common-region
1258,Synonymous Sentences,Medium,57.50%,https://leetcode.com/problems/synonymous-sentences
1259,Handshakes That Don't Cross,Hard,61.40%,https://leetcode.com/problems/handshakes-that-dont-cross
1260,Shift 2D Grid,Easy,74.50%,https://leetcode.com/problems/shift-2d-grid
1261,Find Elements in a Contaminated Binary Tree,Medium,84.10%,https://leetcode.com/problems/find-elements-in-a-contaminated-binary-tree
1262,Greatest Sum Divisible by Three,Medium,57.00%,https://leetcode.com/problems/greatest-sum-divisible-by-three
1263,Minimum Moves to Move a Box to Their Target Location,Hard,50.10%,https://leetcode.com/problems/minimum-moves-to-move-a-box-to-their-target-location
1264,Page Recommendations,Medium,65.50%,https://leetcode.com/problems/page-recommendations
1265,Print Immutable Linked List in Reverse,Medium,94.00%,https://leetcode.com/problems/print-immutable-linked-list-in-reverse
1266,Minimum Time Visiting All Points,Easy,84.80%,https://leetcode.com/problems/minimum-time-visiting-all-points
1267,Count Servers that Communicate,Medium,73.60%,https://leetcode.com/problems/count-servers-that-communicate
1268,Search Suggestions System,Medium,65.20%,https://leetcode.com/problems/search-suggestions-system
1269,Number of Ways to Stay in the Same Place After Some Steps,Hard,50.20%,https://leetcode.com/problems/number-of-ways-to-stay-in-the-same-place-after-some-steps
1270,All People Report to the Given Manager,Medium,83.80%,https://leetcode.com/problems/all-people-report-to-the-given-manager
1271,Hexspeak,Easy,58.40%,https://leetcode.com/problems/hexspeak
1272,Remove Interval,Medium,67.40%,https://leetcode.com/problems/remove-interval
1273,Delete Tree Nodes,Medium,61.60%,https://leetcode.com/problems/delete-tree-nodes
1274,Number of Ships in a Rectangle,Hard,68.70%,https://leetcode.com/problems/number-of-ships-in-a-rectangle
1275,Find Winner on a Tic Tac Toe Game,Easy,54.70%,https://leetcode.com/problems/find-winner-on-a-tic-tac-toe-game
1276,Number of Burgers with No Waste of Ingredients,Medium,53.40%,https://leetcode.com/problems/number-of-burgers-with-no-waste-of-ingredients
1277,Count Square Submatrices with All Ones,Medium,80.80%,https://leetcode.com/problems/count-square-submatrices-with-all-ones
1278,Palindrome Partitioning III,Hard,62.40%,https://leetcode.com/problems/palindrome-partitioning-iii
1279,Traffic Light Controlled Intersection,Easy,73.10%,https://leetcode.com/problems/traffic-light-controlled-intersection
1280,Students and Examinations,Easy,61.90%,https://leetcode.com/problems/students-and-examinations
1281,Subtract the Product and Sum of Digits of an Integer,Easy,86.60%,https://leetcode.com/problems/subtract-the-product-and-sum-of-digits-of-an-integer
1282,Group the People Given the Group Size They Belong To,Medium,87.50%,https://leetcode.com/problems/group-the-people-given-the-group-size-they-belong-to
1283,Find the Smallest Divisor Given a Threshold,Medium,66.70%,https://leetcode.com/problems/find-the-smallest-divisor-given-a-threshold
1284,Minimum Number of Flips to Convert Binary Matrix to Zero Matrix,Hard,73.00%,https://leetcode.com/problems/minimum-number-of-flips-to-convert-binary-matrix-to-zero-matrix
1285,Find the Start and End Number of Continuous Ranges,Medium,81.90%,https://leetcode.com/problems/find-the-start-and-end-number-of-continuous-ranges
1286,Iterator for Combination,Medium,72.70%,https://leetcode.com/problems/iterator-for-combination
1287,Element Appearing More Than 25% In Sorted Array,Easy,61.40%,https://leetcode.com/problems/element-appearing-more-than-25-in-sorted-array
1288,Remove Covered Intervals,Medium,60.20%,https://leetcode.com/problems/remove-covered-intervals
1289,Minimum Falling Path Sum II,Hard,63.00%,https://leetcode.com/problems/minimum-falling-path-sum-ii
1290,Convert Binary Number in a Linked List to Integer,Easy,82.40%,https://leetcode.com/problems/convert-binary-number-in-a-linked-list-to-integer
1291,Sequential Digits,Medium,68.60%,https://leetcode.com/problems/sequential-digits
1292,Maximum Side Length of a Square with Sum Less than or Equal to Threshold,Medium,65.50%,https://leetcode.com/problems/maximum-side-length-of-a-square-with-sum-less-than-or-equal-to-threshold
1293,Shortest Path in a Grid with Obstacles Elimination,Hard,46.70%,https://leetcode.com/problems/shortest-path-in-a-grid-with-obstacles-elimination
1294,Weather Type in Each Country,Easy,67.10%,https://leetcode.com/problems/weather-type-in-each-country
1295,Find Numbers with Even Number of Digits,Easy,80.00%,https://leetcode.com/problems/find-numbers-with-even-number-of-digits
1296,Divide Array in Sets of K Consecutive Numbers,Medium,59.50%,https://leetcode.com/problems/divide-array-in-sets-of-k-consecutive-numbers
1297,Maximum Number of Occurrences of a Substring,Medium,54.90%,https://leetcode.com/problems/maximum-number-of-occurrences-of-a-substring
1298,Maximum Candies You Can Get from Boxes,Hard,67.10%,https://leetcode.com/problems/maximum-candies-you-can-get-from-boxes
1299,Replace Elements with Greatest Element on Right Side,Easy,72.60%,https://leetcode.com/problems/replace-elements-with-greatest-element-on-right-side
1300,Sum of Mutated Array Closest to Target,Medium,46.70%,https://leetcode.com/problems/sum-of-mutated-array-closest-to-target
1301,Number of Paths with Max Score,Hard,63.30%,https://leetcode.com/problems/number-of-paths-with-max-score
1302,Deepest Leaves Sum,Medium,86.60%,https://leetcode.com/problems/deepest-leaves-sum
1303,Find the Team Size,Easy,89.50%,https://leetcode.com/problems/find-the-team-size
1304,Find N Unique Integers Sum up to Zero,Easy,78.50%,https://leetcode.com/problems/find-n-unique-integers-sum-up-to-zero
1305,All Elements in Two Binary Search Trees,Medium,80.40%,https://leetcode.com/problems/all-elements-in-two-binary-search-trees
1306,Jump Game III,Medium,70.40%,https://leetcode.com/problems/jump-game-iii
1307,Verbal Arithmetic Puzzle,Hard,33.50%,https://leetcode.com/problems/verbal-arithmetic-puzzle
1308,Running Total for Different Genders,Medium,86.00%,https://leetcode.com/problems/running-total-for-different-genders
1309,Decrypt String from Alphabet to Integer Mapping,Easy,80.70%,https://leetcode.com/problems/decrypt-string-from-alphabet-to-integer-mapping
1310,XOR Queries of a Subarray,Medium,78.00%,https://leetcode.com/problems/xor-queries-of-a-subarray
1311,Get Watched Videos by Your Friends,Medium,54.10%,https://leetcode.com/problems/get-watched-videos-by-your-friends
1312,Minimum Insertion Steps to Make a String Palindrome,Hard,74.40%,https://leetcode.com/problems/minimum-insertion-steps-to-make-a-string-palindrome
1313,Decompress Run-Length Encoded List,Easy,86.30%,https://leetcode.com/problems/decompress-run-length-encoded-list
1314,Matrix Block Sum,Medium,77.00%,https://leetcode.com/problems/matrix-block-sum
1315,Sum of Nodes with Even-Valued Grandparent,Medium,86.00%,https://leetcode.com/problems/sum-of-nodes-with-even-valued-grandparent
1316,Distinct Echo Substrings,Hard,53.70%,https://leetcode.com/problems/distinct-echo-substrings
1317,Convert Integer to the Sum of Two No-Zero Integers,Easy,59.10%,https://leetcode.com/problems/convert-integer-to-the-sum-of-two-no-zero-integers
1318,Minimum Flips to Make a OR b Equal to c,Medium,72.10%,https://leetcode.com/problems/minimum-flips-to-make-a-or-b-equal-to-c
1319,Number of Operations to Make Network Connected,Medium,67.20%,https://leetcode.com/problems/number-of-operations-to-make-network-connected
1320,Minimum Distance to Type a Word Using Two Fingers,Hard,72.30%,https://leetcode.com/problems/minimum-distance-to-type-a-word-using-two-fingers
1321,Restaurant Growth,Medium,59.70%,https://leetcode.com/problems/restaurant-growth
1322,Ads Performance,Easy,58.40%,https://leetcode.com/problems/ads-performance
1323,Maximum 69 Number,Easy,84.60%,https://leetcode.com/problems/maximum-69-number
1324,Print Words Vertically,Medium,68.10%,https://leetcode.com/problems/print-words-vertically
1325,Delete Leaves With a Given Value,Medium,77.20%,https://leetcode.com/problems/delete-leaves-with-a-given-value
1326,Minimum Number of Taps to Open to Water a Garden,Hard,51.10%,https://leetcode.com/problems/minimum-number-of-taps-to-open-to-water-a-garden
1327,List the Products Ordered in a Period,Easy,72.00%,https://leetcode.com/problems/list-the-products-ordered-in-a-period
1328,Break a Palindrome,Medium,51.60%,https://leetcode.com/problems/break-a-palindrome
1329,Sort the Matrix Diagonally,Medium,83.30%,https://leetcode.com/problems/sort-the-matrix-diagonally
1330,Reverse Subarray To Maximize Array Value,Hard,44.50%,https://leetcode.com/problems/reverse-subarray-to-maximize-array-value
1331,Rank Transform of an Array,Easy,74.00%,https://leetcode.com/problems/rank-transform-of-an-array
1332,Remove Palindromic Subsequences,Easy,77.20%,https://leetcode.com/problems/remove-palindromic-subsequences
1333,"Filter Restaurants by Vegan-Friendly, Price and Distance",Medium,64.50%,https://leetcode.com/problems/filter-restaurants-by-vegan-friendly-price-and-distance
1334,Find the City With the Smallest Number of Neighbors at a Threshold Distance,Medium,73.80%,https://leetcode.com/problems/find-the-city-with-the-smallest-number-of-neighbors-at-a-threshold-distance
1335,Minimum Difficulty of a Job Schedule,Hard,59.80%,https://leetcode.com/problems/minimum-difficulty-of-a-job-schedule
1336,Number of Transactions per Visit,Hard,47.90%,https://leetcode.com/problems/number-of-transactions-per-visit
1337,The K Weakest Rows in a Matrix,Easy,74.50%,https://leetcode.com/problems/the-k-weakest-rows-in-a-matrix
1338,Reduce Array Size to The Half,Medium,69.40%,https://leetcode.com/problems/reduce-array-size-to-the-half
1339,Maximum Product of Splitted Binary Tree,Medium,55.80%,https://leetcode.com/problems/maximum-product-of-splitted-binary-tree
1340,Jump Game V,Hard,75.80%,https://leetcode.com/problems/jump-game-v
1341,Movie Rating,Medium,44.30%,https://leetcode.com/problems/movie-rating
1342,Number of Steps to Reduce a Number to Zero,Easy,85.90%,https://leetcode.com/problems/number-of-steps-to-reduce-a-number-to-zero
1343,Number of Sub-arrays of Size K and Average Greater than or Equal to Threshold,Medium,74.10%,https://leetcode.com/problems/number-of-sub-arrays-of-size-k-and-average-greater-than-or-equal-to-threshold
1344,Angle Between Hands of a Clock,Medium,69.90%,https://leetcode.com/problems/angle-between-hands-of-a-clock
1345,Jump Game IV,Hard,51.10%,https://leetcode.com/problems/jump-game-iv
1346,Check If N and Its Double Exist,Easy,42.00%,https://leetcode.com/problems/check-if-n-and-its-double-exist
1347,Minimum Number of Steps to Make Two Strings Anagram,Medium,82.60%,https://leetcode.com/problems/minimum-number-of-steps-to-make-two-strings-anagram
1348,Tweet Counts Per Frequency,Medium,46.60%,https://leetcode.com/problems/tweet-counts-per-frequency
1349,Maximum Students Taking Exam,Hard,54.50%,https://leetcode.com/problems/maximum-students-taking-exam
1350,Students With Invalid Departments,Easy,89.70%,https://leetcode.com/problems/students-with-invalid-departments
1351,Count Negative Numbers in a Sorted Matrix,Easy,79.70%,https://leetcode.com/problems/count-negative-numbers-in-a-sorted-matrix
1352,Product of the Last K Numbers,Medium,63.00%,https://leetcode.com/problems/product-of-the-last-k-numbers
1353,Maximum Number of Events That Can Be Attended,Medium,39.10%,https://leetcode.com/problems/maximum-number-of-events-that-can-be-attended
1354,Construct Target Array With Multiple Sums,Hard,37.20%,https://leetcode.com/problems/construct-target-array-with-multiple-sums
1355,Activity Participants,Medium,72.00%,https://leetcode.com/problems/activity-participants
1356,Sort Integers by The Number of 1 Bits,Easy,82.40%,https://leetcode.com/problems/sort-integers-by-the-number-of-1-bits
1357,Apply Discount Every n Orders,Medium,66.00%,https://leetcode.com/problems/apply-discount-every-n-orders
1358,Number of Substrings Containing All Three Characters,Medium,74.40%,https://leetcode.com/problems/number-of-substrings-containing-all-three-characters
1359,Count All Valid Pickup and Delivery Options,Hard,64.90%,https://leetcode.com/problems/count-all-valid-pickup-and-delivery-options
1360,Number of Days Between Two Dates,Easy,53.50%,https://leetcode.com/problems/number-of-days-between-two-dates
1361,Validate Binary Tree Nodes,Medium,44.20%,https://leetcode.com/problems/validate-binary-tree-nodes
1362,Closest Divisors,Medium,63.80%,https://leetcode.com/problems/closest-divisors
1363,Largest Multiple of Three,Hard,33.50%,https://leetcode.com/problems/largest-multiple-of-three
1364,Number of Trusted Contacts of a Customer,Medium,74.60%,https://leetcode.com/problems/number-of-trusted-contacts-of-a-customer
1365,How Many Numbers Are Smaller Than the Current Number,Easy,87.50%,https://leetcode.com/problems/how-many-numbers-are-smaller-than-the-current-number
1366,Rank Teams by Votes,Medium,60.00%,https://leetcode.com/problems/rank-teams-by-votes
1367,Linked List in Binary Tree,Medium,52.00%,https://leetcode.com/problems/linked-list-in-binary-tree
1368,Minimum Cost to Make at Least One Valid Path in a Grid,Hard,71.20%,https://leetcode.com/problems/minimum-cost-to-make-at-least-one-valid-path-in-a-grid
1369,Get the Second Most Recent Activity,Hard,67.30%,https://leetcode.com/problems/get-the-second-most-recent-activity
1370,Increasing Decreasing String,Easy,77.40%,https://leetcode.com/problems/increasing-decreasing-string
1371,Find the Longest Substring Containing Vowels in Even Counts,Medium,75.60%,https://leetcode.com/problems/find-the-longest-substring-containing-vowels-in-even-counts
1372,Longest ZigZag Path in a Binary Tree,Medium,67.40%,https://leetcode.com/problems/longest-zigzag-path-in-a-binary-tree
1373,Maximum Sum BST in Binary Tree,Hard,48.80%,https://leetcode.com/problems/maximum-sum-bst-in-binary-tree
1374,Generate a String With Characters That Have Odd Counts,Easy,78.60%,https://leetcode.com/problems/generate-a-string-with-characters-that-have-odd-counts
1375,Number of Times Binary String Is Prefix-Aligned,Medium,66.20%,https://leetcode.com/problems/number-of-times-binary-string-is-prefix-aligned
1376,Time Needed to Inform All Employees,Medium,60.60%,https://leetcode.com/problems/time-needed-to-inform-all-employees
1377,Frog Position After T Seconds,Hard,38.80%,https://leetcode.com/problems/frog-position-after-t-seconds
1378,Replace Employee ID With The Unique Identifier,Easy,83.80%,https://leetcode.com/problems/replace-employee-id-with-the-unique-identifier
1379,Find a Corresponding Node of a Binary Tree in a Clone of That Tree,Easy,85.90%,https://leetcode.com/problems/find-a-corresponding-node-of-a-binary-tree-in-a-clone-of-that-tree
1380,Lucky Numbers in a Matrix,Easy,80.20%,https://leetcode.com/problems/lucky-numbers-in-a-matrix
1381,Design a Stack With Increment Operation,Medium,79.90%,https://leetcode.com/problems/design-a-stack-with-increment-operation
1382,Balance a Binary Search Tree,Medium,86.30%,https://leetcode.com/problems/balance-a-binary-search-tree
1383,Maximum Performance of a Team,Hard,48.10%,https://leetcode.com/problems/maximum-performance-of-a-team
1384,Total Sales Amount by Year,Hard,61.20%,https://leetcode.com/problems/total-sales-amount-by-year
1385,Find the Distance Value Between Two Arrays,Easy,72.30%,https://leetcode.com/problems/find-the-distance-value-between-two-arrays
1386,Cinema Seat Allocation,Medium,56.90%,https://leetcode.com/problems/cinema-seat-allocation
1387,Sort Integers by The Power Value,Medium,71.80%,https://leetcode.com/problems/sort-integers-by-the-power-value
1388,Pizza With 3n Slices,Hard,54.30%,https://leetcode.com/problems/pizza-with-3n-slices
1389,Create Target Array in the Given Order,Easy,86.60%,https://leetcode.com/problems/create-target-array-in-the-given-order
1390,Four Divisors,Medium,56.50%,https://leetcode.com/problems/four-divisors
1391,Check if There is a Valid Path in a Grid,Medium,64.50%,https://leetcode.com/problems/check-if-there-is-a-valid-path-in-a-grid
1392,Longest Happy Prefix,Hard,53.80%,https://leetcode.com/problems/longest-happy-prefix
1393,Capital Gain/Loss,Medium,84.50%,https://leetcode.com/problems/capital-gainloss
1394,Find Lucky Integer in an Array,Easy,75.60%,https://leetcode.com/problems/find-lucky-integer-in-an-array
1395,Count Number of Teams,Medium,70.20%,https://leetcode.com/problems/count-number-of-teams
1396,Design Underground System,Medium,74.60%,https://leetcode.com/problems/design-underground-system
1397,Find All Good Strings,Hard,46.20%,https://leetcode.com/problems/find-all-good-strings
1398,Customers Who Bought Products A and B but Not C,Medium,71.40%,https://leetcode.com/problems/customers-who-bought-products-a-and-b-but-not-c
1399,Count Largest Group,Easy,74.70%,https://leetcode.com/problems/count-largest-group
1400,Construct K Palindrome Strings,Medium,68.50%,https://leetcode.com/problems/construct-k-palindrome-strings
1401,Circle and Rectangle Overlapping,Medium,50.50%,https://leetcode.com/problems/circle-and-rectangle-overlapping
1402,Reducing Dishes,Hard,76.80%,https://leetcode.com/problems/reducing-dishes
1403,Minimum Subsequence in Non-Increasing Order,Easy,74.10%,https://leetcode.com/problems/minimum-subsequence-in-non-increasing-order
1404,Number of Steps to Reduce a Number in Binary Representation to One,Medium,63.70%,https://leetcode.com/problems/number-of-steps-to-reduce-a-number-in-binary-representation-to-one
1405,Longest Happy String,Medium,65.60%,https://leetcode.com/problems/longest-happy-string
1406,Stone Game III,Hard,67.90%,https://leetcode.com/problems/stone-game-iii
1407,Top Travellers,Easy,57.70%,https://leetcode.com/problems/top-travellers
1408,String Matching in an Array,Easy,69.80%,https://leetcode.com/problems/string-matching-in-an-array
1409,Queries on a Permutation With Key,Medium,85.00%,https://leetcode.com/problems/queries-on-a-permutation-with-key
1410,HTML Entity Parser,Medium,50.00%,https://leetcode.com/problems/html-entity-parser
1411,Number of Ways to Paint N ? 3 Grid,Hard,80.60%,https://leetcode.com/problems/number-of-ways-to-paint-n-3-grid
1412,Find the Quiet Students in All Exams,Hard,58.00%,https://leetcode.com/problems/find-the-quiet-students-in-all-exams
1413,Minimum Value to Get Positive Step by Step Sum,Easy,64.90%,https://leetcode.com/problems/minimum-value-to-get-positive-step-by-step-sum
1414,Find the Minimum Number of Fibonacci Numbers Whose Sum Is K,Medium,64.80%,https://leetcode.com/problems/find-the-minimum-number-of-fibonacci-numbers-whose-sum-is-k
1415,The k-th Lexicographical String of All Happy Strings of Length n,Medium,87.10%,https://leetcode.com/problems/the-k-th-lexicographical-string-of-all-happy-strings-of-length-n
1416,Restore The Array,Hard,46.70%,https://leetcode.com/problems/restore-the-array
1417,Reformat The String,Easy,52.20%,https://leetcode.com/problems/reformat-the-string
1418,Display Table of Food Orders in a Restaurant,Medium,76.50%,https://leetcode.com/problems/display-table-of-food-orders-in-a-restaurant
1419,Minimum Number of Frogs Croaking,Medium,51.30%,https://leetcode.com/problems/minimum-number-of-frogs-croaking
1420,Build Array Where You Can Find The Maximum Exactly K Comparisons,Hard,65.30%,https://leetcode.com/problems/build-array-where-you-can-find-the-maximum-exactly-k-comparisons
1421,NPV Queries,Easy,82.80%,https://leetcode.com/problems/npv-queries
1422,Maximum Score After Splitting a String,Easy,65.10%,https://leetcode.com/problems/maximum-score-after-splitting-a-string
1423,Maximum Points You Can Obtain from Cards,Medium,58.30%,https://leetcode.com/problems/maximum-points-you-can-obtain-from-cards
1424,Diagonal Traverse II,Medium,58.30%,https://leetcode.com/problems/diagonal-traverse-ii
1425,Constrained Subsequence Sum,Hard,56.40%,https://leetcode.com/problems/constrained-subsequence-sum
1426,Counting Elements,Easy,60.80%,https://leetcode.com/problems/counting-elements
1427,Perform String Shifts,Easy,56.00%,https://leetcode.com/problems/perform-string-shifts
1428,Leftmost Column with at Least a One,Medium,55.30%,https://leetcode.com/problems/leftmost-column-with-at-least-a-one
1429,First Unique Number,Medium,57.90%,https://leetcode.com/problems/first-unique-number
1430,Check If a String Is a Valid Sequence from Root to Leaves Path in a Binary Tree,Medium,47.50%,https://leetcode.com/problems/check-if-a-string-is-a-valid-sequence-from-root-to-leaves-path-in-a-binary-tree
1431,Kids With the Greatest Number of Candies,Easy,88.00%,https://leetcode.com/problems/kids-with-the-greatest-number-of-candies
1432,Max Difference You Can Get From Changing an Integer,Medium,48.60%,https://leetcode.com/problems/max-difference-you-can-get-from-changing-an-integer
1433,Check If a String Can Break Another String,Medium,71.20%,https://leetcode.com/problems/check-if-a-string-can-break-another-string
1434,Number of Ways to Wear Different Hats to Each Other,Hard,46.80%,https://leetcode.com/problems/number-of-ways-to-wear-different-hats-to-each-other
1435,Create a Session Bar Chart,Easy,74.20%,https://leetcode.com/problems/create-a-session-bar-chart
1436,Destination City,Easy,79.60%,https://leetcode.com/problems/destination-city
1437,Check If All 1's Are at Least Length K Places Away,Easy,64.30%,https://leetcode.com/problems/check-if-all-1s-are-at-least-length-k-places-away
1438,Longest Continuous Subarray With Absolute Diff Less Than or Equal to Limit,Medium,58.00%,https://leetcode.com/problems/longest-continuous-subarray-with-absolute-diff-less-than-or-equal-to-limit
1439,Find the Kth Smallest Sum of a Matrix With Sorted Rows,Hard,62.50%,https://leetcode.com/problems/find-the-kth-smallest-sum-of-a-matrix-with-sorted-rows
1440,Evaluate Boolean Expression,Medium,71.60%,https://leetcode.com/problems/evaluate-boolean-expression
1441,Build an Array With Stack Operations,Medium,80.80%,https://leetcode.com/problems/build-an-array-with-stack-operations
1442,Count Triplets That Can Form Two Arrays of Equal XOR,Medium,84.80%,https://leetcode.com/problems/count-triplets-that-can-form-two-arrays-of-equal-xor
1443,Minimum Time to Collect All Apples in a Tree,Medium,63.90%,https://leetcode.com/problems/minimum-time-to-collect-all-apples-in-a-tree
1444,Number of Ways of Cutting a Pizza,Hard,61.60%,https://leetcode.com/problems/number-of-ways-of-cutting-a-pizza
1445,Apples & Oranges,Medium,86.00%,https://leetcode.com/problems/apples-oranges
1446,Consecutive Characters,Easy,60.40%,https://leetcode.com/problems/consecutive-characters
1447,Simplified Fractions,Medium,70.20%,https://leetcode.com/problems/simplified-fractions
1448,Count Good Nodes in Binary Tree,Medium,74.00%,https://leetcode.com/problems/count-good-nodes-in-binary-tree
1449,Form Largest Integer With Digits That Add up to Target,Hard,50.10%,https://leetcode.com/problems/form-largest-integer-with-digits-that-add-up-to-target
1450,Number of Students Doing Homework at a Given Time,Easy,76.20%,https://leetcode.com/problems/number-of-students-doing-homework-at-a-given-time
1451,Rearrange Words in a Sentence,Medium,67.40%,https://leetcode.com/problems/rearrange-words-in-a-sentence
1452,People Whose List of Favorite Companies Is Not a Subset of Another List,Medium,60.90%,https://leetcode.com/problems/people-whose-list-of-favorite-companies-is-not-a-subset-of-another-list
1453,Maximum Number of Darts Inside of a Circular Dartboard,Hard,41.60%,https://leetcode.com/problems/maximum-number-of-darts-inside-of-a-circular-dartboard
1454,Active Users,Medium,36.60%,https://leetcode.com/problems/active-users
1455,Check If a Word Occurs As a Prefix of Any Word in a Sentence,Easy,68.80%,https://leetcode.com/problems/check-if-a-word-occurs-as-a-prefix-of-any-word-in-a-sentence
1456,Maximum Number of Vowels in a Substring of Given Length,Medium,62.80%,https://leetcode.com/problems/maximum-number-of-vowels-in-a-substring-of-given-length
1457,Pseudo-Palindromic Paths in a Binary Tree,Medium,68.40%,https://leetcode.com/problems/pseudo-palindromic-paths-in-a-binary-tree
1458,Max Dot Product of Two Subsequences,Hard,69.40%,https://leetcode.com/problems/max-dot-product-of-two-subsequences
1459,Rectangles Area,Medium,68.80%,https://leetcode.com/problems/rectangles-area
1460,Make Two Arrays Equal by Reversing Subarrays,Easy,75.80%,https://leetcode.com/problems/make-two-arrays-equal-by-reversing-subarrays
1461,Check If a String Contains All Binary Codes of Size K,Medium,61.60%,https://leetcode.com/problems/check-if-a-string-contains-all-binary-codes-of-size-k
1462,Course Schedule IV,Medium,60.30%,https://leetcode.com/problems/course-schedule-iv
1463,Cherry Pickup II,Hard,72.60%,https://leetcode.com/problems/cherry-pickup-ii
1464,Maximum Product of Two Elements in an Array,Easy,85.00%,https://leetcode.com/problems/maximum-product-of-two-elements-in-an-array
1465,Maximum Area of a Piece of Cake After Horizontal and Vertical Cuts,Medium,41.50%,https://leetcode.com/problems/maximum-area-of-a-piece-of-cake-after-horizontal-and-vertical-cuts
1466,Reorder Routes to Make All Paths Lead to the City Zero,Medium,66.10%,https://leetcode.com/problems/reorder-routes-to-make-all-paths-lead-to-the-city-zero
1467,Probability of a Two Boxes Having The Same Number of Distinct Balls,Hard,61.70%,https://leetcode.com/problems/probability-of-a-two-boxes-having-the-same-number-of-distinct-balls
1468,Calculate Salaries,Medium,77.20%,https://leetcode.com/problems/calculate-salaries
1469,Find All The Lonely Nodes,Easy,84.10%,https://leetcode.com/problems/find-all-the-lonely-nodes
1470,Shuffle the Array,Easy,88.70%,https://leetcode.com/problems/shuffle-the-array
1471,The k Strongest Values in an Array,Medium,62.90%,https://leetcode.com/problems/the-k-strongest-values-in-an-array
1472,Design Browser History,Medium,78.50%,https://leetcode.com/problems/design-browser-history
1473,Paint House III,Hard,61.30%,https://leetcode.com/problems/paint-house-iii
1474,Delete N Nodes After M Nodes of a Linked List,Easy,74.40%,https://leetcode.com/problems/delete-n-nodes-after-m-nodes-of-a-linked-list
1475,Final Prices With a Special Discount in a Shop,Easy,84.30%,https://leetcode.com/problems/final-prices-with-a-special-discount-in-a-shop
1476,Subrectangle Queries,Medium,86.50%,https://leetcode.com/problems/subrectangle-queries
1477,Find Two Non-overlapping Sub-arrays Each With Target Sum,Medium,37.00%,https://leetcode.com/problems/find-two-non-overlapping-sub-arrays-each-with-target-sum
1478,Allocate Mailboxes,Hard,57.00%,https://leetcode.com/problems/allocate-mailboxes
1479,Sales by Day of the Week,Hard,76.10%,https://leetcode.com/problems/sales-by-day-of-the-week
1480,Running Sum of 1d Array,Easy,87.10%,https://leetcode.com/problems/running-sum-of-1d-array
1481,Least Number of Unique Integers after K Removals,Medium,64.00%,https://leetcode.com/problems/least-number-of-unique-integers-after-k-removals
1482,Minimum Number of Days to Make m Bouquets,Medium,57.10%,https://leetcode.com/problems/minimum-number-of-days-to-make-m-bouquets
1483,Kth Ancestor of a Tree Node,Hard,39.60%,https://leetcode.com/problems/kth-ancestor-of-a-tree-node
1484,Group Sold Products By The Date,Easy,78.30%,https://leetcode.com/problems/group-sold-products-by-the-date
1485,Clone Binary Tree With Random Pointer,Medium,81.10%,https://leetcode.com/problems/clone-binary-tree-with-random-pointer
1486,XOR Operation in an Array,Easy,87.90%,https://leetcode.com/problems/xor-operation-in-an-array
1487,Making File Names Unique,Medium,38.90%,https://leetcode.com/problems/making-file-names-unique
1488,Avoid Flood in The City,Medium,38.90%,https://leetcode.com/problems/avoid-flood-in-the-city
1489,Find Critical and Pseudo-Critical Edges in Minimum Spanning Tree,Hard,66.70%,https://leetcode.com/problems/find-critical-and-pseudo-critical-edges-in-minimum-spanning-tree
1490,Clone N-ary Tree,Medium,83.10%,https://leetcode.com/problems/clone-n-ary-tree
1491,Average Salary Excluding the Minimum and Maximum Salary,Easy,63.60%,https://leetcode.com/problems/average-salary-excluding-the-minimum-and-maximum-salary
1492,The kth Factor of n,Medium,70.80%,https://leetcode.com/problems/the-kth-factor-of-n
1493,Longest Subarray of 1's After Deleting One Element,Medium,71.50%,https://leetcode.com/problems/longest-subarray-of-1s-after-deleting-one-element
1494,Parallel Courses II,Hard,31.40%,https://leetcode.com/problems/parallel-courses-ii
1495,Friendly Movies Streamed Last Month,Easy,48.90%,https://leetcode.com/problems/friendly-movies-streamed-last-month
1496,Path Crossing,Easy,62.70%,https://leetcode.com/problems/path-crossing
1497,Check If Array Pairs Are Divisible by k,Medium,46.20%,https://leetcode.com/problems/check-if-array-pairs-are-divisible-by-k
1498,Number of Subsequences That Satisfy the Given Sum Condition,Medium,49.00%,https://leetcode.com/problems/number-of-subsequences-that-satisfy-the-given-sum-condition
1499,Max Value of Equation,Hard,45.20%,https://leetcode.com/problems/max-value-of-equation
1500,Design a File Sharing System,Medium,41.80%,https://leetcode.com/problems/design-a-file-sharing-system
1501,Countries You Can Safely Invest In,Medium,50.80%,https://leetcode.com/problems/countries-you-can-safely-invest-in
1502,Can Make Arithmetic Progression From Sequence,Easy,68.70%,https://leetcode.com/problems/can-make-arithmetic-progression-from-sequence
1503,Last Moment Before All Ants Fall Out of a Plank,Medium,68.10%,https://leetcode.com/problems/last-moment-before-all-ants-fall-out-of-a-plank
1504,Count Submatrices With All Ones,Medium,71.00%,https://leetcode.com/problems/count-submatrices-with-all-ones
1505,Minimum Possible Integer After at Most K Adjacent Swaps On Digits,Hard,41.90%,https://leetcode.com/problems/minimum-possible-integer-after-at-most-k-adjacent-swaps-on-digits
1506,Find Root of N-Ary Tree,Medium,78.60%,https://leetcode.com/problems/find-root-of-n-ary-tree
1507,Reformat Date,Easy,68.90%,https://leetcode.com/problems/reformat-date
1508,Range Sum of Sorted Subarray Sums,Medium,63.00%,https://leetcode.com/problems/range-sum-of-sorted-subarray-sums
1509,Minimum Difference Between Largest and Smallest Value in Three Moves,Medium,59.20%,https://leetcode.com/problems/minimum-difference-between-largest-and-smallest-value-in-three-moves
1510,Stone Game IV,Hard,65.20%,https://leetcode.com/problems/stone-game-iv
1511,Customer Order Frequency,Easy,66.30%,https://leetcode.com/problems/customer-order-frequency
1512,Number of Good Pairs,Easy,89.90%,https://leetcode.com/problems/number-of-good-pairs
1513,Number of Substrings With Only 1s,Medium,57.30%,https://leetcode.com/problems/number-of-substrings-with-only-1s
1514,Path with Maximum Probability,Medium,65.80%,https://leetcode.com/problems/path-with-maximum-probability
1515,Best Position for a Service Centre,Hard,35.70%,https://leetcode.com/problems/best-position-for-a-service-centre
1516,Move Sub-Tree of N-Ary Tree,Hard,59.90%,https://leetcode.com/problems/move-sub-tree-of-n-ary-tree
1517,Find Users With Valid E-Mails,Easy,35.30%,https://leetcode.com/problems/find-users-with-valid-e-mails
1518,Water Bottles,Easy,72.60%,https://leetcode.com/problems/water-bottles
1519,Number of Nodes in the Sub-Tree With the Same Label,Medium,55.60%,https://leetcode.com/problems/number-of-nodes-in-the-sub-tree-with-the-same-label
1520,Maximum Number of Non-Overlapping Substrings,Hard,44.00%,https://leetcode.com/problems/maximum-number-of-non-overlapping-substrings
1521,Find a Value of a Mysterious Function Closest to Target,Hard,48.00%,https://leetcode.com/problems/find-a-value-of-a-mysterious-function-closest-to-target
1522,Diameter of N-Ary Tree,Medium,75.50%,https://leetcode.com/problems/diameter-of-n-ary-tree
1523,Count Odd Numbers in an Interval Range,Easy,54.80%,https://leetcode.com/problems/count-odd-numbers-in-an-interval-range
1524,Number of Sub-arrays With Odd Sum,Medium,55.60%,https://leetcode.com/problems/number-of-sub-arrays-with-odd-sum
1525,Number of Good Ways to Split a String,Medium,68.60%,https://leetcode.com/problems/number-of-good-ways-to-split-a-string
1526,Minimum Number of Increments on Subarrays to Form a Target Array,Hard,78.30%,https://leetcode.com/problems/minimum-number-of-increments-on-subarrays-to-form-a-target-array
1527,Patients With a Condition,Easy,39.20%,https://leetcode.com/problems/patients-with-a-condition
1528,Shuffle String,Easy,85.50%,https://leetcode.com/problems/shuffle-string
1529,Minimum Suffix Flips,Medium,74.00%,https://leetcode.com/problems/minimum-suffix-flips
1530,Number of Good Leaf Nodes Pairs,Medium,71.80%,https://leetcode.com/problems/number-of-good-leaf-nodes-pairs
1531,String Compression II,Hard,52.20%,https://leetcode.com/problems/string-compression-ii
1532,The Most Recent Three Orders,Medium,69.20%,https://leetcode.com/problems/the-most-recent-three-orders
1533,Find the Index of the Large Integer,Medium,56.60%,https://leetcode.com/problems/find-the-index-of-the-large-integer
1534,Count Good Triplets,Easy,85.60%,https://leetcode.com/problems/count-good-triplets
1535,Find the Winner of an Array Game,Medium,56.90%,https://leetcode.com/problems/find-the-winner-of-an-array-game
1536,Minimum Swaps to Arrange a Binary Grid,Medium,70.20%,https://leetcode.com/problems/minimum-swaps-to-arrange-a-binary-grid
1537,Get the Maximum Score,Hard,41.50%,https://leetcode.com/problems/get-the-maximum-score
1538,Guess the Majority in a Hidden Array,Medium,69.10%,https://leetcode.com/problems/guess-the-majority-in-a-hidden-array
1539,Kth Missing Positive Number,Easy,63.90%,https://leetcode.com/problems/kth-missing-positive-number
1540,Can Convert String in K Moves,Medium,38.00%,https://leetcode.com/problems/can-convert-string-in-k-moves
1541,Minimum Insertions to Balance a Parentheses String,Medium,53.70%,https://leetcode.com/problems/minimum-insertions-to-balance-a-parentheses-string
1542,Find Longest Awesome Substring,Hard,47.50%,https://leetcode.com/problems/find-longest-awesome-substring
1543,Fix Product Name Format,Easy,58.80%,https://leetcode.com/problems/fix-product-name-format
1544,Make The String Great,Easy,68.70%,https://leetcode.com/problems/make-the-string-great
1545,Find Kth Bit in Nth Binary String,Medium,73.70%,https://leetcode.com/problems/find-kth-bit-in-nth-binary-string
1546,Maximum Number of Non-Overlapping Subarrays With Sum Equals Target,Medium,49.30%,https://leetcode.com/problems/maximum-number-of-non-overlapping-subarrays-with-sum-equals-target
1547,Minimum Cost to Cut a Stick,Hard,63.40%,https://leetcode.com/problems/minimum-cost-to-cut-a-stick
1548,The Most Similar Path in a Graph,Hard,59.50%,https://leetcode.com/problems/the-most-similar-path-in-a-graph
1549,The Most Recent Orders for Each Product,Medium,65.00%,https://leetcode.com/problems/the-most-recent-orders-for-each-product
1550,Three Consecutive Odds,Easy,69.30%,https://leetcode.com/problems/three-consecutive-odds
1551,Minimum Operations to Make Array Equal,Medium,82.80%,https://leetcode.com/problems/minimum-operations-to-make-array-equal
1552,Magnetic Force Between Two Balls,Medium,72.60%,https://leetcode.com/problems/magnetic-force-between-two-balls
1553,Minimum Number of Days to Eat N Oranges,Hard,36.50%,https://leetcode.com/problems/minimum-number-of-days-to-eat-n-oranges
1554,Strings Differ by One Character,Medium,39.60%,https://leetcode.com/problems/strings-differ-by-one-character
1555,Bank Account Summary,Medium,52.30%,https://leetcode.com/problems/bank-account-summary
1556,Thousand Separator,Easy,53.90%,https://leetcode.com/problems/thousand-separator
1557,Minimum Number of Vertices to Reach All Nodes,Medium,81.80%,https://leetcode.com/problems/minimum-number-of-vertices-to-reach-all-nodes
1558,Minimum Numbers of Function Calls to Make Target Array,Medium,62.80%,https://leetcode.com/problems/minimum-numbers-of-function-calls-to-make-target-array
1559,Detect Cycles in 2D Grid,Medium,63.50%,https://leetcode.com/problems/detect-cycles-in-2d-grid
1560,Most Visited Sector in a Circular Track,Easy,60.10%,https://leetcode.com/problems/most-visited-sector-in-a-circular-track
1561,Maximum Number of Coins You Can Get,Medium,84.90%,https://leetcode.com/problems/maximum-number-of-coins-you-can-get
1562,Find Latest Group of Size M,Medium,44.20%,https://leetcode.com/problems/find-latest-group-of-size-m
1563,Stone Game V,Hard,59.00%,https://leetcode.com/problems/stone-game-v
1564,Put Boxes Into the Warehouse I,Medium,67.80%,https://leetcode.com/problems/put-boxes-into-the-warehouse-i
1565,Unique Orders and Customers Per Month,Easy,81.90%,https://leetcode.com/problems/unique-orders-and-customers-per-month
1566,Detect Pattern of Length M Repeated K or More Times,Easy,44.20%,https://leetcode.com/problems/detect-pattern-of-length-m-repeated-k-or-more-times
1567,Maximum Length of Subarray With Positive Product,Medium,44.80%,https://leetcode.com/problems/maximum-length-of-subarray-with-positive-product
1568,Minimum Number of Days to Disconnect Island,Hard,58.70%,https://leetcode.com/problems/minimum-number-of-days-to-disconnect-island
1569,Number of Ways to Reorder Array to Get Same BST,Hard,54.20%,https://leetcode.com/problems/number-of-ways-to-reorder-array-to-get-same-bst
1570,Dot Product of Two Sparse Vectors,Medium,89.90%,https://leetcode.com/problems/dot-product-of-two-sparse-vectors
1571,Warehouse Manager,Easy,87.10%,https://leetcode.com/problems/warehouse-manager
1572,Matrix Diagonal Sum,Easy,84.60%,https://leetcode.com/problems/matrix-diagonal-sum
1573,Number of Ways to Split a String,Medium,34.80%,https://leetcode.com/problems/number-of-ways-to-split-a-string
1574,Shortest Subarray to be Removed to Make Array Sorted,Medium,51.30%,https://leetcode.com/problems/shortest-subarray-to-be-removed-to-make-array-sorted
1575,Count All Possible Routes,Hard,64.80%,https://leetcode.com/problems/count-all-possible-routes
1576,Replace All ?'s to Avoid Consecutive Repeating Characters,Easy,45.30%,https://leetcode.com/problems/replace-all-s-to-avoid-consecutive-repeating-characters
1577,Number of Ways Where Square of Number Is Equal to Product of Two Numbers,Medium,43.90%,https://leetcode.com/problems/number-of-ways-where-square-of-number-is-equal-to-product-of-two-numbers
1578,Minimum Time to Make Rope Colorful,Medium,65.20%,https://leetcode.com/problems/minimum-time-to-make-rope-colorful
1579,Remove Max Number of Edges to Keep Graph Fully Traversable,Hard,70.10%,https://leetcode.com/problems/remove-max-number-of-edges-to-keep-graph-fully-traversable
1580,Put Boxes Into the Warehouse II,Medium,66.30%,https://leetcode.com/problems/put-boxes-into-the-warehouse-ii
1581,Customer Who Visited but Did Not Make Any Transactions,Easy,68.50%,https://leetcode.com/problems/customer-who-visited-but-did-not-make-any-transactions
1582,Special Positions in a Binary Matrix,Easy,72.70%,https://leetcode.com/problems/special-positions-in-a-binary-matrix
1583,Count Unhappy Friends,Medium,62.70%,https://leetcode.com/problems/count-unhappy-friends
1584,Min Cost to Connect All Points,Medium,71.70%,https://leetcode.com/problems/min-cost-to-connect-all-points
1585,Check If String Is Transformable With Substring Sort Operations,Hard,51.80%,https://leetcode.com/problems/check-if-string-is-transformable-with-substring-sort-operations
1586,Binary Search Tree Iterator II,Medium,63.30%,https://leetcode.com/problems/binary-search-tree-iterator-ii
1587,Bank Account Summary II,Easy,83.00%,https://leetcode.com/problems/bank-account-summary-ii
1588,Sum of All Odd Length Subarrays,Easy,84.10%,https://leetcode.com/problems/sum-of-all-odd-length-subarrays
1589,Maximum Sum Obtained of Any Permutation,Medium,41.50%,https://leetcode.com/problems/maximum-sum-obtained-of-any-permutation
1590,Make Sum Divisible by P,Medium,42.60%,https://leetcode.com/problems/make-sum-divisible-by-p
1591,Strange Printer II,Hard,61.20%,https://leetcode.com/problems/strange-printer-ii
1592,Rearrange Spaces Between Words,Easy,44.40%,https://leetcode.com/problems/rearrange-spaces-between-words
1593,Split a String Into the Max Number of Unique Substrings,Medium,68.80%,https://leetcode.com/problems/split-a-string-into-the-max-number-of-unique-substrings
1594,Maximum Non Negative Product in a Matrix,Medium,51.80%,https://leetcode.com/problems/maximum-non-negative-product-in-a-matrix
1595,Minimum Cost to Connect Two Groups of Points,Hard,50.70%,https://leetcode.com/problems/minimum-cost-to-connect-two-groups-of-points
1596,The Most Frequently Ordered Products for Each Customer,Medium,77.70%,https://leetcode.com/problems/the-most-frequently-ordered-products-for-each-customer
1597,Build Binary Expression Tree From Infix Expression,Hard,62.70%,https://leetcode.com/problems/build-binary-expression-tree-from-infix-expression
1598,Crawler Log Folder,Easy,71.70%,https://leetcode.com/problems/crawler-log-folder
1599,Maximum Profit of Operating a Centennial Wheel,Medium,44.70%,https://leetcode.com/problems/maximum-profit-of-operating-a-centennial-wheel
1600,Throne Inheritance,Medium,67.90%,https://leetcode.com/problems/throne-inheritance
1601,Maximum Number of Achievable Transfer Requests,Hard,64.80%,https://leetcode.com/problems/maximum-number-of-achievable-transfer-requests
1602,Find Nearest Right Node in Binary Tree,Medium,74.90%,https://leetcode.com/problems/find-nearest-right-node-in-binary-tree
1603,Design Parking System,Easy,87.20%,https://leetcode.com/problems/design-parking-system
1604,Alert Using Same Key-Card Three or More Times in a One Hour Period,Medium,46.40%,https://leetcode.com/problems/alert-using-same-key-card-three-or-more-times-in-a-one-hour-period
1605,Find Valid Matrix Given Row and Column Sums,Medium,82.60%,https://leetcode.com/problems/find-valid-matrix-given-row-and-column-sums
1606,Find Servers That Handled Most Number of Requests,Hard,45.70%,https://leetcode.com/problems/find-servers-that-handled-most-number-of-requests
1607,Sellers With No Sales,Easy,54.30%,https://leetcode.com/problems/sellers-with-no-sales
1608,Special Array With X Elements Greater Than or Equal X,Easy,66.90%,https://leetcode.com/problems/special-array-with-x-elements-greater-than-or-equal-x
1609,Even Odd Tree,Medium,67.30%,https://leetcode.com/problems/even-odd-tree
1610,Maximum Number of Visible Points,Hard,38.40%,https://leetcode.com/problems/maximum-number-of-visible-points
1611,Minimum One Bit Operations to Make Integers Zero,Hard,78.20%,https://leetcode.com/problems/minimum-one-bit-operations-to-make-integers-zero
1612,Check If Two Expression Trees are Equivalent,Medium,71.40%,https://leetcode.com/problems/check-if-two-expression-trees-are-equivalent
1613,Find the Missing IDs,Medium,72.80%,https://leetcode.com/problems/find-the-missing-ids
1614,Maximum Nesting Depth of the Parentheses,Easy,85.10%,https://leetcode.com/problems/maximum-nesting-depth-of-the-parentheses
1615,Maximal Network Rank,Medium,66.10%,https://leetcode.com/problems/maximal-network-rank
1616,Split Two Strings to Make Palindrome,Medium,32.70%,https://leetcode.com/problems/split-two-strings-to-make-palindrome
1617,Count Subtrees With Max Distance Between Cities,Hard,67.60%,https://leetcode.com/problems/count-subtrees-with-max-distance-between-cities
1618,Maximum Font to Fit a Sentence in a Screen,Medium,61.90%,https://leetcode.com/problems/maximum-font-to-fit-a-sentence-in-a-screen
1619,Mean of Array After Removing Some Elements,Easy,72.20%,https://leetcode.com/problems/mean-of-array-after-removing-some-elements
1620,Coordinate With Maximum Network Quality,Medium,40.10%,https://leetcode.com/problems/coordinate-with-maximum-network-quality
1621,Number of Sets of K Non-Overlapping Line Segments,Medium,46.40%,https://leetcode.com/problems/number-of-sets-of-k-non-overlapping-line-segments
1622,Fancy Sequence,Hard,41.60%,https://leetcode.com/problems/fancy-sequence
1623,All Valid Triplets That Can Represent a Country,Easy,80.80%,https://leetcode.com/problems/all-valid-triplets-that-can-represent-a-country
1624,Largest Substring Between Two Equal Characters,Easy,68.40%,https://leetcode.com/problems/largest-substring-between-two-equal-characters
1625,Lexicographically Smallest String After Applying Operations,Medium,79.30%,https://leetcode.com/problems/lexicographically-smallest-string-after-applying-operations
1626,Best Team With No Conflicts,Medium,50.90%,https://leetcode.com/problems/best-team-with-no-conflicts
1627,Graph Connectivity With Threshold,Hard,50.10%,https://leetcode.com/problems/graph-connectivity-with-threshold
1628,Design an Expression Tree With Evaluate Function,Medium,82.50%,https://leetcode.com/problems/design-an-expression-tree-with-evaluate-function
1629,Slowest Key,Easy,59.80%,https://leetcode.com/problems/slowest-key
1630,Arithmetic Subarrays,Medium,83.70%,https://leetcode.com/problems/arithmetic-subarrays
1631,Path With Minimum Effort,Medium,64.00%,https://leetcode.com/problems/path-with-minimum-effort
1632,Rank Transform of a Matrix,Hard,42.60%,https://leetcode.com/problems/rank-transform-of-a-matrix
1633,Percentage of Users Attended a Contest,Easy,61.10%,https://leetcode.com/problems/percentage-of-users-attended-a-contest
1634,Add Two Polynomials Represented as Linked Lists,Medium,61.00%,https://leetcode.com/problems/add-two-polynomials-represented-as-linked-lists
1635,Hopper Company Queries I,Hard,47.80%,https://leetcode.com/problems/hopper-company-queries-i
1636,Sort Array by Increasing Frequency,Easy,81.00%,https://leetcode.com/problems/sort-array-by-increasing-frequency
1637,Widest Vertical Area Between Two Points Containing No Points,Easy,87.10%,https://leetcode.com/problems/widest-vertical-area-between-two-points-containing-no-points
1638,Count Substrings That Differ by One Character,Medium,72.30%,https://leetcode.com/problems/count-substrings-that-differ-by-one-character
1639,Number of Ways to Form a Target String Given a Dictionary,Hard,56.30%,https://leetcode.com/problems/number-of-ways-to-form-a-target-string-given-a-dictionary
1640,Check Array Formation Through Concatenation,Easy,57.50%,https://leetcode.com/problems/check-array-formation-through-concatenation
1641,Count Sorted Vowel Strings,Medium,79.40%,https://leetcode.com/problems/count-sorted-vowel-strings
1642,Furthest Building You Can Reach,Medium,51.10%,https://leetcode.com/problems/furthest-building-you-can-reach
1643,Kth Smallest Instructions,Hard,44.80%,https://leetcode.com/problems/kth-smallest-instructions
1644,Lowest Common Ancestor of a Binary Tree II,Medium,69.70%,https://leetcode.com/problems/lowest-common-ancestor-of-a-binary-tree-ii
1645,Hopper Company Queries II,Hard,39.90%,https://leetcode.com/problems/hopper-company-queries-ii
1646,Get Maximum in Generated Array,Easy,51.70%,https://leetcode.com/problems/get-maximum-in-generated-array
1647,Minimum Deletions to Make Character Frequencies Unique,Medium,61.50%,https://leetcode.com/problems/minimum-deletions-to-make-character-frequencies-unique
1648,Sell Diminishing-Valued Colored Balls,Medium,30.40%,https://leetcode.com/problems/sell-diminishing-valued-colored-balls
1649,Create Sorted Array through Instructions,Hard,42.40%,https://leetcode.com/problems/create-sorted-array-through-instructions
1650,Lowest Common Ancestor of a Binary Tree III,Medium,83.00%,https://leetcode.com/problems/lowest-common-ancestor-of-a-binary-tree-iii
1651,Hopper Company Queries III,Hard,65.10%,https://leetcode.com/problems/hopper-company-queries-iii
1652,Defuse the Bomb,Easy,79.50%,https://leetcode.com/problems/defuse-the-bomb
1653,Minimum Deletions to Make String Balanced,Medium,68.20%,https://leetcode.com/problems/minimum-deletions-to-make-string-balanced
1654,Minimum Jumps to Reach Home,Medium,31.10%,https://leetcode.com/problems/minimum-jumps-to-reach-home
1655,Distribute Repeating Integers,Hard,41.10%,https://leetcode.com/problems/distribute-repeating-integers
1656,Design an Ordered Stream,Easy,82.70%,https://leetcode.com/problems/design-an-ordered-stream
1657,Determine if Two Strings Are Close,Medium,54.40%,https://leetcode.com/problems/determine-if-two-strings-are-close
1658,Minimum Operations to Reduce X to Zero,Medium,40.80%,https://leetcode.com/problems/minimum-operations-to-reduce-x-to-zero
1659,Maximize Grid Happiness,Hard,41.50%,https://leetcode.com/problems/maximize-grid-happiness
1660,Correct a Binary Tree,Medium,74.10%,https://leetcode.com/problems/correct-a-binary-tree
1661,Average Time of Process per Machine,Easy,67.00%,https://leetcode.com/problems/average-time-of-process-per-machine
1662,Check If Two String Arrays are Equivalent,Easy,86.20%,https://leetcode.com/problems/check-if-two-string-arrays-are-equivalent
1663,Smallest String With A Given Numeric Value,Medium,67.60%,https://leetcode.com/problems/smallest-string-with-a-given-numeric-value
1664,Ways to Make a Fair Array,Medium,67.50%,https://leetcode.com/problems/ways-to-make-a-fair-array
1665,Minimum Initial Energy to Finish Tasks,Hard,76.50%,https://leetcode.com/problems/minimum-initial-energy-to-finish-tasks
1666,Change the Root of a Binary Tree,Medium,74.30%,https://leetcode.com/problems/change-the-root-of-a-binary-tree
1667,Fix Names in a Table,Easy,60.70%,https://leetcode.com/problems/fix-names-in-a-table
1668,Maximum Repeating Substring,Easy,42.30%,https://leetcode.com/problems/maximum-repeating-substring
1669,Merge In Between Linked Lists,Medium,83.20%,https://leetcode.com/problems/merge-in-between-linked-lists
1670,Design Front Middle Back Queue,Medium,58.60%,https://leetcode.com/problems/design-front-middle-back-queue
1671,Minimum Number of Removals to Make Mountain Array,Hard,54.80%,https://leetcode.com/problems/minimum-number-of-removals-to-make-mountain-array
1672,Richest Customer Wealth,Easy,88.80%,https://leetcode.com/problems/richest-customer-wealth
1673,Find the Most Competitive Subsequence,Medium,53.50%,https://leetcode.com/problems/find-the-most-competitive-subsequence
1674,Minimum Moves to Make Array Complementary,Medium,64.80%,https://leetcode.com/problems/minimum-moves-to-make-array-complementary
1675,Minimize Deviation in Array,Hard,54.00%,https://leetcode.com/problems/minimize-deviation-in-array
1676,Lowest Common Ancestor of a Binary Tree IV,Medium,79.60%,https://leetcode.com/problems/lowest-common-ancestor-of-a-binary-tree-iv
1677,Product's Worth Over Invoices,Easy,38.70%,https://leetcode.com/problems/products-worth-over-invoices
1678,Goal Parser Interpretation,Easy,88.20%,https://leetcode.com/problems/goal-parser-interpretation
1679,Max Number of K-Sum Pairs,Medium,57.40%,https://leetcode.com/problems/max-number-of-k-sum-pairs
1680,Concatenation of Consecutive Binary Numbers,Medium,66.70%,https://leetcode.com/problems/concatenation-of-consecutive-binary-numbers
1681,Minimum Incompatibility,Hard,41.90%,https://leetcode.com/problems/minimum-incompatibility
1682,Longest Palindromic Subsequence II,Medium,50.10%,https://leetcode.com/problems/longest-palindromic-subsequence-ii
1683,Invalid Tweets,Easy,85.20%,https://leetcode.com/problems/invalid-tweets
1684,Count the Number of Consistent Strings,Easy,88.50%,https://leetcode.com/problems/count-the-number-of-consistent-strings
1685,Sum of Absolute Differences in a Sorted Array,Medium,68.60%,https://leetcode.com/problems/sum-of-absolute-differences-in-a-sorted-array
1686,Stone Game VI,Medium,61.80%,https://leetcode.com/problems/stone-game-vi
1687,Delivering Boxes from Storage to Ports,Hard,40.00%,https://leetcode.com/problems/delivering-boxes-from-storage-to-ports
1688,Count of Matches in Tournament,Easy,86.60%,https://leetcode.com/problems/count-of-matches-in-tournament
1689,Partitioning Into Minimum Number Of Deci-Binary Numbers,Medium,90.50%,https://leetcode.com/problems/partitioning-into-minimum-number-of-deci-binary-numbers
1690,Stone Game VII,Medium,59.30%,https://leetcode.com/problems/stone-game-vii
1691,Maximum Height by Stacking Cuboids,Hard,62.60%,https://leetcode.com/problems/maximum-height-by-stacking-cuboids
1692,Count Ways to Distribute Candies,Hard,62.70%,https://leetcode.com/problems/count-ways-to-distribute-candies
1693,Daily Leads and Partners,Easy,86.90%,https://leetcode.com/problems/daily-leads-and-partners
1694,Reformat Phone Number,Easy,67.90%,https://leetcode.com/problems/reformat-phone-number
1695,Maximum Erasure Value,Medium,64.40%,https://leetcode.com/problems/maximum-erasure-value
1696,Jump Game VI,Medium,46.60%,https://leetcode.com/problems/jump-game-vi
1697,Checking Existence of Edge Length Limited Paths,Hard,63.60%,https://leetcode.com/problems/checking-existence-of-edge-length-limited-paths
1698,Number of Distinct Substrings in a String,Medium,64.50%,https://leetcode.com/problems/number-of-distinct-substrings-in-a-string
1699,Number of Calls Between Two Persons,Medium,80.70%,https://leetcode.com/problems/number-of-calls-between-two-persons
1700,Number of Students Unable to Eat Lunch,Easy,80.00%,https://leetcode.com/problems/number-of-students-unable-to-eat-lunch
1701,Average Waiting Time,Medium,73.10%,https://leetcode.com/problems/average-waiting-time
1702,Maximum Binary String After Change,Medium,48.00%,https://leetcode.com/problems/maximum-binary-string-after-change
1703,Minimum Adjacent Swaps for K Consecutive Ones,Hard,42.70%,https://leetcode.com/problems/minimum-adjacent-swaps-for-k-consecutive-ones
1704,Determine if String Halves Are Alike,Easy,78.90%,https://leetcode.com/problems/determine-if-string-halves-are-alike
1705,Maximum Number of Eaten Apples,Medium,44.20%,https://leetcode.com/problems/maximum-number-of-eaten-apples
1706,Where Will the Ball Fall,Medium,72.40%,https://leetcode.com/problems/where-will-the-ball-fall
1707,Maximum XOR With an Element From Array,Hard,59.40%,https://leetcode.com/problems/maximum-xor-with-an-element-from-array
1708,Largest Subarray Length K,Easy,65.60%,https://leetcode.com/problems/largest-subarray-length-k
1709,Biggest Window Between Visits,Medium,69.70%,https://leetcode.com/problems/biggest-window-between-visits
1710,Maximum Units on a Truck,Easy,75.20%,https://leetcode.com/problems/maximum-units-on-a-truck
1711,Count Good Meals,Medium,33.10%,https://leetcode.com/problems/count-good-meals
1712,Ways to Split Array Into Three Subarrays,Medium,34.60%,https://leetcode.com/problems/ways-to-split-array-into-three-subarrays
1713,Minimum Operations to Make a Subsequence,Hard,50.10%,https://leetcode.com/problems/minimum-operations-to-make-a-subsequence
1714,Sum Of Special Evenly-Spaced Elements In Array,Hard,49.80%,https://leetcode.com/problems/sum-of-special-evenly-spaced-elements-in-array
1715,Count Apples and Oranges,Medium,75.70%,https://leetcode.com/problems/count-apples-and-oranges
1716,Calculate Money in Leetcode Bank,Easy,82.50%,https://leetcode.com/problems/calculate-money-in-leetcode-bank
1717,Maximum Score From Removing Substrings,Medium,66.40%,https://leetcode.com/problems/maximum-score-from-removing-substrings
1718,Construct the Lexicographically Largest Valid Sequence,Medium,72.70%,https://leetcode.com/problems/construct-the-lexicographically-largest-valid-sequence
1719,Number Of Ways To Reconstruct A Tree,Hard,46.40%,https://leetcode.com/problems/number-of-ways-to-reconstruct-a-tree
1720,Decode XORed Array,Easy,87.50%,https://leetcode.com/problems/decode-xored-array
1721,Swapping Nodes in a Linked List,Medium,69.80%,https://leetcode.com/problems/swapping-nodes-in-a-linked-list
1722,Minimize Hamming Distance After Swap Operations,Medium,69.70%,https://leetcode.com/problems/minimize-hamming-distance-after-swap-operations
1723,Find Minimum Time to Finish All Jobs,Hard,46.30%,https://leetcode.com/problems/find-minimum-time-to-finish-all-jobs
1724,Checking Existence of Edge Length Limited Paths II,Hard,51.00%,https://leetcode.com/problems/checking-existence-of-edge-length-limited-paths-ii
1725,Number Of Rectangles That Can Form The Largest Square,Easy,79.50%,https://leetcode.com/problems/number-of-rectangles-that-can-form-the-largest-square
1726,Tuple with Same Product,Medium,70.10%,https://leetcode.com/problems/tuple-with-same-product
1727,Largest Submatrix With Rearrangements,Medium,80.20%,https://leetcode.com/problems/largest-submatrix-with-rearrangements
1728,Cat and Mouse II,Hard,40.40%,https://leetcode.com/problems/cat-and-mouse-ii
1729,Find Followers Count,Easy,69.60%,https://leetcode.com/problems/find-followers-count
1730,Shortest Path to Get Food,Medium,57.30%,https://leetcode.com/problems/shortest-path-to-get-food
1731,The Number of Employees Which Report to Each Employee,Easy,53.80%,https://leetcode.com/problems/the-number-of-employees-which-report-to-each-employee
1732,Find the Highest Altitude,Easy,84.60%,https://leetcode.com/problems/find-the-highest-altitude
1733,Minimum Number of People to Teach,Medium,67.30%,https://leetcode.com/problems/minimum-number-of-people-to-teach
1734,Decode XORed Permutation,Medium,67.30%,https://leetcode.com/problems/decode-xored-permutation
1735,Count Ways to Make Array With Product,Hard,55.70%,https://leetcode.com/problems/count-ways-to-make-array-with-product
1736,Latest Time by Replacing Hidden Digits,Easy,44.00%,https://leetcode.com/problems/latest-time-by-replacing-hidden-digits
1737,Change Minimum Characters to Satisfy One of Three Conditions,Medium,38.30%,https://leetcode.com/problems/change-minimum-characters-to-satisfy-one-of-three-conditions
1738,Find Kth Largest XOR Coordinate Value,Medium,64.70%,https://leetcode.com/problems/find-kth-largest-xor-coordinate-value
1739,Building Boxes,Hard,52.70%,https://leetcode.com/problems/building-boxes
1740,Find Distance in a Binary Tree,Medium,74.40%,https://leetcode.com/problems/find-distance-in-a-binary-tree
1741,Find Total Time Spent by Each Employee,Easy,86.40%,https://leetcode.com/problems/find-total-time-spent-by-each-employee
1742,Maximum Number of Balls in a Box,Easy,75.00%,https://leetcode.com/problems/maximum-number-of-balls-in-a-box
1743,Restore the Array From Adjacent Pairs,Medium,75.20%,https://leetcode.com/problems/restore-the-array-from-adjacent-pairs
1744,Can You Eat Your Favorite Candy on Your Favorite Day?,Medium,36.50%,https://leetcode.com/problems/can-you-eat-your-favorite-candy-on-your-favorite-day
1745,Palindrome Partitioning IV,Hard,45.60%,https://leetcode.com/problems/palindrome-partitioning-iv
1746,Maximum Subarray Sum After One Operation,Medium,65.10%,https://leetcode.com/problems/maximum-subarray-sum-after-one-operation
1747,Leetflex Banned Accounts,Medium,61.80%,https://leetcode.com/problems/leetflex-banned-accounts
1748,Sum of Unique Elements,Easy,80.30%,https://leetcode.com/problems/sum-of-unique-elements
1749,Maximum Absolute Sum of Any Subarray,Medium,70.70%,https://leetcode.com/problems/maximum-absolute-sum-of-any-subarray
1750,Minimum Length of String After Deleting Similar Ends,Medium,56.20%,https://leetcode.com/problems/minimum-length-of-string-after-deleting-similar-ends
1751,Maximum Number of Events That Can Be Attended II,Hard,63.40%,https://leetcode.com/problems/maximum-number-of-events-that-can-be-attended-ii
1752,Check if Array Is Sorted and Rotated,Easy,57.70%,https://leetcode.com/problems/check-if-array-is-sorted-and-rotated
1753,Maximum Score From Removing Stones,Medium,68.70%,https://leetcode.com/problems/maximum-score-from-removing-stones
1754,Largest Merge Of Two Strings,Medium,54.60%,https://leetcode.com/problems/largest-merge-of-two-strings
1755,Closest Subsequence Sum,Hard,45.00%,https://leetcode.com/problems/closest-subsequence-sum
1756,Design Most Recently Used Queue,Medium,78.10%,https://leetcode.com/problems/design-most-recently-used-queue
1757,Recyclable and Low Fat Products,Easy,88.60%,https://leetcode.com/problems/recyclable-and-low-fat-products
1758,Minimum Changes To Make Alternating Binary String,Easy,67.90%,https://leetcode.com/problems/minimum-changes-to-make-alternating-binary-string
1759,Count Number of Homogenous Substrings,Medium,57.30%,https://leetcode.com/problems/count-number-of-homogenous-substrings
1760,Minimum Limit of Balls in a Bag,Medium,65.90%,https://leetcode.com/problems/minimum-limit-of-balls-in-a-bag
1761,Minimum Degree of a Connected Trio in a Graph,Hard,44.80%,https://leetcode.com/problems/minimum-degree-of-a-connected-trio-in-a-graph
1762,Buildings With an Ocean View,Medium,80.90%,https://leetcode.com/problems/buildings-with-an-ocean-view
1763,Longest Nice Substring,Easy,64.70%,https://leetcode.com/problems/longest-nice-substring
1764,Form Array by Concatenating Subarrays of Another Array,Medium,55.10%,https://leetcode.com/problems/form-array-by-concatenating-subarrays-of-another-array
1765,Map of Highest Peak,Medium,76.20%,https://leetcode.com/problems/map-of-highest-peak
1766,Tree of Coprimes,Hard,44.90%,https://leetcode.com/problems/tree-of-coprimes
1767,Find the Subtasks That Did Not Execute,Hard,78.50%,https://leetcode.com/problems/find-the-subtasks-that-did-not-execute
1768,Merge Strings Alternately,Easy,82.20%,https://leetcode.com/problems/merge-strings-alternately
1769,Minimum Number of Operations to Move All Balls to Each Box,Medium,90.10%,https://leetcode.com/problems/minimum-number-of-operations-to-move-all-balls-to-each-box
1770,Maximum Score from Performing Multiplication Operations,Hard,43.60%,https://leetcode.com/problems/maximum-score-from-performing-multiplication-operations
1771,Maximize Palindrome Length From Subsequences,Hard,38.90%,https://leetcode.com/problems/maximize-palindrome-length-from-subsequences
1772,Sort Features by Popularity,Medium,66.20%,https://leetcode.com/problems/sort-features-by-popularity
1773,Count Items Matching a Rule,Easy,85.40%,https://leetcode.com/problems/count-items-matching-a-rule
1774,Closest Dessert Cost,Medium,49.00%,https://leetcode.com/problems/closest-dessert-cost
1775,Equal Sum Arrays With Minimum Number of Operations,Medium,54.90%,https://leetcode.com/problems/equal-sum-arrays-with-minimum-number-of-operations
1776,Car Fleet II,Hard,58.40%,https://leetcode.com/problems/car-fleet-ii
1777,Product's Price for Each Store,Easy,82.00%,https://leetcode.com/problems/products-price-for-each-store
1778,Shortest Path in a Hidden Grid,Medium,44.70%,https://leetcode.com/problems/shortest-path-in-a-hidden-grid
1779,Find Nearest Point That Has the Same X or Y Coordinate,Easy,70.10%,https://leetcode.com/problems/find-nearest-point-that-has-the-same-x-or-y-coordinate
1780,Check if Number is a Sum of Powers of Three,Medium,79.40%,https://leetcode.com/problems/check-if-number-is-a-sum-of-powers-of-three
1781,Sum of Beauty of All Substrings,Medium,74.80%,https://leetcode.com/problems/sum-of-beauty-of-all-substrings
1782,Count Pairs Of Nodes,Hard,43.40%,https://leetcode.com/problems/count-pairs-of-nodes
1783,Grand Slam Titles,Medium,82.90%,https://leetcode.com/problems/grand-slam-titles
1784,Check if Binary String Has at Most One Segment of Ones,Easy,49.30%,https://leetcode.com/problems/check-if-binary-string-has-at-most-one-segment-of-ones
1785,Minimum Elements to Add to Form a Given Sum,Medium,45.40%,https://leetcode.com/problems/minimum-elements-to-add-to-form-a-given-sum
1786,Number of Restricted Paths From First to Last Node,Medium,41.80%,https://leetcode.com/problems/number-of-restricted-paths-from-first-to-last-node
1787,Make the XOR of All Segments Equal to Zero,Hard,41.20%,https://leetcode.com/problems/make-the-xor-of-all-segments-equal-to-zero
1788,Maximize the Beauty of the Garden,Hard,65.00%,https://leetcode.com/problems/maximize-the-beauty-of-the-garden
1789,Primary Department for Each Employee,Easy,75.30%,https://leetcode.com/problems/primary-department-for-each-employee
1790,Check if One String Swap Can Make Strings Equal,Easy,49.50%,https://leetcode.com/problems/check-if-one-string-swap-can-make-strings-equal
1791,Find Center of Star Graph,Easy,86.60%,https://leetcode.com/problems/find-center-of-star-graph
1792,Maximum Average Pass Ratio,Medium,74.10%,https://leetcode.com/problems/maximum-average-pass-ratio
1793,Maximum Score of a Good Subarray,Hard,64.20%,https://leetcode.com/problems/maximum-score-of-a-good-subarray
1794,Count Pairs of Equal Substrings With Minimum Difference,Medium,62.70%,https://leetcode.com/problems/count-pairs-of-equal-substrings-with-minimum-difference
1795,Rearrange Products Table,Easy,85.60%,https://leetcode.com/problems/rearrange-products-table
1796,Second Largest Digit in a String,Easy,55.20%,https://leetcode.com/problems/second-largest-digit-in-a-string
1797,Design Authentication Manager,Medium,58.70%,https://leetcode.com/problems/design-authentication-manager
1798,Maximum Number of Consecutive Values You Can Make,Medium,64.40%,https://leetcode.com/problems/maximum-number-of-consecutive-values-you-can-make
1799,Maximize Score After N Operations,Hard,57.90%,https://leetcode.com/problems/maximize-score-after-n-operations
1800,Maximum Ascending Subarray Sum,Easy,66.30%,https://leetcode.com/problems/maximum-ascending-subarray-sum
1801,Number of Orders in the Backlog,Medium,54.40%,https://leetcode.com/problems/number-of-orders-in-the-backlog
1802,Maximum Value at a Given Index in a Bounded Array,Medium,38.90%,https://leetcode.com/problems/maximum-value-at-a-given-index-in-a-bounded-array
1803,Count Pairs With XOR in a Range,Hard,46.70%,https://leetcode.com/problems/count-pairs-with-xor-in-a-range
1804,Implement Trie II (Prefix Tree),Medium,63.50%,https://leetcode.com/problems/implement-trie-ii-prefix-tree
1805,Number of Different Integers in a String,Easy,40.60%,https://leetcode.com/problems/number-of-different-integers-in-a-string
1806,Minimum Number of Operations to Reinitialize a Permutation,Medium,72.80%,https://leetcode.com/problems/minimum-number-of-operations-to-reinitialize-a-permutation
1807,Evaluate the Bracket Pairs of a String,Medium,69.80%,https://leetcode.com/problems/evaluate-the-bracket-pairs-of-a-string
1808,Maximize Number of Nice Divisors,Hard,37.10%,https://leetcode.com/problems/maximize-number-of-nice-divisors
1809,Ad-Free Sessions,Easy,59.10%,https://leetcode.com/problems/ad-free-sessions
1810,Minimum Path Cost in a Hidden Grid,Medium,59.10%,https://leetcode.com/problems/minimum-path-cost-in-a-hidden-grid
1811,Find Interview Candidates,Medium,60.80%,https://leetcode.com/problems/find-interview-candidates
1812,Determine Color of a Chessboard Square,Easy,80.10%,https://leetcode.com/problems/determine-color-of-a-chessboard-square
1813,Sentence Similarity III,Medium,48.40%,https://leetcode.com/problems/sentence-similarity-iii
1814,Count Nice Pairs in an Array,Medium,48.40%,https://leetcode.com/problems/count-nice-pairs-in-an-array
1815,Maximum Number of Groups Getting Fresh Donuts,Hard,41.80%,https://leetcode.com/problems/maximum-number-of-groups-getting-fresh-donuts
1816,Truncate Sentence,Easy,87.10%,https://leetcode.com/problems/truncate-sentence
1817,Finding the Users Active Minutes,Medium,81.00%,https://leetcode.com/problems/finding-the-users-active-minutes
1818,Minimum Absolute Sum Difference,Medium,32.90%,https://leetcode.com/problems/minimum-absolute-sum-difference
1819,Number of Different Subsequences GCDs,Hard,47.10%,https://leetcode.com/problems/number-of-different-subsequences-gcds
1820,Maximum Number of Accepted Invitations,Medium,52.70%,https://leetcode.com/problems/maximum-number-of-accepted-invitations
1821,Find Customers With Positive Revenue this Year,Easy,87.60%,https://leetcode.com/problems/find-customers-with-positive-revenue-this-year
1822,Sign of the Product of an Array,Easy,64.70%,https://leetcode.com/problems/sign-of-the-product-of-an-array
1823,Find the Winner of the Circular Game,Medium,82.30%,https://leetcode.com/problems/find-the-winner-of-the-circular-game
1824,Minimum Sideway Jumps,Medium,52.00%,https://leetcode.com/problems/minimum-sideway-jumps
1825,Finding MK Average,Hard,38.90%,https://leetcode.com/problems/finding-mk-average
1826,Faulty Sensor,Easy,50.20%,https://leetcode.com/problems/faulty-sensor
1827,Minimum Operations to Make the Array Increasing,Easy,82.40%,https://leetcode.com/problems/minimum-operations-to-make-the-array-increasing
1828,Queries on Number of Points Inside a Circle,Medium,86.90%,https://leetcode.com/problems/queries-on-number-of-points-inside-a-circle
1829,Maximum XOR for Each Query,Medium,84.60%,https://leetcode.com/problems/maximum-xor-for-each-query
1830,Minimum Number of Operations to Make String Sorted,Hard,50.70%,https://leetcode.com/problems/minimum-number-of-operations-to-make-string-sorted
1831,Maximum Transaction Each Day,Medium,82.50%,https://leetcode.com/problems/maximum-transaction-each-day
1832,Check if the Sentence Is Pangram,Easy,84.30%,https://leetcode.com/problems/check-if-the-sentence-is-pangram
1833,Maximum Ice Cream Bars,Medium,77.30%,https://leetcode.com/problems/maximum-ice-cream-bars
1834,Single-Threaded CPU,Medium,48.10%,https://leetcode.com/problems/single-threaded-cpu
1835,Find XOR Sum of All Pairs Bitwise AND,Hard,62.90%,https://leetcode.com/problems/find-xor-sum-of-all-pairs-bitwise-and
1836,Remove Duplicates From an Unsorted Linked List,Medium,75.70%,https://leetcode.com/problems/remove-duplicates-from-an-unsorted-linked-list
1837,Sum of Digits in Base K,Easy,79.30%,https://leetcode.com/problems/sum-of-digits-in-base-k
1838,Frequency of the Most Frequent Element,Medium,45.20%,https://leetcode.com/problems/frequency-of-the-most-frequent-element
1839,Longest Substring Of All Vowels in Order,Medium,52.40%,https://leetcode.com/problems/longest-substring-of-all-vowels-in-order
1840,Maximum Building Height,Hard,67.00%,https://leetcode.com/problems/maximum-building-height
1841,League Statistics,Medium,53.40%,https://leetcode.com/problems/league-statistics
1842,Next Palindrome Using Same Digits,Hard,54.20%,https://leetcode.com/problems/next-palindrome-using-same-digits
1843,Suspicious Bank Accounts,Medium,44.10%,https://leetcode.com/problems/suspicious-bank-accounts
1844,Replace All Digits with Characters,Easy,82.90%,https://leetcode.com/problems/replace-all-digits-with-characters
1845,Seat Reservation Manager,Medium,67.40%,https://leetcode.com/problems/seat-reservation-manager
1846,Maximum Element After Decreasing and Rearranging,Medium,69.20%,https://leetcode.com/problems/maximum-element-after-decreasing-and-rearranging
1847,Closest Room,Hard,42.00%,https://leetcode.com/problems/closest-room
1848,Minimum Distance to the Target Element,Easy,64.30%,https://leetcode.com/problems/minimum-distance-to-the-target-element
1849,Splitting a String Into Descending Consecutive Values,Medium,37.70%,https://leetcode.com/problems/splitting-a-string-into-descending-consecutive-values
1850,Minimum Adjacent Swaps to Reach the Kth Smallest Number,Medium,71.90%,https://leetcode.com/problems/minimum-adjacent-swaps-to-reach-the-kth-smallest-number
1851,Minimum Interval to Include Each Query,Hard,55.10%,https://leetcode.com/problems/minimum-interval-to-include-each-query
1852,Distinct Numbers in Each Subarray,Medium,77.20%,https://leetcode.com/problems/distinct-numbers-in-each-subarray
1853,Convert Date Format,Easy,84.60%,https://leetcode.com/problems/convert-date-format
1854,Maximum Population Year,Easy,64.60%,https://leetcode.com/problems/maximum-population-year
1855,Maximum Distance Between a Pair of Values,Medium,61.30%,https://leetcode.com/problems/maximum-distance-between-a-pair-of-values
1856,Maximum Subarray Min-Product,Medium,40.90%,https://leetcode.com/problems/maximum-subarray-min-product
1857,Largest Color Value in a Directed Graph,Hard,57.20%,https://leetcode.com/problems/largest-color-value-in-a-directed-graph
1858,Longest Word With All Prefixes,Medium,73.10%,https://leetcode.com/problems/longest-word-with-all-prefixes
1859,Sorting the Sentence,Easy,84.20%,https://leetcode.com/problems/sorting-the-sentence
1860,Incremental Memory Leak,Medium,72.90%,https://leetcode.com/problems/incremental-memory-leak
1861,Rotating the Box,Medium,82.50%,https://leetcode.com/problems/rotating-the-box
1862,Sum of Floored Pairs,Hard,31.50%,https://leetcode.com/problems/sum-of-floored-pairs
1863,Sum of All Subset XOR Totals,Easy,90.10%,https://leetcode.com/problems/sum-of-all-subset-xor-totals
1864,Minimum Number of Swaps to Make the Binary String Alternating,Medium,44.10%,https://leetcode.com/problems/minimum-number-of-swaps-to-make-the-binary-string-alternating
1865,Finding Pairs With a Certain Sum,Medium,61.50%,https://leetcode.com/problems/finding-pairs-with-a-certain-sum
1866,Number of Ways to Rearrange Sticks With K Sticks Visible,Hard,62.60%,https://leetcode.com/problems/number-of-ways-to-rearrange-sticks-with-k-sticks-visible
1867,Orders With Maximum Quantity Above Average,Medium,70.60%,https://leetcode.com/problems/orders-with-maximum-quantity-above-average
1868,Product of Two Run-Length Encoded Arrays,Medium,59.60%,https://leetcode.com/problems/product-of-two-run-length-encoded-arrays
1869,Longer Contiguous Segments of Ones than Zeros,Easy,62.70%,https://leetcode.com/problems/longer-contiguous-segments-of-ones-than-zeros
1870,Minimum Speed to Arrive on Time,Medium,48.20%,https://leetcode.com/problems/minimum-speed-to-arrive-on-time
1871,Jump Game VII,Medium,35.70%,https://leetcode.com/problems/jump-game-vii
1872,Stone Game VIII,Hard,74.90%,https://leetcode.com/problems/stone-game-viii
1873,Calculate Special Bonus,Easy,57.10%,https://leetcode.com/problems/calculate-special-bonus
1874,Minimize Product Sum of Two Arrays,Medium,89.70%,https://leetcode.com/problems/minimize-product-sum-of-two-arrays
1875,Group Employees of the Same Salary,Medium,65.20%,https://leetcode.com/problems/group-employees-of-the-same-salary
1876,Substrings of Size Three with Distinct Characters,Easy,77.20%,https://leetcode.com/problems/substrings-of-size-three-with-distinct-characters
1877,Minimize Maximum Pair Sum in Array,Medium,83.30%,https://leetcode.com/problems/minimize-maximum-pair-sum-in-array
1878,Get Biggest Three Rhombus Sums in a Grid,Medium,71.30%,https://leetcode.com/problems/get-biggest-three-rhombus-sums-in-a-grid
1879,Minimum XOR Sum of Two Arrays,Hard,52.10%,https://leetcode.com/problems/minimum-xor-sum-of-two-arrays
1880,Check if Word Equals Summation of Two Words,Easy,75.40%,https://leetcode.com/problems/check-if-word-equals-summation-of-two-words
1881,Maximum Value after Insertion,Medium,39.70%,https://leetcode.com/problems/maximum-value-after-insertion
1882,Process Tasks Using Servers,Medium,42.10%,https://leetcode.com/problems/process-tasks-using-servers
1883,Minimum Skips to Arrive at Meeting On Time,Hard,39.10%,https://leetcode.com/problems/minimum-skips-to-arrive-at-meeting-on-time
1884,Egg Drop With 2 Eggs and N Floors,Medium,74.80%,https://leetcode.com/problems/egg-drop-with-2-eggs-and-n-floors
1885,Count Pairs in Two Arrays,Medium,60.20%,https://leetcode.com/problems/count-pairs-in-two-arrays
1886,Determine Whether Matrix Can Be Obtained By Rotation,Easy,68.60%,https://leetcode.com/problems/determine-whether-matrix-can-be-obtained-by-rotation
1887,Reduction Operations to Make the Array Elements Equal,Medium,72.70%,https://leetcode.com/problems/reduction-operations-to-make-the-array-elements-equal
1888,Minimum Number of Flips to Make the Binary String Alternating,Medium,53.70%,https://leetcode.com/problems/minimum-number-of-flips-to-make-the-binary-string-alternating
1889,Minimum Space Wasted From Packaging,Hard,33.80%,https://leetcode.com/problems/minimum-space-wasted-from-packaging
1890,The Latest Login in 2020,Easy,77.10%,https://leetcode.com/problems/the-latest-login-in-2020
1891,Cutting Ribbons,Medium,53.10%,https://leetcode.com/problems/cutting-ribbons
1892,Page Recommendations II,Hard,46.00%,https://leetcode.com/problems/page-recommendations-ii
1893,Check if All the Integers in a Range Are Covered,Easy,51.30%,https://leetcode.com/problems/check-if-all-the-integers-in-a-range-are-covered
1894,Find the Student that Will Replace the Chalk,Medium,53.20%,https://leetcode.com/problems/find-the-student-that-will-replace-the-chalk
1895,Largest Magic Square,Medium,75.20%,https://leetcode.com/problems/largest-magic-square
1896,Minimum Cost to Change the Final Value of Expression,Hard,50.10%,https://leetcode.com/problems/minimum-cost-to-change-the-final-value-of-expression
1897,Redistribute Characters to Make All Strings Equal,Easy,66.90%,https://leetcode.com/problems/redistribute-characters-to-make-all-strings-equal
1898,Maximum Number of Removable Characters,Medium,47.80%,https://leetcode.com/problems/maximum-number-of-removable-characters
1899,Merge Triplets to Form Target Triplet,Medium,69.40%,https://leetcode.com/problems/merge-triplets-to-form-target-triplet
1900,The Earliest and Latest Rounds Where Players Compete,Hard,72.00%,https://leetcode.com/problems/the-earliest-and-latest-rounds-where-players-compete
1901,Find a Peak Element II,Medium,55.60%,https://leetcode.com/problems/find-a-peak-element-ii
1902,Depth of BST Given Insertion Order,Medium,42.50%,https://leetcode.com/problems/depth-of-bst-given-insertion-order
1903,Largest Odd Number in String,Easy,68.10%,https://leetcode.com/problems/largest-odd-number-in-string
1904,The Number of Full Rounds You Have Played,Medium,43.50%,https://leetcode.com/problems/the-number-of-full-rounds-you-have-played
1905,Count Sub Islands,Medium,73.10%,https://leetcode.com/problems/count-sub-islands
1906,Minimum Absolute Difference Queries,Medium,46.20%,https://leetcode.com/problems/minimum-absolute-difference-queries
1907,Count Salary Categories,Medium,65.30%,https://leetcode.com/problems/count-salary-categories
1908,Game of Nim,Medium,62.40%,https://leetcode.com/problems/game-of-nim
1909,Remove One Element to Make the Array Strictly Increasing,Easy,30.80%,https://leetcode.com/problems/remove-one-element-to-make-the-array-strictly-increasing
1910,Remove All Occurrences of a Substring,Medium,78.70%,https://leetcode.com/problems/remove-all-occurrences-of-a-substring
1911,Maximum Alternating Subsequence Sum,Medium,59.30%,https://leetcode.com/problems/maximum-alternating-subsequence-sum
1912,Design Movie Rental System,Hard,62.10%,https://leetcode.com/problems/design-movie-rental-system
1913,Maximum Product Difference Between Two Pairs,Easy,83.10%,https://leetcode.com/problems/maximum-product-difference-between-two-pairs
1914,Cyclically Rotating a Grid,Medium,74.00%,https://leetcode.com/problems/cyclically-rotating-a-grid
1915,Number of Wonderful Substrings,Medium,66.60%,https://leetcode.com/problems/number-of-wonderful-substrings
1916,Count Ways to Build Rooms in an Ant Colony,Hard,52.00%,https://leetcode.com/problems/count-ways-to-build-rooms-in-an-ant-colony
1917,Leetcodify Friends Recommendations,Hard,28.90%,https://leetcode.com/problems/leetcodify-friends-recommendations
1918,Kth Smallest Subarray Sum,Medium,53.30%,https://leetcode.com/problems/kth-smallest-subarray-sum
1919,Leetcodify Similar Friends,Hard,43.40%,https://leetcode.com/problems/leetcodify-similar-friends
1920,Build Array from Permutation,Easy,91.10%,https://leetcode.com/problems/build-array-from-permutation
1921,Eliminate Maximum Number of Monsters,Medium,51.30%,https://leetcode.com/problems/eliminate-maximum-number-of-monsters
1922,Count Good Numbers,Medium,58.00%,https://leetcode.com/problems/count-good-numbers
1923,Longest Common Subpath,Hard,30.40%,https://leetcode.com/problems/longest-common-subpath
1924,Erect the Fence II,Hard,49.50%,https://leetcode.com/problems/erect-the-fence-ii
1925,Count Square Sum Triples,Easy,77.20%,https://leetcode.com/problems/count-square-sum-triples
1926,Nearest Exit from Entrance in Maze,Medium,49.10%,https://leetcode.com/problems/nearest-exit-from-entrance-in-maze
1927,Sum Game,Medium,63.20%,https://leetcode.com/problems/sum-game
1928,Minimum Cost to Reach Destination in Time,Hard,42.30%,https://leetcode.com/problems/minimum-cost-to-reach-destination-in-time
1929,Concatenation of Array,Easy,90.00%,https://leetcode.com/problems/concatenation-of-array
1930,Unique Length-3 Palindromic Subsequences,Medium,73.80%,https://leetcode.com/problems/unique-length-3-palindromic-subsequences
1931,Painting a Grid With Three Different Colors,Hard,76.90%,https://leetcode.com/problems/painting-a-grid-with-three-different-colors
1932,Merge BSTs to Create Single BST,Hard,39.80%,https://leetcode.com/problems/merge-bsts-to-create-single-bst
1933,Check if String Is Decomposable Into Value-Equal Substrings,Easy,51.10%,https://leetcode.com/problems/check-if-string-is-decomposable-into-value-equal-substrings
1934,Confirmation Rate,Medium,62.70%,https://leetcode.com/problems/confirmation-rate
1935,Maximum Number of Words You Can Type,Easy,82.90%,https://leetcode.com/problems/maximum-number-of-words-you-can-type
1936,Add Minimum Number of Rungs,Medium,44.20%,https://leetcode.com/problems/add-minimum-number-of-rungs
1937,Maximum Number of Points with Cost,Medium,41.60%,https://leetcode.com/problems/maximum-number-of-points-with-cost
1938,Maximum Genetic Difference Query,Hard,48.20%,https://leetcode.com/problems/maximum-genetic-difference-query
1939,Users That Actively Request Confirmation Messages,Easy,56.80%,https://leetcode.com/problems/users-that-actively-request-confirmation-messages
1940,Longest Common Subsequence Between Sorted Arrays,Medium,81.00%,https://leetcode.com/problems/longest-common-subsequence-between-sorted-arrays
1941,Check if All Characters Have Equal Number of Occurrences,Easy,79.70%,https://leetcode.com/problems/check-if-all-characters-have-equal-number-of-occurrences
1942,The Number of the Smallest Unoccupied Chair,Medium,60.30%,https://leetcode.com/problems/the-number-of-the-smallest-unoccupied-chair
1943,Describe the Painting,Medium,53.10%,https://leetcode.com/problems/describe-the-painting
1944,Number of Visible People in a Queue,Hard,73.50%,https://leetcode.com/problems/number-of-visible-people-in-a-queue
1945,Sum of Digits of String After Convert,Easy,74.80%,https://leetcode.com/problems/sum-of-digits-of-string-after-convert
1946,Largest Number After Mutating Substring,Medium,38.40%,https://leetcode.com/problems/largest-number-after-mutating-substring
1947,Maximum Compatibility Score Sum,Medium,65.00%,https://leetcode.com/problems/maximum-compatibility-score-sum
1948,Delete Duplicate Folders in System,Hard,77.20%,https://leetcode.com/problems/delete-duplicate-folders-in-system
1949,Strong Friendship,Medium,54.70%,https://leetcode.com/problems/strong-friendship
1950,Maximum of Minimum Values in All Subarrays,Medium,47.70%,https://leetcode.com/problems/maximum-of-minimum-values-in-all-subarrays
1951,All the Pairs With the Maximum Number of Common Followers,Medium,69.80%,https://leetcode.com/problems/all-the-pairs-with-the-maximum-number-of-common-followers
1952,Three Divisors,Easy,64.80%,https://leetcode.com/problems/three-divisors
1953,Maximum Number of Weeks for Which You Can Work,Medium,42.70%,https://leetcode.com/problems/maximum-number-of-weeks-for-which-you-can-work
1954,Minimum Garden Perimeter to Collect Enough Apples,Medium,55.80%,https://leetcode.com/problems/minimum-garden-perimeter-to-collect-enough-apples
1955,Count Number of Special Subsequences,Hard,53.20%,https://leetcode.com/problems/count-number-of-special-subsequences
1956,Minimum Time For K Virus Variants to Spread,Hard,49.60%,https://leetcode.com/problems/minimum-time-for-k-virus-variants-to-spread
1957,Delete Characters to Make Fancy String,Easy,74.00%,https://leetcode.com/problems/delete-characters-to-make-fancy-string
1958,Check if Move is Legal,Medium,50.20%,https://leetcode.com/problems/check-if-move-is-legal
1959,Minimum Total Space Wasted With K Resizing Operations,Medium,44.30%,https://leetcode.com/problems/minimum-total-space-wasted-with-k-resizing-operations
1960,Maximum Product of the Length of Two Palindromic Substrings,Hard,32.00%,https://leetcode.com/problems/maximum-product-of-the-length-of-two-palindromic-substrings
1961,Check If String Is a Prefix of Array,Easy,53.00%,https://leetcode.com/problems/check-if-string-is-a-prefix-of-array
1962,Remove Stones to Minimize the Total,Medium,66.20%,https://leetcode.com/problems/remove-stones-to-minimize-the-total
1963,Minimum Number of Swaps to Make the String Balanced,Medium,78.00%,https://leetcode.com/problems/minimum-number-of-swaps-to-make-the-string-balanced
1964,Find the Longest Valid Obstacle Course at Each Position,Hard,62.60%,https://leetcode.com/problems/find-the-longest-valid-obstacle-course-at-each-position
1965,Employees With Missing Information,Easy,73.50%,https://leetcode.com/problems/employees-with-missing-information
1966,Binary Searchable Numbers in an Unsorted Array,Medium,63.50%,https://leetcode.com/problems/binary-searchable-numbers-in-an-unsorted-array
1967,Number of Strings That Appear as Substrings in Word,Easy,86.20%,https://leetcode.com/problems/number-of-strings-that-appear-as-substrings-in-word
1968,Array With Elements Not Equal to Average of Neighbors,Medium,50.90%,https://leetcode.com/problems/array-with-elements-not-equal-to-average-of-neighbors
1969,Minimum Non-Zero Product of the Array Elements,Medium,37.70%,https://leetcode.com/problems/minimum-non-zero-product-of-the-array-elements
1970,Last Day Where You Can Still Cross,Hard,68.80%,https://leetcode.com/problems/last-day-where-you-can-still-cross
1971,Find if Path Exists in Graph,Easy,55.80%,https://leetcode.com/problems/find-if-path-exists-in-graph
1972,First and Last Call On the Same Day,Hard,51.00%,https://leetcode.com/problems/first-and-last-call-on-the-same-day
1973,Count Nodes Equal to Sum of Descendants,Medium,77.00%,https://leetcode.com/problems/count-nodes-equal-to-sum-of-descendants
1974,Minimum Time to Type Word Using Special Typewriter,Easy,78.90%,https://leetcode.com/problems/minimum-time-to-type-word-using-special-typewriter
1975,Maximum Matrix Sum,Medium,67.50%,https://leetcode.com/problems/maximum-matrix-sum
1976,Number of Ways to Arrive at Destination,Medium,37.70%,https://leetcode.com/problems/number-of-ways-to-arrive-at-destination
1977,Number of Ways to Separate Numbers,Hard,21.80%,https://leetcode.com/problems/number-of-ways-to-separate-numbers
1978,Employees Whose Manager Left the Company,Easy,48.90%,https://leetcode.com/problems/employees-whose-manager-left-the-company
1979,Find Greatest Common Divisor of Array,Easy,83.50%,https://leetcode.com/problems/find-greatest-common-divisor-of-array
1980,Find Unique Binary String,Medium,81.20%,https://leetcode.com/problems/find-unique-binary-string
1981,Minimize the Difference Between Target and Chosen Elements,Medium,37.20%,https://leetcode.com/problems/minimize-the-difference-between-target-and-chosen-elements
1982,Find Array Given Subset Sums,Hard,49.70%,https://leetcode.com/problems/find-array-given-subset-sums
1983,Widest Pair of Indices With Equal Range Sum,Medium,53.70%,https://leetcode.com/problems/widest-pair-of-indices-with-equal-range-sum
1984,Minimum Difference Between Highest and Lowest of K Scores,Easy,66.40%,https://leetcode.com/problems/minimum-difference-between-highest-and-lowest-of-k-scores
1985,Find the Kth Largest Integer in the Array,Medium,48.30%,https://leetcode.com/problems/find-the-kth-largest-integer-in-the-array
1986,Minimum Number of Work Sessions to Finish the Tasks,Medium,35.30%,https://leetcode.com/problems/minimum-number-of-work-sessions-to-finish-the-tasks
1987,Number of Unique Good Subsequences,Hard,52.70%,https://leetcode.com/problems/number-of-unique-good-subsequences
1988,Find Cutoff Score for Each School,Medium,67.00%,https://leetcode.com/problems/find-cutoff-score-for-each-school
1989,Maximum Number of People That Can Be Caught in Tag,Medium,49.30%,https://leetcode.com/problems/maximum-number-of-people-that-can-be-caught-in-tag
1990,Count the Number of Experiments,Medium,49.00%,https://leetcode.com/problems/count-the-number-of-experiments
1991,Find the Middle Index in Array,Easy,70.50%,https://leetcode.com/problems/find-the-middle-index-in-array
1992,Find All Groups of Farmland,Medium,75.50%,https://leetcode.com/problems/find-all-groups-of-farmland
1993,Operations on Tree,Medium,46.00%,https://leetcode.com/problems/operations-on-tree
1994,The Number of Good Subsets,Hard,37.90%,https://leetcode.com/problems/the-number-of-good-subsets
1995,Count Special Quadruplets,Easy,65.00%,https://leetcode.com/problems/count-special-quadruplets
1996,The Number of Weak Characters in the Game,Medium,44.70%,https://leetcode.com/problems/the-number-of-weak-characters-in-the-game
1997,First Day Where You Have Been in All the Rooms,Medium,40.50%,https://leetcode.com/problems/first-day-where-you-have-been-in-all-the-rooms
1998,GCD Sort of an Array,Hard,51.00%,https://leetcode.com/problems/gcd-sort-of-an-array
1999,Smallest Greater Multiple Made of Two Digits,Medium,47.50%,https://leetcode.com/problems/smallest-greater-multiple-made-of-two-digits
2000,Reverse Prefix of Word,Easy,86.50%,https://leetcode.com/problems/reverse-prefix-of-word
2001,Number of Pairs of Interchangeable Rectangles,Medium,53.00%,https://leetcode.com/problems/number-of-pairs-of-interchangeable-rectangles
2002,Maximum Product of the Length of Two Palindromic Subsequences,Medium,62.80%,https://leetcode.com/problems/maximum-product-of-the-length-of-two-palindromic-subsequences
2003,Smallest Missing Genetic Value in Each Subtree,Hard,48.40%,https://leetcode.com/problems/smallest-missing-genetic-value-in-each-subtree
2004,The Number of Seniors and Juniors to Join the Company,Hard,46.50%,https://leetcode.com/problems/the-number-of-seniors-and-juniors-to-join-the-company
2005,Subtree Removal Game with Fibonacci Tree,Hard,54.80%,https://leetcode.com/problems/subtree-removal-game-with-fibonacci-tree
2006,Count Number of Pairs With Absolute Difference K,Easy,85.50%,https://leetcode.com/problems/count-number-of-pairs-with-absolute-difference-k
2007,Find Original Array From Doubled Array,Medium,40.90%,https://leetcode.com/problems/find-original-array-from-doubled-array
2008,Maximum Earnings From Taxi,Medium,46.80%,https://leetcode.com/problems/maximum-earnings-from-taxi
2009,Minimum Number of Operations to Make Array Continuous,Hard,51.70%,https://leetcode.com/problems/minimum-number-of-operations-to-make-array-continuous
2010,The Number of Seniors and Juniors to Join the Company II,Hard,66.10%,https://leetcode.com/problems/the-number-of-seniors-and-juniors-to-join-the-company-ii
2011,Final Value of Variable After Performing Operations,Easy,90.60%,https://leetcode.com/problems/final-value-of-variable-after-performing-operations
2012,Sum of Beauty in the Array,Medium,51.90%,https://leetcode.com/problems/sum-of-beauty-in-the-array
2013,Detect Squares,Medium,52.90%,https://leetcode.com/problems/detect-squares
2014,Longest Subsequence Repeated k Times,Hard,70.90%,https://leetcode.com/problems/longest-subsequence-repeated-k-times
2015,Average Height of Buildings in Each Segment,Medium,58.00%,https://leetcode.com/problems/average-height-of-buildings-in-each-segment
2016,Maximum Difference Between Increasing Elements,Easy,66.70%,https://leetcode.com/problems/maximum-difference-between-increasing-elements
2017,Grid Game,Medium,60.90%,https://leetcode.com/problems/grid-game
2018,Check if Word Can Be Placed In Crossword,Medium,50.80%,https://leetcode.com/problems/check-if-word-can-be-placed-in-crossword
2019,The Score of Students Solving Math Expression,Hard,34.70%,https://leetcode.com/problems/the-score-of-students-solving-math-expression
2020,Number of Accounts That Did Not Stream,Medium,72.00%,https://leetcode.com/problems/number-of-accounts-that-did-not-stream
2021,Brightest Position on Street,Medium,60.60%,https://leetcode.com/problems/brightest-position-on-street
2022,Convert 1D Array Into 2D Array,Easy,72.40%,https://leetcode.com/problems/convert-1d-array-into-2d-array
2023,Number of Pairs of Strings With Concatenation Equal to Target,Medium,75.50%,https://leetcode.com/problems/number-of-pairs-of-strings-with-concatenation-equal-to-target
2024,Maximize the Confusion of an Exam,Medium,70.50%,https://leetcode.com/problems/maximize-the-confusion-of-an-exam
2025,Maximum Number of Ways to Partition an Array,Hard,36.10%,https://leetcode.com/problems/maximum-number-of-ways-to-partition-an-array
2026,Low-Quality Problems,Easy,83.90%,https://leetcode.com/problems/low-quality-problems
2027,Minimum Moves to Convert String,Easy,58.30%,https://leetcode.com/problems/minimum-moves-to-convert-string
2028,Find Missing Observations,Medium,57.40%,https://leetcode.com/problems/find-missing-observations
2029,Stone Game IX,Medium,57.50%,https://leetcode.com/problems/stone-game-ix
2030,Smallest K-Length Subsequence With Occurrences of a Letter,Hard,40.10%,https://leetcode.com/problems/smallest-k-length-subsequence-with-occurrences-of-a-letter
2031,Count Subarrays With More Ones Than Zeros,Medium,49.70%,https://leetcode.com/problems/count-subarrays-with-more-ones-than-zeros
2032,Two Out of Three,Easy,77.80%,https://leetcode.com/problems/two-out-of-three
2033,Minimum Operations to Make a Uni-Value Grid,Medium,70.80%,https://leetcode.com/problems/minimum-operations-to-make-a-uni-value-grid
2034,Stock Price Fluctuation,Medium,49.30%,https://leetcode.com/problems/stock-price-fluctuation
2035,Partition Array Into Two Arrays to Minimize Sum Difference,Hard,24.50%,https://leetcode.com/problems/partition-array-into-two-arrays-to-minimize-sum-difference
2036,Maximum Alternating Subarray Sum,Medium,39.80%,https://leetcode.com/problems/maximum-alternating-subarray-sum
2037,Minimum Number of Moves to Seat Everyone,Easy,87.10%,https://leetcode.com/problems/minimum-number-of-moves-to-seat-everyone
2038,Remove Colored Pieces if Both Neighbors are the Same Color,Medium,63.20%,https://leetcode.com/problems/remove-colored-pieces-if-both-neighbors-are-the-same-color
2039,The Time When the Network Becomes Idle,Medium,56.20%,https://leetcode.com/problems/the-time-when-the-network-becomes-idle
2040,Kth Smallest Product of Two Sorted Arrays,Hard,48.70%,https://leetcode.com/problems/kth-smallest-product-of-two-sorted-arrays
2041,Accepted Candidates From the Interviews,Medium,78.30%,https://leetcode.com/problems/accepted-candidates-from-the-interviews
2042,Check if Numbers Are Ascending in a Sentence,Easy,73.60%,https://leetcode.com/problems/check-if-numbers-are-ascending-in-a-sentence
2043,Simple Bank System,Medium,69.50%,https://leetcode.com/problems/simple-bank-system
2044,Count Number of Maximum Bitwise-OR Subsets,Medium,89.50%,https://leetcode.com/problems/count-number-of-maximum-bitwise-or-subsets
2045,Second Minimum Time to Reach Destination,Hard,62.40%,https://leetcode.com/problems/second-minimum-time-to-reach-destination
2046,Sort Linked List Already Sorted Using Absolute Values,Medium,66.80%,https://leetcode.com/problems/sort-linked-list-already-sorted-using-absolute-values
2047,Number of Valid Words in a Sentence,Easy,31.40%,https://leetcode.com/problems/number-of-valid-words-in-a-sentence
2048,Next Greater Numerically Balanced Number,Medium,63.10%,https://leetcode.com/problems/next-greater-numerically-balanced-number
2049,Count Nodes With the Highest Score,Medium,52.90%,https://leetcode.com/problems/count-nodes-with-the-highest-score
2050,Parallel Courses III,Hard,66.80%,https://leetcode.com/problems/parallel-courses-iii
2051,The Category of Each Member in the Store,Medium,70.20%,https://leetcode.com/problems/the-category-of-each-member-in-the-store
2052,Minimum Cost to Separate Sentence Into Rows,Medium,51.40%,https://leetcode.com/problems/minimum-cost-to-separate-sentence-into-rows
2053,Kth Distinct String in an Array,Easy,82.20%,https://leetcode.com/problems/kth-distinct-string-in-an-array
2054,Two Best Non-Overlapping Events,Medium,63.90%,https://leetcode.com/problems/two-best-non-overlapping-events
2055,Plates Between Candles,Medium,47.70%,https://leetcode.com/problems/plates-between-candles
2056,Number of Valid Move Combinations On Chessboard,Hard,48.50%,https://leetcode.com/problems/number-of-valid-move-combinations-on-chessboard
2057,Smallest Index With Equal Value,Easy,73.60%,https://leetcode.com/problems/smallest-index-with-equal-value
2058,Find the Minimum and Maximum Number of Nodes Between Critical Points,Medium,73.00%,https://leetcode.com/problems/find-the-minimum-and-maximum-number-of-nodes-between-critical-points
2059,Minimum Operations to Convert Number,Medium,52.30%,https://leetcode.com/problems/minimum-operations-to-convert-number
2060,Check if an Original String Exists Given Two Encoded Strings,Hard,43.50%,https://leetcode.com/problems/check-if-an-original-string-exists-given-two-encoded-strings
2061,Number of Spaces Cleaning Robot Cleaned,Medium,64.40%,https://leetcode.com/problems/number-of-spaces-cleaning-robot-cleaned
2062,Count Vowel Substrings of a String,Easy,73.50%,https://leetcode.com/problems/count-vowel-substrings-of-a-string
2063,Vowels of All Substrings,Medium,55.70%,https://leetcode.com/problems/vowels-of-all-substrings
2064,Minimized Maximum of Products Distributed to Any Store,Medium,63.20%,https://leetcode.com/problems/minimized-maximum-of-products-distributed-to-any-store
2065,Maximum Path Quality of a Graph,Hard,62.90%,https://leetcode.com/problems/maximum-path-quality-of-a-graph
2066,Account Balance,Medium,81.60%,https://leetcode.com/problems/account-balance
2067,Number of Equal Count Substrings,Medium,45.70%,https://leetcode.com/problems/number-of-equal-count-substrings
2068,Check Whether Two Strings are Almost Equivalent,Easy,64.40%,https://leetcode.com/problems/check-whether-two-strings-are-almost-equivalent
2069,Walking Robot Simulation II,Medium,43.10%,https://leetcode.com/problems/walking-robot-simulation-ii
2070,Most Beautiful Item for Each Query,Medium,62.00%,https://leetcode.com/problems/most-beautiful-item-for-each-query
2071,Maximum Number of Tasks You Can Assign,Hard,49.90%,https://leetcode.com/problems/maximum-number-of-tasks-you-can-assign
2072,The Winner University,Easy,75.40%,https://leetcode.com/problems/the-winner-university
2073,Time Needed to Buy Tickets,Easy,73.30%,https://leetcode.com/problems/time-needed-to-buy-tickets
2074,Reverse Nodes in Even Length Groups,Medium,65.10%,https://leetcode.com/problems/reverse-nodes-in-even-length-groups
2075,Decode the Slanted Ciphertext,Medium,67.70%,https://leetcode.com/problems/decode-the-slanted-ciphertext
2076,Process Restricted Friend Requests,Hard,61.60%,https://leetcode.com/problems/process-restricted-friend-requests
2077,Paths in Maze That Lead to Same Room,Medium,56.50%,https://leetcode.com/problems/paths-in-maze-that-lead-to-same-room
2078,Two Furthest Houses With Different Colors,Easy,71.70%,https://leetcode.com/problems/two-furthest-houses-with-different-colors
2079,Watering Plants,Medium,80.10%,https://leetcode.com/problems/watering-plants
2080,Range Frequency Queries,Medium,44.10%,https://leetcode.com/problems/range-frequency-queries
2081,Sum of k-Mirror Numbers,Hard,63.60%,https://leetcode.com/problems/sum-of-k-mirror-numbers
2082,The Number of Rich Customers,Easy,77.30%,https://leetcode.com/problems/the-number-of-rich-customers
2083,Substrings That Begin and End With the Same Letter,Medium,74.40%,https://leetcode.com/problems/substrings-that-begin-and-end-with-the-same-letter
2084,Drop Type 1 Orders for Customers With Type 0 Orders,Medium,86.60%,https://leetcode.com/problems/drop-type-1-orders-for-customers-with-type-0-orders
2085,Count Common Words With One Occurrence,Easy,73.70%,https://leetcode.com/problems/count-common-words-with-one-occurrence
2086,Minimum Number of Food Buckets to Feed the Hamsters,Medium,48.50%,https://leetcode.com/problems/minimum-number-of-food-buckets-to-feed-the-hamsters
2087,Minimum Cost Homecoming of a Robot in a Grid,Medium,51.90%,https://leetcode.com/problems/minimum-cost-homecoming-of-a-robot-in-a-grid
2088,Count Fertile Pyramids in a Land,Hard,66.70%,https://leetcode.com/problems/count-fertile-pyramids-in-a-land
2089,Find Target Indices After Sorting Array,Easy,78.30%,https://leetcode.com/problems/find-target-indices-after-sorting-array
2090,K Radius Subarray Averages,Medium,46.50%,https://leetcode.com/problems/k-radius-subarray-averages
2091,Removing Minimum and Maximum From Array,Medium,67.50%,https://leetcode.com/problems/removing-minimum-and-maximum-from-array
2092,Find All People With Secret,Hard,48.40%,https://leetcode.com/problems/find-all-people-with-secret
2093,Minimum Cost to Reach City With Discounts,Medium,61.00%,https://leetcode.com/problems/minimum-cost-to-reach-city-with-discounts
2094,Finding 3-Digit Even Numbers,Easy,78.60%,https://leetcode.com/problems/finding-3-digit-even-numbers
2095,Delete the Middle Node of a Linked List,Medium,60.90%,https://leetcode.com/problems/delete-the-middle-node-of-a-linked-list
2096,Step-By-Step Directions From a Binary Tree Node to Another,Medium,56.50%,https://leetcode.com/problems/step-by-step-directions-from-a-binary-tree-node-to-another
2097,Valid Arrangement of Pairs,Hard,66.80%,https://leetcode.com/problems/valid-arrangement-of-pairs
2098,Subsequence of Size K With the Largest Even Sum,Medium,35.50%,https://leetcode.com/problems/subsequence-of-size-k-with-the-largest-even-sum
2099,Find Subsequence of Length K With the Largest Sum,Easy,57.30%,https://leetcode.com/problems/find-subsequence-of-length-k-with-the-largest-sum
2100,Find Good Days to Rob the Bank,Medium,52.00%,https://leetcode.com/problems/find-good-days-to-rob-the-bank
2101,Detonate the Maximum Bombs,Medium,50.40%,https://leetcode.com/problems/detonate-the-maximum-bombs
2102,Sequentially Ordinal Rank Tracker,Hard,61.30%,https://leetcode.com/problems/sequentially-ordinal-rank-tracker
2103,Rings and Rods,Easy,81.60%,https://leetcode.com/problems/rings-and-rods
2104,Sum of Subarray Ranges,Medium,61.90%,https://leetcode.com/problems/sum-of-subarray-ranges
2105,Watering Plants II,Medium,49.00%,https://leetcode.com/problems/watering-plants-ii
2106,Maximum Fruits Harvested After at Most K Steps,Hard,61.00%,https://leetcode.com/problems/maximum-fruits-harvested-after-at-most-k-steps
2107,Number of Unique Flavors After Sharing K Candies,Medium,62.10%,https://leetcode.com/problems/number-of-unique-flavors-after-sharing-k-candies
2108,Find First Palindromic String in the Array,Easy,84.10%,https://leetcode.com/problems/find-first-palindromic-string-in-the-array
2109,Adding Spaces to a String,Medium,71.90%,https://leetcode.com/problems/adding-spaces-to-a-string
2110,Number of Smooth Descent Periods of a Stock,Medium,67.70%,https://leetcode.com/problems/number-of-smooth-descent-periods-of-a-stock
2111,Minimum Operations to Make the Array K-Increasing,Hard,40.90%,https://leetcode.com/problems/minimum-operations-to-make-the-array-k-increasing
2112,The Airport With the Most Traffic,Medium,71.80%,https://leetcode.com/problems/the-airport-with-the-most-traffic
2113,Elements in Array After Removing and Replacing Elements,Medium,69.10%,https://leetcode.com/problems/elements-in-array-after-removing-and-replacing-elements
2114,Maximum Number of Words Found in Sentences,Easy,86.70%,https://leetcode.com/problems/maximum-number-of-words-found-in-sentences
2115,Find All Possible Recipes from Given Supplies,Medium,57.10%,https://leetcode.com/problems/find-all-possible-recipes-from-given-supplies
2116,Check if a Parentheses String Can Be Valid,Medium,45.30%,https://leetcode.com/problems/check-if-a-parentheses-string-can-be-valid
2117,Abbreviating the Product of a Range,Hard,24.70%,https://leetcode.com/problems/abbreviating-the-product-of-a-range
2118,Build the Equation,Hard,57.20%,https://leetcode.com/problems/build-the-equation
2119,A Number After a Double Reversal,Easy,82.70%,https://leetcode.com/problems/a-number-after-a-double-reversal
2120,Execution of All Suffix Instructions Staying in a Grid,Medium,82.20%,https://leetcode.com/problems/execution-of-all-suffix-instructions-staying-in-a-grid
2121,Intervals Between Identical Elements,Medium,48.30%,https://leetcode.com/problems/intervals-between-identical-elements
2122,Recover the Original Array,Hard,42.00%,https://leetcode.com/problems/recover-the-original-array
2123,Minimum Operations to Remove Adjacent Ones in Matrix,Hard,42.60%,https://leetcode.com/problems/minimum-operations-to-remove-adjacent-ones-in-matrix
2124,Check if All A's Appears Before All B's,Easy,73.40%,https://leetcode.com/problems/check-if-all-as-appears-before-all-bs
2125,Number of Laser Beams in a Bank,Medium,87.00%,https://leetcode.com/problems/number-of-laser-beams-in-a-bank
2126,Destroying Asteroids,Medium,59.80%,https://leetcode.com/problems/destroying-asteroids
2127,Maximum Employees to Be Invited to a Meeting,Hard,61.80%,https://leetcode.com/problems/maximum-employees-to-be-invited-to-a-meeting
2128,Remove All Ones With Row and Column Flips,Medium,76.20%,https://leetcode.com/problems/remove-all-ones-with-row-and-column-flips
2129,Capitalize the Title,Easy,68.50%,https://leetcode.com/problems/capitalize-the-title
2130,Maximum Twin Sum of a Linked List,Medium,83.30%,https://leetcode.com/problems/maximum-twin-sum-of-a-linked-list
2131,Longest Palindrome by Concatenating Two Letter Words,Medium,53.40%,https://leetcode.com/problems/longest-palindrome-by-concatenating-two-letter-words
2132,Stamping the Grid,Hard,35.90%,https://leetcode.com/problems/stamping-the-grid
2133,Check if Every Row and Column Contains All Numbers,Easy,54.30%,https://leetcode.com/problems/check-if-every-row-and-column-contains-all-numbers
2134,Minimum Swaps to Group All 1's Together II,Medium,65.70%,https://leetcode.com/problems/minimum-swaps-to-group-all-1s-together-ii
2135,Count Words Obtained After Adding a Letter,Medium,44.20%,https://leetcode.com/problems/count-words-obtained-after-adding-a-letter
2136,Earliest Possible Day of Full Bloom,Hard,71.10%,https://leetcode.com/problems/earliest-possible-day-of-full-bloom
2137,Pour Water Between Buckets to Make Water Levels Equal,Medium,68.00%,https://leetcode.com/problems/pour-water-between-buckets-to-make-water-levels-equal
2138,Divide a String Into Groups of Size k,Easy,76.90%,https://leetcode.com/problems/divide-a-string-into-groups-of-size-k
2139,Minimum Moves to Reach Target Score,Medium,52.60%,https://leetcode.com/problems/minimum-moves-to-reach-target-score
2140,Solving Questions With Brainpower,Medium,60.20%,https://leetcode.com/problems/solving-questions-with-brainpower
2141,Maximum Running Time of N Computers,Hard,56.30%,https://leetcode.com/problems/maximum-running-time-of-n-computers
2142,The Number of Passengers in Each Bus I,Medium,49.10%,https://leetcode.com/problems/the-number-of-passengers-in-each-bus-i
2143,Choose Numbers From Two Arrays in Range,Hard,51.40%,https://leetcode.com/problems/choose-numbers-from-two-arrays-in-range
2144,Minimum Cost of Buying Candies With Discount,Easy,71.60%,https://leetcode.com/problems/minimum-cost-of-buying-candies-with-discount
2145,Count the Hidden Sequences,Medium,56.70%,https://leetcode.com/problems/count-the-hidden-sequences
2146,K Highest Ranked Items Within a Price Range,Medium,47.20%,https://leetcode.com/problems/k-highest-ranked-items-within-a-price-range
2147,Number of Ways to Divide a Long Corridor,Hard,54.50%,https://leetcode.com/problems/number-of-ways-to-divide-a-long-corridor
2148,Count Elements With Strictly Smaller and Greater Elements,Easy,60.20%,https://leetcode.com/problems/count-elements-with-strictly-smaller-and-greater-elements
2149,Rearrange Array Elements by Sign,Medium,84.80%,https://leetcode.com/problems/rearrange-array-elements-by-sign
2150,Find All Lonely Numbers in the Array,Medium,63.90%,https://leetcode.com/problems/find-all-lonely-numbers-in-the-array
2151,Maximum Good People Based on Statements,Hard,52.90%,https://leetcode.com/problems/maximum-good-people-based-on-statements
2152,Minimum Number of Lines to Cover Points,Medium,44.20%,https://leetcode.com/problems/minimum-number-of-lines-to-cover-points
2153,The Number of Passengers in Each Bus II,Hard,40.50%,https://leetcode.com/problems/the-number-of-passengers-in-each-bus-ii
2154,Keep Multiplying Found Values by Two,Easy,75.00%,https://leetcode.com/problems/keep-multiplying-found-values-by-two
2155,All Divisions With the Highest Score of a Binary Array,Medium,65.80%,https://leetcode.com/problems/all-divisions-with-the-highest-score-of-a-binary-array
2156,Find Substring With Given Hash Value,Hard,27.10%,https://leetcode.com/problems/find-substring-with-given-hash-value
2157,Groups of Strings,Hard,28.20%,https://leetcode.com/problems/groups-of-strings
2158,Amount of New Area Painted Each Day,Hard,55.60%,https://leetcode.com/problems/amount-of-new-area-painted-each-day
2159,Order Two Columns Independently,Medium,61.90%,https://leetcode.com/problems/order-two-columns-independently
2160,Minimum Sum of Four Digit Number After Splitting Digits,Easy,86.40%,https://leetcode.com/problems/minimum-sum-of-four-digit-number-after-splitting-digits
2161,Partition Array According to Given Pivot,Medium,90.80%,https://leetcode.com/problems/partition-array-according-to-given-pivot
2162,Minimum Cost to Set Cooking Time,Medium,45.10%,https://leetcode.com/problems/minimum-cost-to-set-cooking-time
2163,Minimum Difference in Sums After Removal of Elements,Hard,69.60%,https://leetcode.com/problems/minimum-difference-in-sums-after-removal-of-elements
2164,Sort Even and Odd Indices Independently,Easy,63.60%,https://leetcode.com/problems/sort-even-and-odd-indices-independently
2165,Smallest Value of the Rearranged Number,Medium,53.70%,https://leetcode.com/problems/smallest-value-of-the-rearranged-number
2166,Design Bitset,Medium,33.00%,https://leetcode.com/problems/design-bitset
2167,Minimum Time to Remove All Cars Containing Illegal Goods,Hard,42.20%,https://leetcode.com/problems/minimum-time-to-remove-all-cars-containing-illegal-goods
2168,Unique Substrings With Equal Digit Frequency,Medium,64.70%,https://leetcode.com/problems/unique-substrings-with-equal-digit-frequency
2169,Count Operations to Obtain Zero,Easy,79.80%,https://leetcode.com/problems/count-operations-to-obtain-zero
2170,Minimum Operations to Make the Array Alternating,Medium,35.90%,https://leetcode.com/problems/minimum-operations-to-make-the-array-alternating
2171,Removing Minimum Number of Magic Beans,Medium,44.90%,https://leetcode.com/problems/removing-minimum-number-of-magic-beans
2172,Maximum AND Sum of Array,Hard,51.10%,https://leetcode.com/problems/maximum-and-sum-of-array
2173,Longest Winning Streak,Hard,54.60%,https://leetcode.com/problems/longest-winning-streak
2174,Remove All Ones With Row and Column Flips II,Medium,66.90%,https://leetcode.com/problems/remove-all-ones-with-row-and-column-flips-ii
2175,The Change in Global Rankings,Medium,60.90%,https://leetcode.com/problems/the-change-in-global-rankings
2176,Count Equal and Divisible Pairs in an Array,Easy,83.80%,https://leetcode.com/problems/count-equal-and-divisible-pairs-in-an-array
2177,Find Three Consecutive Integers That Sum to a Given Number,Medium,65.20%,https://leetcode.com/problems/find-three-consecutive-integers-that-sum-to-a-given-number
2178,Maximum Split of Positive Even Integers,Medium,59.90%,https://leetcode.com/problems/maximum-split-of-positive-even-integers
2179,Count Good Triplets in an Array,Hard,65.30%,https://leetcode.com/problems/count-good-triplets-in-an-array
2180,Count Integers With Even Digit Sum,Easy,70.90%,https://leetcode.com/problems/count-integers-with-even-digit-sum
2181,Merge Nodes in Between Zeros,Medium,89.70%,https://leetcode.com/problems/merge-nodes-in-between-zeros
2182,Construct String With Repeat Limit,Medium,70.80%,https://leetcode.com/problems/construct-string-with-repeat-limit
2183,Count Array Pairs Divisible by K,Hard,31.10%,https://leetcode.com/problems/count-array-pairs-divisible-by-k
2184,Number of Ways to Build Sturdy Brick Wall,Medium,49.60%,https://leetcode.com/problems/number-of-ways-to-build-sturdy-brick-wall
2185,Counting Words With a Given Prefix,Easy,84.40%,https://leetcode.com/problems/counting-words-with-a-given-prefix
2186,Minimum Number of Steps to Make Two Strings Anagram II,Medium,73.20%,https://leetcode.com/problems/minimum-number-of-steps-to-make-two-strings-anagram-ii
2187,Minimum Time to Complete Trips,Medium,40.00%,https://leetcode.com/problems/minimum-time-to-complete-trips
2188,Minimum Time to Finish the Race,Hard,43.60%,https://leetcode.com/problems/minimum-time-to-finish-the-race
2189,Number of Ways to Build House of Cards,Medium,62.80%,https://leetcode.com/problems/number-of-ways-to-build-house-of-cards
2190,Most Frequent Number Following Key In an Array,Easy,59.70%,https://leetcode.com/problems/most-frequent-number-following-key-in-an-array
2191,Sort the Jumbled Numbers,Medium,59.90%,https://leetcode.com/problems/sort-the-jumbled-numbers
2192,All Ancestors of a Node in a Directed Acyclic Graph,Medium,62.30%,https://leetcode.com/problems/all-ancestors-of-a-node-in-a-directed-acyclic-graph
2193,Minimum Number of Moves to Make Palindrome,Hard,53.10%,https://leetcode.com/problems/minimum-number-of-moves-to-make-palindrome
2194,Cells in a Range on an Excel Sheet,Easy,84.10%,https://leetcode.com/problems/cells-in-a-range-on-an-excel-sheet
2195,Append K Integers With Minimal Sum,Medium,27.30%,https://leetcode.com/problems/append-k-integers-with-minimal-sum
2196,Create Binary Tree From Descriptions,Medium,83.90%,https://leetcode.com/problems/create-binary-tree-from-descriptions
2197,Replace Non-Coprime Numbers in Array,Hard,57.70%,https://leetcode.com/problems/replace-non-coprime-numbers-in-array
2198,Number of Single Divisor Triplets,Medium,53.10%,https://leetcode.com/problems/number-of-single-divisor-triplets
2199,Finding the Topic of Each Post,Hard,50.40%,https://leetcode.com/problems/finding-the-topic-of-each-post
2200,Find All K-Distant Indices in an Array,Easy,77.20%,https://leetcode.com/problems/find-all-k-distant-indices-in-an-array
2201,Count Artifacts That Can Be Extracted,Medium,57.40%,https://leetcode.com/problems/count-artifacts-that-can-be-extracted
2202,Maximize the Topmost Element After K Moves,Medium,24.20%,https://leetcode.com/problems/maximize-the-topmost-element-after-k-moves
2203,Minimum Weighted Subgraph With the Required Paths,Hard,43.40%,https://leetcode.com/problems/minimum-weighted-subgraph-with-the-required-paths
2204,Distance to a Cycle in Undirected Graph,Hard,73.40%,https://leetcode.com/problems/distance-to-a-cycle-in-undirected-graph
2205,The Number of Users That Are Eligible for Discount,Easy,50.60%,https://leetcode.com/problems/the-number-of-users-that-are-eligible-for-discount
2206,Divide Array Into Equal Pairs,Easy,79.20%,https://leetcode.com/problems/divide-array-into-equal-pairs
2207,Maximize Number of Subsequences in a String,Medium,36.30%,https://leetcode.com/problems/maximize-number-of-subsequences-in-a-string
2208,Minimum Operations to Halve Array Sum,Medium,50.50%,https://leetcode.com/problems/minimum-operations-to-halve-array-sum
2209,Minimum White Tiles After Covering With Carpets,Hard,39.40%,https://leetcode.com/problems/minimum-white-tiles-after-covering-with-carpets
2210,Count Hills and Valleys in an Array,Easy,69.10%,https://leetcode.com/problems/count-hills-and-valleys-in-an-array
2211,Count Collisions on a Road,Medium,58.10%,https://leetcode.com/problems/count-collisions-on-a-road
2212,Maximum Points in an Archery Competition,Medium,52.40%,https://leetcode.com/problems/maximum-points-in-an-archery-competition
2213,Longest Substring of One Repeating Character,Hard,65.50%,https://leetcode.com/problems/longest-substring-of-one-repeating-character
2214,Minimum Health to Beat Game,Medium,58.80%,https://leetcode.com/problems/minimum-health-to-beat-game
2215,Find the Difference of Two Arrays,Easy,81.60%,https://leetcode.com/problems/find-the-difference-of-two-arrays
2216,Minimum Deletions to Make Array Beautiful,Medium,50.40%,https://leetcode.com/problems/minimum-deletions-to-make-array-beautiful
2217,Find Palindrome With Fixed Length,Medium,38.20%,https://leetcode.com/problems/find-palindrome-with-fixed-length
2218,Maximum Value of K Coins From Piles,Hard,60.50%,https://leetcode.com/problems/maximum-value-of-k-coins-from-piles
2219,Maximum Sum Score of Array,Medium,62.30%,https://leetcode.com/problems/maximum-sum-score-of-array
2220,Minimum Bit Flips to Convert Number,Easy,88.00%,https://leetcode.com/problems/minimum-bit-flips-to-convert-number
2221,Find Triangular Sum of an Array,Medium,82.00%,https://leetcode.com/problems/find-triangular-sum-of-an-array
2222,Number of Ways to Select Buildings,Medium,51.00%,https://leetcode.com/problems/number-of-ways-to-select-buildings
2223,Sum of Scores of Built Strings,Hard,50.60%,https://leetcode.com/problems/sum-of-scores-of-built-strings
2224,Minimum Number of Operations to Convert Time,Easy,66.50%,https://leetcode.com/problems/minimum-number-of-operations-to-convert-time
2225,Find Players With Zero or One Losses,Medium,72.40%,https://leetcode.com/problems/find-players-with-zero-or-one-losses
2226,Maximum Candies Allocated to K Children,Medium,49.90%,https://leetcode.com/problems/maximum-candies-allocated-to-k-children
2227,Encrypt and Decrypt Strings,Hard,38.80%,https://leetcode.com/problems/encrypt-and-decrypt-strings
2228,Users With Two Purchases Within Seven Days,Medium,47.10%,https://leetcode.com/problems/users-with-two-purchases-within-seven-days
2229,Check if an Array Is Consecutive,Easy,62.30%,https://leetcode.com/problems/check-if-an-array-is-consecutive
2230,The Users That Are Eligible for Discount,Easy,51.00%,https://leetcode.com/problems/the-users-that-are-eligible-for-discount
2231,Largest Number After Digit Swaps by Parity,Easy,65.70%,https://leetcode.com/problems/largest-number-after-digit-swaps-by-parity
2232,Minimize Result by Adding Parentheses to Expression,Medium,68.40%,https://leetcode.com/problems/minimize-result-by-adding-parentheses-to-expression
2233,Maximum Product After K Increments,Medium,44.20%,https://leetcode.com/problems/maximum-product-after-k-increments
2234,Maximum Total Beauty of the Gardens,Hard,30.40%,https://leetcode.com/problems/maximum-total-beauty-of-the-gardens
2235,Add Two Integers,Easy,88.10%,https://leetcode.com/problems/add-two-integers
2236,Root Equals Sum of Children,Easy,85.10%,https://leetcode.com/problems/root-equals-sum-of-children
2237,Count Positions on Street With Required Brightness,Medium,62.50%,https://leetcode.com/problems/count-positions-on-street-with-required-brightness
2238,Number of Times a Driver Was a Passenger,Medium,71.70%,https://leetcode.com/problems/number-of-times-a-driver-was-a-passenger
2239,Find Closest Number to Zero,Easy,48.20%,https://leetcode.com/problems/find-closest-number-to-zero
2240,Number of Ways to Buy Pens and Pencils,Medium,57.10%,https://leetcode.com/problems/number-of-ways-to-buy-pens-and-pencils
2241,Design an ATM Machine,Medium,46.20%,https://leetcode.com/problems/design-an-atm-machine
2242,Maximum Score of a Node Sequence,Hard,40.50%,https://leetcode.com/problems/maximum-score-of-a-node-sequence
2243,Calculate Digit Sum of a String,Easy,68.10%,https://leetcode.com/problems/calculate-digit-sum-of-a-string
2244,Minimum Rounds to Complete All Tasks,Medium,63.40%,https://leetcode.com/problems/minimum-rounds-to-complete-all-tasks
2245,Maximum Trailing Zeros in a Cornered Path,Medium,38.30%,https://leetcode.com/problems/maximum-trailing-zeros-in-a-cornered-path
2246,Longest Path With Different Adjacent Characters,Hard,54.00%,https://leetcode.com/problems/longest-path-with-different-adjacent-characters
2247,Maximum Cost of Trip With K Highways,Hard,49.80%,https://leetcode.com/problems/maximum-cost-of-trip-with-k-highways
2248,Intersection of Multiple Arrays,Easy,68.80%,https://leetcode.com/problems/intersection-of-multiple-arrays
2249,Count Lattice Points Inside a Circle,Medium,57.10%,https://leetcode.com/problems/count-lattice-points-inside-a-circle
2250,Count Number of Rectangles Containing Each Point,Medium,37.90%,https://leetcode.com/problems/count-number-of-rectangles-containing-each-point
2251,Number of Flowers in Full Bloom,Hard,58.10%,https://leetcode.com/problems/number-of-flowers-in-full-bloom
2252,Dynamic Pivoting of a Table,Hard,57.60%,https://leetcode.com/problems/dynamic-pivoting-of-a-table
2253,Dynamic Unpivoting of a Table,Hard,69.70%,https://leetcode.com/problems/dynamic-unpivoting-of-a-table
2254,Design Video Sharing Platform,Hard,64.40%,https://leetcode.com/problems/design-video-sharing-platform
2255,Count Prefixes of a Given String,Easy,74.40%,https://leetcode.com/problems/count-prefixes-of-a-given-string
2256,Minimum Average Difference,Medium,44.00%,https://leetcode.com/problems/minimum-average-difference
2257,Count Unguarded Cells in the Grid,Medium,69.20%,https://leetcode.com/problems/count-unguarded-cells-in-the-grid
2258,Escape the Spreading Fire,Hard,39.30%,https://leetcode.com/problems/escape-the-spreading-fire
2259,Remove Digit From Number to Maximize Result,Easy,48.80%,https://leetcode.com/problems/remove-digit-from-number-to-maximize-result
2260,Minimum Consecutive Cards to Pick Up,Medium,54.00%,https://leetcode.com/problems/minimum-consecutive-cards-to-pick-up
2261,K Divisible Elements Subarrays,Medium,55.20%,https://leetcode.com/problems/k-divisible-elements-subarrays
2262,Total Appeal of A String,Hard,56.70%,https://leetcode.com/problems/total-appeal-of-a-string
2263,Make Array Non-decreasing or Non-increasing,Hard,65.60%,https://leetcode.com/problems/make-array-non-decreasing-or-non-increasing
2264,Largest 3-Same-Digit Number in String,Easy,72.70%,https://leetcode.com/problems/largest-3-same-digit-number-in-string
2265,Count Nodes Equal to Average of Subtree,Medium,86.80%,https://leetcode.com/problems/count-nodes-equal-to-average-of-subtree
2266,Count Number of Texts,Medium,50.70%,https://leetcode.com/problems/count-number-of-texts
2267,Check if There Is a Valid Parentheses String Path,Hard,40.70%,https://leetcode.com/problems/check-if-there-is-a-valid-parentheses-string-path
2268,Minimum Number of Keypresses,Medium,71.50%,https://leetcode.com/problems/minimum-number-of-keypresses
2269,Find the K-Beauty of a Number,Easy,63.80%,https://leetcode.com/problems/find-the-k-beauty-of-a-number
2270,Number of Ways to Split Array,Medium,55.80%,https://leetcode.com/problems/number-of-ways-to-split-array
2271,Maximum White Tiles Covered by a Carpet,Medium,36.40%,https://leetcode.com/problems/maximum-white-tiles-covered-by-a-carpet
2272,Substring With Largest Variance,Hard,46.00%,https://leetcode.com/problems/substring-with-largest-variance
2273,Find Resultant Array After Removing Anagrams,Easy,70.00%,https://leetcode.com/problems/find-resultant-array-after-removing-anagrams
2274,Maximum Consecutive Floors Without Special Floors,Medium,52.80%,https://leetcode.com/problems/maximum-consecutive-floors-without-special-floors
2275,Largest Combination With Bitwise AND Greater Than Zero,Medium,80.70%,https://leetcode.com/problems/largest-combination-with-bitwise-and-greater-than-zero
2276,Count Integers in Intervals,Hard,36.20%,https://leetcode.com/problems/count-integers-in-intervals
2277,Closest Node to Path in Tree,Hard,62.10%,https://leetcode.com/problems/closest-node-to-path-in-tree
2278,Percentage of Letter in String,Easy,75.40%,https://leetcode.com/problems/percentage-of-letter-in-string
2279,Maximum Bags With Full Capacity of Rocks,Medium,68.30%,https://leetcode.com/problems/maximum-bags-with-full-capacity-of-rocks
2280,Minimum Lines to Represent a Line Chart,Medium,27.40%,https://leetcode.com/problems/minimum-lines-to-represent-a-line-chart
2281,Sum of Total Strength of Wizards,Hard,29.90%,https://leetcode.com/problems/sum-of-total-strength-of-wizards
2282,Number of People That Can Be Seen in a Grid,Medium,46.90%,https://leetcode.com/problems/number-of-people-that-can-be-seen-in-a-grid
2283,Check if Number Has Equal Digit Count and Digit Value,Easy,73.30%,https://leetcode.com/problems/check-if-number-has-equal-digit-count-and-digit-value
2284,Sender With Largest Word Count,Medium,60.20%,https://leetcode.com/problems/sender-with-largest-word-count
2285,Maximum Total Importance of Roads,Medium,69.10%,https://leetcode.com/problems/maximum-total-importance-of-roads
2286,Booking Concert Tickets in Groups,Hard,20.30%,https://leetcode.com/problems/booking-concert-tickets-in-groups
2287,Rearrange Characters to Make Target String,Easy,63.20%,https://leetcode.com/problems/rearrange-characters-to-make-target-string
2288,Apply Discount to Prices,Medium,34.60%,https://leetcode.com/problems/apply-discount-to-prices
2289,Steps to Make Array Non-decreasing,Medium,25.30%,https://leetcode.com/problems/steps-to-make-array-non-decreasing
2290,Minimum Obstacle Removal to Reach Corner,Hard,71.10%,https://leetcode.com/problems/minimum-obstacle-removal-to-reach-corner
2291,Maximum Profit From Trading Stocks,Medium,48.30%,https://leetcode.com/problems/maximum-profit-from-trading-stocks
2292,Products With Three or More Orders in Two Consecutive Years,Medium,40.80%,https://leetcode.com/problems/products-with-three-or-more-orders-in-two-consecutive-years
2293,Min Max Game,Easy,64.50%,https://leetcode.com/problems/min-max-game
2294,Partition Array Such That Maximum Difference Is K,Medium,81.80%,https://leetcode.com/problems/partition-array-such-that-maximum-difference-is-k
2295,Replace Elements in an Array,Medium,60.00%,https://leetcode.com/problems/replace-elements-in-an-array
2296,Design a Text Editor,Hard,51.60%,https://leetcode.com/problems/design-a-text-editor
2297,Jump Game VIII,Medium,45.70%,https://leetcode.com/problems/jump-game-viii
2298,Tasks Count in the Weekend,Medium,81.70%,https://leetcode.com/problems/tasks-count-in-the-weekend
2299,Strong Password Checker II,Easy,55.70%,https://leetcode.com/problems/strong-password-checker-ii
2300,Successful Pairs of Spells and Potions,Medium,49.80%,https://leetcode.com/problems/successful-pairs-of-spells-and-potions
2301,Match Substring After Replacement,Hard,43.70%,https://leetcode.com/problems/match-substring-after-replacement
2302,Count Subarrays With Score Less Than K,Hard,62.20%,https://leetcode.com/problems/count-subarrays-with-score-less-than-k
2303,Calculate Amount Paid in Taxes,Easy,69.50%,https://leetcode.com/problems/calculate-amount-paid-in-taxes
2304,Minimum Path Cost in a Grid,Medium,68.40%,https://leetcode.com/problems/minimum-path-cost-in-a-grid
2305,Fair Distribution of Cookies,Medium,70.10%,https://leetcode.com/problems/fair-distribution-of-cookies
2306,Naming a Company,Hard,46.60%,https://leetcode.com/problems/naming-a-company
2307,Check for Contradictions in Equations,Hard,43.80%,https://leetcode.com/problems/check-for-contradictions-in-equations
2308,Arrange Table by Gender,Medium,71.00%,https://leetcode.com/problems/arrange-table-by-gender
2309,Greatest English Letter in Upper and Lower Case,Easy,72.90%,https://leetcode.com/problems/greatest-english-letter-in-upper-and-lower-case
2310,Sum of Numbers With Units Digit K,Medium,28.50%,https://leetcode.com/problems/sum-of-numbers-with-units-digit-k
2311,Longest Binary Subsequence Less Than or Equal to K,Medium,52.70%,https://leetcode.com/problems/longest-binary-subsequence-less-than-or-equal-to-k
2312,Selling Pieces of Wood,Hard,53.30%,https://leetcode.com/problems/selling-pieces-of-wood
2313,Minimum Flips in Binary Tree to Get Result,Hard,56.70%,https://leetcode.com/problems/minimum-flips-in-binary-tree-to-get-result
2314,The First Day of the Maximum Recorded Degree in Each City,Medium,73.60%,https://leetcode.com/problems/the-first-day-of-the-maximum-recorded-degree-in-each-city
2315,Count Asterisks,Easy,83.50%,https://leetcode.com/problems/count-asterisks
2316,Count Unreachable Pairs of Nodes in an Undirected Graph,Medium,50.20%,https://leetcode.com/problems/count-unreachable-pairs-of-nodes-in-an-undirected-graph
2317,Maximum XOR After Operations,Medium,79.90%,https://leetcode.com/problems/maximum-xor-after-operations
2318,Number of Distinct Roll Sequences,Hard,58.40%,https://leetcode.com/problems/number-of-distinct-roll-sequences
2319,Check if Matrix Is X-Matrix,Easy,67.00%,https://leetcode.com/problems/check-if-matrix-is-x-matrix
2320,Count Number of Ways to Place Houses,Medium,44.20%,https://leetcode.com/problems/count-number-of-ways-to-place-houses
2321,Maximum Score Of Spliced Array,Hard,58.90%,https://leetcode.com/problems/maximum-score-of-spliced-array
2322,Minimum Score After Removals on a Tree,Hard,76.00%,https://leetcode.com/problems/minimum-score-after-removals-on-a-tree
2323,Find Minimum Time to Finish All Jobs II,Medium,66.20%,https://leetcode.com/problems/find-minimum-time-to-finish-all-jobs-ii
2324,Product Sales Analysis IV,Medium,76.00%,https://leetcode.com/problems/product-sales-analysis-iv
2325,Decode the Message,Easy,86.00%,https://leetcode.com/problems/decode-the-message
2326,Spiral Matrix IV,Medium,82.30%,https://leetcode.com/problems/spiral-matrix-iv
2327,Number of People Aware of a Secret,Medium,60.60%,https://leetcode.com/problems/number-of-people-aware-of-a-secret
2328,Number of Increasing Paths in a Grid,Hard,57.30%,https://leetcode.com/problems/number-of-increasing-paths-in-a-grid
2329,Product Sales Analysis V,Easy,70.90%,https://leetcode.com/problems/product-sales-analysis-v
2330,Valid Palindrome IV,Medium,75.40%,https://leetcode.com/problems/valid-palindrome-iv
2331,Evaluate Boolean Binary Tree,Easy,82.40%,https://leetcode.com/problems/evaluate-boolean-binary-tree
2332,The Latest Time to Catch a Bus,Medium,30.20%,https://leetcode.com/problems/the-latest-time-to-catch-a-bus
2333,Minimum Sum of Squared Difference,Medium,27.00%,https://leetcode.com/problems/minimum-sum-of-squared-difference
2334,Subarray With Elements Greater Than Varying Threshold,Hard,46.10%,https://leetcode.com/problems/subarray-with-elements-greater-than-varying-threshold
2335,Minimum Amount of Time to Fill Cups,Easy,60.50%,https://leetcode.com/problems/minimum-amount-of-time-to-fill-cups
2336,Smallest Number in Infinite Set,Medium,70.70%,https://leetcode.com/problems/smallest-number-in-infinite-set
2337,Move Pieces to Obtain a String,Medium,56.60%,https://leetcode.com/problems/move-pieces-to-obtain-a-string
2338,Count the Number of Ideal Arrays,Hard,56.90%,https://leetcode.com/problems/count-the-number-of-ideal-arrays
2339,All the Matches of the League,Easy,88.40%,https://leetcode.com/problems/all-the-matches-of-the-league
2340,Minimum Adjacent Swaps to Make a Valid Array,Medium,72.20%,https://leetcode.com/problems/minimum-adjacent-swaps-to-make-a-valid-array
2341,Maximum Number of Pairs in Array,Easy,76.30%,https://leetcode.com/problems/maximum-number-of-pairs-in-array
2342,Max Sum of a Pair With Equal Sum of Digits,Medium,65.90%,https://leetcode.com/problems/max-sum-of-a-pair-with-equal-sum-of-digits
2343,Query Kth Smallest Trimmed Number,Medium,48.10%,https://leetcode.com/problems/query-kth-smallest-trimmed-number
2344,Minimum Deletions to Make Array Divisible,Hard,61.70%,https://leetcode.com/problems/minimum-deletions-to-make-array-divisible
2345,Finding the Number of Visible Mountains,Medium,37.50%,https://leetcode.com/problems/finding-the-number-of-visible-mountains
2346,Compute the Rank as a Percentage,Medium,33.90%,https://leetcode.com/problems/compute-the-rank-as-a-percentage
2347,Best Poker Hand,Easy,62.00%,https://leetcode.com/problems/best-poker-hand
2348,Number of Zero-Filled Subarrays,Medium,70.00%,https://leetcode.com/problems/number-of-zero-filled-subarrays
2349,Design a Number Container System,Medium,57.10%,https://leetcode.com/problems/design-a-number-container-system
2350,Shortest Impossible Sequence of Rolls,Hard,69.30%,https://leetcode.com/problems/shortest-impossible-sequence-of-rolls
2351,First Letter to Appear Twice,Easy,75.20%,https://leetcode.com/problems/first-letter-to-appear-twice
2352,Equal Row and Column Pairs,Medium,71.30%,https://leetcode.com/problems/equal-row-and-column-pairs
2353,Design a Food Rating System,Medium,52.90%,https://leetcode.com/problems/design-a-food-rating-system
2354,Number of Excellent Pairs,Hard,49.50%,https://leetcode.com/problems/number-of-excellent-pairs
2355,Maximum Number of Books You Can Take,Hard,40.00%,https://leetcode.com/problems/maximum-number-of-books-you-can-take
2356,Number of Unique Subjects Taught by Each Teacher,Easy,89.30%,https://leetcode.com/problems/number-of-unique-subjects-taught-by-each-teacher
2357,Make Array Zero by Subtracting Equal Amounts,Easy,73.90%,https://leetcode.com/problems/make-array-zero-by-subtracting-equal-amounts
2358,Maximum Number of Groups Entering a Competition,Medium,68.70%,https://leetcode.com/problems/maximum-number-of-groups-entering-a-competition
2359,Find Closest Node to Given Two Nodes,Medium,53.10%,https://leetcode.com/problems/find-closest-node-to-given-two-nodes
2360,Longest Cycle in a Graph,Hard,51.10%,https://leetcode.com/problems/longest-cycle-in-a-graph
2361,Minimum Costs Using the Train Line,Hard,77.70%,https://leetcode.com/problems/minimum-costs-using-the-train-line
2362,Generate the Invoice,Hard,76.20%,https://leetcode.com/problems/generate-the-invoice
2363,Merge Similar Items,Easy,77.70%,https://leetcode.com/problems/merge-similar-items
2364,Count Number of Bad Pairs,Medium,54.10%,https://leetcode.com/problems/count-number-of-bad-pairs
2365,Task Scheduler II,Medium,55.00%,https://leetcode.com/problems/task-scheduler-ii
2366,Minimum Replacements to Sort the Array,Hard,53.10%,https://leetcode.com/problems/minimum-replacements-to-sort-the-array
2367,Number of Arithmetic Triplets,Easy,85.60%,https://leetcode.com/problems/number-of-arithmetic-triplets
2368,Reachable Nodes With Restrictions,Medium,60.80%,https://leetcode.com/problems/reachable-nodes-with-restrictions
2369,Check if There is a Valid Partition For The Array,Medium,52.50%,https://leetcode.com/problems/check-if-there-is-a-valid-partition-for-the-array
2370,Longest Ideal Subsequence,Medium,46.60%,https://leetcode.com/problems/longest-ideal-subsequence
2371,Minimize Maximum Value in a Grid,Hard,69.80%,https://leetcode.com/problems/minimize-maximum-value-in-a-grid
2372,Calculate the Influence of Each Salesperson,Medium,83.80%,https://leetcode.com/problems/calculate-the-influence-of-each-salesperson
2373,Largest Local Values in a Matrix,Easy,87.70%,https://leetcode.com/problems/largest-local-values-in-a-matrix
2374,Node With Highest Edge Score,Medium,49.60%,https://leetcode.com/problems/node-with-highest-edge-score
2375,Construct Smallest Number From DI String,Medium,85.50%,https://leetcode.com/problems/construct-smallest-number-from-di-string
2376,Count Special Integers,Hard,45.00%,https://leetcode.com/problems/count-special-integers
2377,Sort the Olympic Table,Easy,79.30%,https://leetcode.com/problems/sort-the-olympic-table
2378,Choose Edges to Maximize Score in a Tree,Medium,56.40%,https://leetcode.com/problems/choose-edges-to-maximize-score-in-a-tree
2379,Minimum Recolors to Get K Consecutive Black Blocks,Easy,69.00%,https://leetcode.com/problems/minimum-recolors-to-get-k-consecutive-black-blocks
2380,Time Needed to Rearrange a Binary String,Medium,53.60%,https://leetcode.com/problems/time-needed-to-rearrange-a-binary-string
2381,Shifting Letters II,Medium,53.90%,https://leetcode.com/problems/shifting-letters-ii
2382,Maximum Segment Sum After Removals,Hard,50.30%,https://leetcode.com/problems/maximum-segment-sum-after-removals
2383,Minimum Hours of Training to Win a Competition,Easy,42.80%,https://leetcode.com/problems/minimum-hours-of-training-to-win-a-competition
2384,Largest Palindromic Number,Medium,37.40%,https://leetcode.com/problems/largest-palindromic-number
2385,Amount of Time for Binary Tree to Be Infected,Medium,66.00%,https://leetcode.com/problems/amount-of-time-for-binary-tree-to-be-infected
2386,Find the K-Sum of an Array,Hard,41.90%,https://leetcode.com/problems/find-the-k-sum-of-an-array
2387,Median of a Row Wise Sorted Matrix,Medium,71.10%,https://leetcode.com/problems/median-of-a-row-wise-sorted-matrix
2388,Change Null Values in a Table to the Previous Value,Medium,51.40%,https://leetcode.com/problems/change-null-values-in-a-table-to-the-previous-value
2389,Longest Subsequence With Limited Sum,Easy,73.80%,https://leetcode.com/problems/longest-subsequence-with-limited-sum
2390,Removing Stars From a String,Medium,79.90%,https://leetcode.com/problems/removing-stars-from-a-string
2391,Minimum Amount of Time to Collect Garbage,Medium,85.00%,https://leetcode.com/problems/minimum-amount-of-time-to-collect-garbage
2392,Build a Matrix With Conditions,Hard,79.40%,https://leetcode.com/problems/build-a-matrix-with-conditions
2393,Count Strictly Increasing Subarrays,Medium,70.90%,https://leetcode.com/problems/count-strictly-increasing-subarrays
2394,Employees With Deductions,Medium,42.90%,https://leetcode.com/problems/employees-with-deductions
2395,Find Subarrays With Equal Sum,Easy,67.30%,https://leetcode.com/problems/find-subarrays-with-equal-sum
2396,Strictly Palindromic Number,Medium,90.40%,https://leetcode.com/problems/strictly-palindromic-number
2397,Maximum Rows Covered by Columns,Medium,58.30%,https://leetcode.com/problems/maximum-rows-covered-by-columns
2398,Maximum Number of Robots Within Budget,Hard,39.10%,https://leetcode.com/problems/maximum-number-of-robots-within-budget
2399,Check Distances Between Same Letters,Easy,71.50%,https://leetcode.com/problems/check-distances-between-same-letters
2400,Number of Ways to Reach a Position After Exactly k Steps,Medium,37.30%,https://leetcode.com/problems/number-of-ways-to-reach-a-position-after-exactly-k-steps
2401,Longest Nice Subarray,Medium,64.8,https://leetcode.com/problems/longest-nice-subarray
2402,Meeting Rooms III,Hard,51.4,https://leetcode.com/problems/meeting-rooms-iii
2403,Minimum Time to Kill All Monsters,Hard,56.3,https://leetcode.com/problems/minimum-time-to-kill-all-monsters
2404,Most Frequent Even Element,Easy,54.2,https://leetcode.com/problems/most-frequent-even-element
2405,Optimal Partition of String,Medium,78.5,https://leetcode.com/problems/optimal-partition-of-string
2406,Divide Intervals Into Minimum Number of Groups,Medium,63.6,https://leetcode.com/problems/divide-intervals-into-minimum-number-of-groups
2407,Longest Increasing Subsequence II,Hard,26.5,https://leetcode.com/problems/longest-increasing-subsequence-ii
2408,Design SQL,Medium,63.7,https://leetcode.com/problems/design-sql
2409,Count Days Spent Together,Easy,48.5,https://leetcode.com/problems/count-days-spent-together
2410,Maximum Matching of Players With Trainers,Medium,75.5,https://leetcode.com/problems/maximum-matching-of-players-with-trainers
2411,Smallest Subarrays With Maximum Bitwise OR,Medium,61.9,https://leetcode.com/problems/smallest-subarrays-with-maximum-bitwise-or
2412,Minimum Money Required Before Transactions,Hard,42.5,https://leetcode.com/problems/minimum-money-required-before-transactions
2413,Smallest Even Multiple,Easy,88.6,https://leetcode.com/problems/smallest-even-multiple
2414,Length of the Longest Alphabetical Continuous Substring,Medium,61.2,https://leetcode.com/problems/length-of-the-longest-alphabetical-continuous-substring
2415,Reverse Odd Levels of Binary Tree,Medium,86.7,https://leetcode.com/problems/reverse-odd-levels-of-binary-tree
2416,Sum of Prefix Scores of Strings,Hard,60.9,https://leetcode.com/problems/sum-of-prefix-scores-of-strings
2417,Closest Fair Integer,Medium,43.7,https://leetcode.com/problems/closest-fair-integer
2418,Sort the People,Easy,84.8,https://leetcode.com/problems/sort-the-people
2419,Longest Subarray With Maximum Bitwise AND,Medium,65.4,https://leetcode.com/problems/longest-subarray-with-maximum-bitwise-and
2420,Find All Good Indices,Medium,41.3,https://leetcode.com/problems/find-all-good-indices
2421,Number of Good Paths,Hard,56.6,https://leetcode.com/problems/number-of-good-paths
2422,Merge Operations to Turn Array Into a Palindrome,Medium,68.9,https://leetcode.com/problems/merge-operations-to-turn-array-into-a-palindrome
2423,Remove Letter To Equalize Frequency,Easy,19.6,https://leetcode.com/problems/remove-letter-to-equalize-frequency
2424,Longest Uploaded Prefix,Medium,55.5,https://leetcode.com/problems/longest-uploaded-prefix
2425,Bitwise XOR of All Pairings,Medium,66.9,https://leetcode.com/problems/bitwise-xor-of-all-pairings
2426,Number of Pairs Satisfying Inequality,Hard,47.9,https://leetcode.com/problems/number-of-pairs-satisfying-inequality
2427,Number of Common Factors,Easy,80.4,https://leetcode.com/problems/number-of-common-factors
2428,Maximum Sum of an Hourglass,Medium,77.3,https://leetcode.com/problems/maximum-sum-of-an-hourglass
2429,Minimize XOR,Medium,62.3,https://leetcode.com/problems/minimize-xor
2430,Maximum Deletions on a String,Hard,36.3,https://leetcode.com/problems/maximum-deletions-on-a-string
2431,Maximize Total Tastiness of Purchased Fruits,Medium,64.3,https://leetcode.com/problems/maximize-total-tastiness-of-purchased-fruits
2432,The Employee That Worked on the Longest Task,Easy,51.8,https://leetcode.com/problems/the-employee-that-worked-on-the-longest-task
2433,Find The Original Array of Prefix Xor,Medium,88.5,https://leetcode.com/problems/find-the-original-array-of-prefix-xor
2434,Using a Robot to Print the Lexicographically Smallest String,Medium,62.2,https://leetcode.com/problems/using-a-robot-to-print-the-lexicographically-smallest-string
2435,Paths in Matrix Whose Sum Is Divisible by K,Hard,58.7,https://leetcode.com/problems/paths-in-matrix-whose-sum-is-divisible-by-k
2436,Minimum Split Into Subarrays With GCD Greater Than One,Medium,69.7,https://leetcode.com/problems/minimum-split-into-subarrays-with-gcd-greater-than-one
2437,Number of Valid Clock Times,Easy,48.3,https://leetcode.com/problems/number-of-valid-clock-times
2438,Range Product Queries of Powers,Medium,61.2,https://leetcode.com/problems/range-product-queries-of-powers
2439,Minimize Maximum of Array,Medium,46.6,https://leetcode.com/problems/minimize-maximum-of-array
2440,Create Components With Same Value,Hard,54.2,https://leetcode.com/problems/create-components-with-same-value
2441,Largest Positive Integer That Exists With Its Negative,Easy,74.5,https://leetcode.com/problems/largest-positive-integer-that-exists-with-its-negative
2442,Count Number of Distinct Integers After Reverse Operations,Medium,81.8,https://leetcode.com/problems/count-number-of-distinct-integers-after-reverse-operations
2443,Sum of Number and Its Reverse,Medium,50,https://leetcode.com/problems/sum-of-number-and-its-reverse
2444,Count Subarrays With Fixed Bounds,Hard,69.2,https://leetcode.com/problems/count-subarrays-with-fixed-bounds
2445,Number of Nodes With Value One,Medium,65.9,https://leetcode.com/problems/number-of-nodes-with-value-one
2446,Determine if Two Events Have Conflict,Easy,53.6,https://leetcode.com/problems/determine-if-two-events-have-conflict
2447,Number of Subarrays With GCD Equal to K,Medium,53.5,https://leetcode.com/problems/number-of-subarrays-with-gcd-equal-to-k
2448,Minimum Cost to Make Array Equal,Hard,46.9,https://leetcode.com/problems/minimum-cost-to-make-array-equal
2449,Minimum Number of Operations to Make Arrays Similar,Hard,61.6,https://leetcode.com/problems/minimum-number-of-operations-to-make-arrays-similar
2450,Number of Distinct Binary Strings After Applying Operations,Medium,63.2,https://leetcode.com/problems/number-of-distinct-binary-strings-after-applying-operations
2451,Odd String Difference,Easy,62.2,https://leetcode.com/problems/odd-string-difference
2452,Words Within Two Edits of Dictionary,Medium,73.3,https://leetcode.com/problems/words-within-two-edits-of-dictionary
2453,Destroy Sequential Targets,Medium,42.4,https://leetcode.com/problems/destroy-sequential-targets
2454,Next Greater Element IV,Hard,42.8,https://leetcode.com/problems/next-greater-element-iv
2455,Average Value of Even Numbers That Are Divisible by Three,Easy,63.7,https://leetcode.com/problems/average-value-of-even-numbers-that-are-divisible-by-three
2456,Most Popular Video Creator,Medium,45.6,https://leetcode.com/problems/most-popular-video-creator
2457,Minimum Addition to Make Integer Beautiful,Medium,39,https://leetcode.com/problems/minimum-addition-to-make-integer-beautiful
2458,Height of Binary Tree After Subtree Removal Queries,Hard,54.9,https://leetcode.com/problems/height-of-binary-tree-after-subtree-removal-queries
2459,Sort Array by Moving Items to Empty Space,Hard,45.5,https://leetcode.com/problems/sort-array-by-moving-items-to-empty-space
2460,Apply Operations to an Array,Easy,74.7,https://leetcode.com/problems/apply-operations-to-an-array
2461,Maximum Sum of Distinct Subarrays With Length K,Medium,43.5,https://leetcode.com/problems/maximum-sum-of-distinct-subarrays-with-length-k
2462,Total Cost to Hire K Workers,Medium,43.9,https://leetcode.com/problems/total-cost-to-hire-k-workers
2463,Minimum Total Distance Traveled,Hard,63.2,https://leetcode.com/problems/minimum-total-distance-traveled
2464,Minimum Subarrays in a Valid Split,Medium,64.5,https://leetcode.com/problems/minimum-subarrays-in-a-valid-split
2465,Number of Distinct Averages,Easy,59.2,https://leetcode.com/problems/number-of-distinct-averages
2466,Count Ways To Build Good Strings,Medium,58.8,https://leetcode.com/problems/count-ways-to-build-good-strings
2467,Most Profitable Path in a Tree,Medium,67.3,https://leetcode.com/problems/most-profitable-path-in-a-tree
2468,Split Message Based on Limit,Hard,42.1,https://leetcode.com/problems/split-message-based-on-limit
2469,Convert the Temperature,Easy,90.4,https://leetcode.com/problems/convert-the-temperature
2470,Number of Subarrays With LCM Equal to K,Medium,47.6,https://leetcode.com/problems/number-of-subarrays-with-lcm-equal-to-k
2471,Minimum Number of Operations to Sort a Binary Tree by Level,Medium,74.2,https://leetcode.com/problems/minimum-number-of-operations-to-sort-a-binary-tree-by-level
2472,Maximum Number of Non-overlapping Palindrome Substrings,Hard,45.1,https://leetcode.com/problems/maximum-number-of-non-overlapping-palindrome-substrings
2473,Minimum Cost to Buy Apples,Medium,67.4,https://leetcode.com/problems/minimum-cost-to-buy-apples
2474,Customers With Strictly Increasing Purchases,Hard,50.4,https://leetcode.com/problems/customers-with-strictly-increasing-purchases
2475,Number of Unequal Triplets in Array,Easy,73.6,https://leetcode.com/problems/number-of-unequal-triplets-in-array
2476,Closest Nodes Queries in a Binary Search Tree,Medium,44.9,https://leetcode.com/problems/closest-nodes-queries-in-a-binary-search-tree
2477,Minimum Fuel Cost to Report to the Capital,Medium,65.4,https://leetcode.com/problems/minimum-fuel-cost-to-report-to-the-capital
2478,Number of Beautiful Partitions,Hard,33.4,https://leetcode.com/problems/number-of-beautiful-partitions
2479,Maximum XOR of Two Non-Overlapping Subtrees,Hard,51.3,https://leetcode.com/problems/maximum-xor-of-two-non-overlapping-subtrees
2480,Form a Chemical Bond,Easy,80.2,https://leetcode.com/problems/form-a-chemical-bond
2481,Minimum Cuts to Divide a Circle,Easy,56.7,https://leetcode.com/problems/minimum-cuts-to-divide-a-circle
2482,Difference Between Ones and Zeros in Row and Column,Medium,84.6,https://leetcode.com/problems/difference-between-ones-and-zeros-in-row-and-column
2483,Minimum Penalty for a Shop,Medium,71.2,https://leetcode.com/problems/minimum-penalty-for-a-shop
2484,Count Palindromic Subsequences,Hard,42,https://leetcode.com/problems/count-palindromic-subsequences
2485,Find the Pivot Integer,Easy,83.7,https://leetcode.com/problems/find-the-pivot-integer
2486,Append Characters to String to Make Subsequence,Medium,73.1,https://leetcode.com/problems/append-characters-to-string-to-make-subsequence
2487,Remove Nodes From Linked List,Medium,75.2,https://leetcode.com/problems/remove-nodes-from-linked-list
2488,Count Subarrays With Median K,Hard,49.4,https://leetcode.com/problems/count-subarrays-with-median-k
2489,Number of Substrings With Fixed Ratio,Medium,56.1,https://leetcode.com/problems/number-of-substrings-with-fixed-ratio
2490,Circular Sentence,Easy,70,https://leetcode.com/problems/circular-sentence
2491,Divide Players Into Teams of Equal Skill,Medium,68.9,https://leetcode.com/problems/divide-players-into-teams-of-equal-skill
2492,Minimum Score of a Path Between Two Cities,Medium,66.3,https://leetcode.com/problems/minimum-score-of-a-path-between-two-cities
2493,Divide Nodes Into the Maximum Number of Groups,Hard,66.8,https://leetcode.com/problems/divide-nodes-into-the-maximum-number-of-groups
2494,Merge Overlapping Events in the Same Hall,Hard,38,https://leetcode.com/problems/merge-overlapping-events-in-the-same-hall
2495,Number of Subarrays Having Even Product,Medium,63,https://leetcode.com/problems/number-of-subarrays-having-even-product
2496,Maximum Value of a String in an Array,Easy,74.5,https://leetcode.com/problems/maximum-value-of-a-string-in-an-array
2497,Maximum Star Sum of a Graph,Medium,42.7,https://leetcode.com/problems/maximum-star-sum-of-a-graph
2498,Frog Jump II,Medium,62.5,https://leetcode.com/problems/frog-jump-ii
2499,Minimum Total Cost to Make Arrays Unequal,Hard,41.6,https://leetcode.com/problems/minimum-total-cost-to-make-arrays-unequal
2500,Delete Greatest Value in Each Row,Easy,80.5,https://leetcode.com/problems/delete-greatest-value-in-each-row
2501,Longest Square Streak in an Array,Medium,53.1,https://leetcode.com/problems/longest-square-streak-in-an-array
2502,Design Memory Allocator,Medium,50.7,https://leetcode.com/problems/design-memory-allocator
2503,Maximum Number of Points From Grid Queries,Hard,59.2,https://leetcode.com/problems/maximum-number-of-points-from-grid-queries
2504,Concatenate the Name and the Profession,Easy,80.4,https://leetcode.com/problems/concatenate-the-name-and-the-profession
2505,Bitwise OR of All Subsequence Sums,Medium,63.4,https://leetcode.com/problems/bitwise-or-of-all-subsequence-sums
2506,Count Pairs Of Similar Strings,Easy,73.8,https://leetcode.com/problems/count-pairs-of-similar-strings
2507,Smallest Value After Replacing With Sum of Prime Factors,Medium,50.4,https://leetcode.com/problems/smallest-value-after-replacing-with-sum-of-prime-factors
2508,Add Edges to Make Degrees of All Nodes Even,Hard,37.1,https://leetcode.com/problems/add-edges-to-make-degrees-of-all-nodes-even
2509,Cycle Length Queries in a Tree,Hard,61,https://leetcode.com/problems/cycle-length-queries-in-a-tree
2510,Check if There is a Path With Equal Number of 0's And 1's,Medium,52,https://leetcode.com/problems/check-if-there-is-a-path-with-equal-number-of-0s-and-1s
2511,Maximum Enemy Forts That Can Be Captured,Easy,41.9,https://leetcode.com/problems/maximum-enemy-forts-that-can-be-captured
2512,Reward Top K Students,Medium,47.6,https://leetcode.com/problems/reward-top-k-students
2513,Minimize the Maximum of Two Arrays,Medium,32.7,https://leetcode.com/problems/minimize-the-maximum-of-two-arrays
2514,Count Anagrams,Hard,38.3,https://leetcode.com/problems/count-anagrams
2515,Shortest Distance to Target String in a Circular Array,Easy,65,https://leetcode.com/problems/shortest-distance-to-target-string-in-a-circular-array
2516,Take K of Each Character From Left and Right,Medium,51.5,https://leetcode.com/problems/take-k-of-each-character-from-left-and-right
2517,Maximum Tastiness of Candy Basket,Medium,68.7,https://leetcode.com/problems/maximum-tastiness-of-candy-basket
2518,Number of Great Partitions,Hard,33.9,https://leetcode.com/problems/number-of-great-partitions
2519,Count the Number of K-Big Indices,Hard,53.6,https://leetcode.com/problems/count-the-number-of-k-big-indices
2520,Count the Digits That Divide a Number,Easy,86.2,https://leetcode.com/problems/count-the-digits-that-divide-a-number
2521,Distinct Prime Factors of Product of Array,Medium,55.3,https://leetcode.com/problems/distinct-prime-factors-of-product-of-array
2522,Partition String Into Substrings With Values at Most K,Medium,48,https://leetcode.com/problems/partition-string-into-substrings-with-values-at-most-k
2523,Closest Prime Numbers in Range,Medium,52,https://leetcode.com/problems/closest-prime-numbers-in-range
2524,Maximum Frequency Score of a Subarray,Hard,35.7,https://leetcode.com/problems/maximum-frequency-score-of-a-subarray
2525,Categorize Box According to Criteria,Easy,40.8,https://leetcode.com/problems/categorize-box-according-to-criteria
2526,Find Consecutive Integers from a Data Stream,Medium,51.7,https://leetcode.com/problems/find-consecutive-integers-from-a-data-stream
2527,Find Xor-Beauty of Array,Medium,71.3,https://leetcode.com/problems/find-xor-beauty-of-array
2528,Maximize the Minimum Powered City,Hard,61.4,https://leetcode.com/problems/maximize-the-minimum-powered-city
2529,Maximum Count of Positive Integer and Negative Integer,Easy,74.2,https://leetcode.com/problems/maximum-count-of-positive-integer-and-negative-integer
2530,Maximal Score After Applying K Operations,Medium,64.2,https://leetcode.com/problems/maximal-score-after-applying-k-operations
2531,Make Number of Distinct Characters Equal,Medium,27.9,https://leetcode.com/problems/make-number-of-distinct-characters-equal
2532,Time to Cross a Bridge,Hard,44.6,https://leetcode.com/problems/time-to-cross-a-bridge
2533,Number of Good Binary Strings,Medium,52.9,https://leetcode.com/problems/number-of-good-binary-strings
2534,Time Taken to Cross the Door,Hard,50.5,https://leetcode.com/problems/time-taken-to-cross-the-door
2535,Difference Between Element Sum and Digit Sum of an Array,Easy,85.5,https://leetcode.com/problems/difference-between-element-sum-and-digit-sum-of-an-array
2536,Increment Submatrices by One,Medium,73.8,https://leetcode.com/problems/increment-submatrices-by-one
2537,Count the Number of Good Subarrays,Medium,65.7,https://leetcode.com/problems/count-the-number-of-good-subarrays
2538,Difference Between Maximum and Minimum Price Sum,Hard,34.3,https://leetcode.com/problems/difference-between-maximum-and-minimum-price-sum
2539,Count the Number of Good Subsequences,Medium,47.9,https://leetcode.com/problems/count-the-number-of-good-subsequences
2540,Minimum Common Value,Easy,60.7,https://leetcode.com/problems/minimum-common-value
2541,Minimum Operations to Make Array Equal II,Medium,33.4,https://leetcode.com/problems/minimum-operations-to-make-array-equal-ii
2542,Maximum Subsequence Score,Medium,55,https://leetcode.com/problems/maximum-subsequence-score
2543,Check if Point Is Reachable,Hard,45.6,https://leetcode.com/problems/check-if-point-is-reachable
2544,Alternating Digit Sum,Easy,69.7,https://leetcode.com/problems/alternating-digit-sum
2545,Sort the Students by Their Kth Score,Medium,86.1,https://leetcode.com/problems/sort-the-students-by-their-kth-score
2546,Apply Bitwise Operations to Make Strings Equal,Medium,42.9,https://leetcode.com/problems/apply-bitwise-operations-to-make-strings-equal
2547,Minimum Cost to Split an Array,Hard,45.1,https://leetcode.com/problems/minimum-cost-to-split-an-array
2548,Maximum Price to Fill a Bag,Medium,65,https://leetcode.com/problems/maximum-price-to-fill-a-bag
2549,Count Distinct Numbers on Board,Easy,62,https://leetcode.com/problems/count-distinct-numbers-on-board
2550,Count Collisions of Monkeys on a Polygon,Medium,30.4,https://leetcode.com/problems/count-collisions-of-monkeys-on-a-polygon
2551,Put Marbles in Bags,Hard,72,https://leetcode.com/problems/put-marbles-in-bags
2552,Count Increasing Quadruplets,Hard,34.6,https://leetcode.com/problems/count-increasing-quadruplets
2553,Separate the Digits in an Array,Easy,85.8,https://leetcode.com/problems/separate-the-digits-in-an-array
2554,Maximum Number of Integers to Choose From a Range I,Medium,68,https://leetcode.com/problems/maximum-number-of-integers-to-choose-from-a-range-i
2555,Maximize Win From Two Segments,Medium,38.4,https://leetcode.com/problems/maximize-win-from-two-segments
2556,Disconnect Path in a Binary Matrix by at Most One Flip,Medium,28.2,https://leetcode.com/problems/disconnect-path-in-a-binary-matrix-by-at-most-one-flip
2557,Maximum Number of Integers to Choose From a Range II,Medium,34.8,https://leetcode.com/problems/maximum-number-of-integers-to-choose-from-a-range-ii
2558,Take Gifts From the Richest Pile,Easy,75.5,https://leetcode.com/problems/take-gifts-from-the-richest-pile
2559,Count Vowel Strings in Ranges,Medium,67.9,https://leetcode.com/problems/count-vowel-strings-in-ranges
2560,House Robber IV,Medium,64.5,https://leetcode.com/problems/house-robber-iv
2561,Rearranging Fruits,Hard,57.3,https://leetcode.com/problems/rearranging-fruits
2562,Find the Array Concatenation Value,Easy,72.1,https://leetcode.com/problems/find-the-array-concatenation-value
2563,Count the Number of Fair Pairs,Medium,52.6,https://leetcode.com/problems/count-the-number-of-fair-pairs
2564,Substring XOR Queries,Medium,36,https://leetcode.com/problems/substring-xor-queries
2565,Subsequence With the Minimum Score,Hard,33.8,https://leetcode.com/problems/subsequence-with-the-minimum-score
2566,Maximum Difference by Remapping a Digit,Easy,75.5,https://leetcode.com/problems/maximum-difference-by-remapping-a-digit
2567,Minimum Score by Changing Two Elements,Medium,50.2,https://leetcode.com/problems/minimum-score-by-changing-two-elements
2568,Minimum Impossible OR,Medium,59.5,https://leetcode.com/problems/minimum-impossible-or
2569,Handling Sum Queries After Update,Hard,31.9,https://leetcode.com/problems/handling-sum-queries-after-update
2570,Merge Two 2D Arrays by Summing Values,Easy,81.6,https://leetcode.com/problems/merge-two-2d-arrays-by-summing-values
2571,Minimum Operations to Reduce an Integer to 0,Medium,63.3,https://leetcode.com/problems/minimum-operations-to-reduce-an-integer-to-0
2572,Count the Number of Square-Free Subsets,Medium,27,https://leetcode.com/problems/count-the-number-of-square-free-subsets
2573,Find the String with LCP,Hard,63.2,https://leetcode.com/problems/find-the-string-with-lcp
2574,Left and Right Sum Differences,Easy,89.7,https://leetcode.com/problems/left-and-right-sum-differences
2575,Find the Divisibility Array of a String,Medium,36.9,https://leetcode.com/problems/find-the-divisibility-array-of-a-string
2576,Find the Maximum Number of Marked Indices,Medium,41.7,https://leetcode.com/problems/find-the-maximum-number-of-marked-indices
2577,Minimum Time to Visit a Cell In a Grid,Hard,56.1,https://leetcode.com/problems/minimum-time-to-visit-a-cell-in-a-grid
2578,Split With Minimum Sum,Easy,73.9,https://leetcode.com/problems/split-with-minimum-sum
2579,Count Total Number of Colored Cells,Medium,66.2,https://leetcode.com/problems/count-total-number-of-colored-cells
2580,Count Ways to Group Overlapping Ranges,Medium,39.6,https://leetcode.com/problems/count-ways-to-group-overlapping-ranges
2581,Count Number of Possible Root Nodes,Hard,49.1,https://leetcode.com/problems/count-number-of-possible-root-nodes
2582,Pass the Pillow,Easy,56.7,https://leetcode.com/problems/pass-the-pillow
2583,Kth Largest Sum in a Binary Tree,Medium,58.9,https://leetcode.com/problems/kth-largest-sum-in-a-binary-tree
2584,Split the Array to Make Coprime Products,Hard,29.3,https://leetcode.com/problems/split-the-array-to-make-coprime-products
2585,Number of Ways to Earn Points,Hard,60.1,https://leetcode.com/problems/number-of-ways-to-earn-points
2586,Count the Number of Vowel Strings in Range,Easy,74.6,https://leetcode.com/problems/count-the-number-of-vowel-strings-in-range
2587,Rearrange Array to Maximize Prefix Score,Medium,43.1,https://leetcode.com/problems/rearrange-array-to-maximize-prefix-score
2588,Count the Number of Beautiful Subarrays,Medium,54.7,https://leetcode.com/problems/count-the-number-of-beautiful-subarrays
2589,Minimum Time to Complete All Tasks,Hard,40.5,https://leetcode.com/problems/minimum-time-to-complete-all-tasks
2590,Design a Todo List,Medium,59.7,https://leetcode.com/problems/design-a-todo-list
2591,Distribute Money to Maximum Children,Easy,20.8,https://leetcode.com/problems/distribute-money-to-maximum-children
2592,Maximize Greatness of an Array,Medium,62.2,https://leetcode.com/problems/maximize-greatness-of-an-array
2593,Find Score of an Array After Marking All Elements,Medium,64.6,https://leetcode.com/problems/find-score-of-an-array-after-marking-all-elements
2594,Minimum Time to Repair Cars,Medium,59.4,https://leetcode.com/problems/minimum-time-to-repair-cars
2595,Number of Even and Odd Bits,Easy,74.1,https://leetcode.com/problems/number-of-even-and-odd-bits
2596,Check Knight Tour Configuration,Medium,62.1,https://leetcode.com/problems/check-knight-tour-configuration
2597,The Number of Beautiful Subsets,Medium,51,https://leetcode.com/problems/the-number-of-beautiful-subsets
2598,Smallest Missing Non-negative Integer After Operations,Medium,55.9,https://leetcode.com/problems/smallest-missing-non-negative-integer-after-operations
2599,Make the Prefix Sum Non-negative,Medium,51.8,https://leetcode.com/problems/make-the-prefix-sum-non-negative
2600,K Items With the Maximum Sum,Easy,60.4,https://leetcode.com/problems/k-items-with-the-maximum-sum
2601,Prime Subtraction Operation,Medium,55.4,https://leetcode.com/problems/prime-subtraction-operation
2602,Minimum Operations to Make All Array Elements Equal,Medium,38.8,https://leetcode.com/problems/minimum-operations-to-make-all-array-elements-equal
2603,Collect Coins in a Tree,Hard,39.9,https://leetcode.com/problems/collect-coins-in-a-tree
2604,Minimum Time to Eat All Grains,Hard,41,https://leetcode.com/problems/minimum-time-to-eat-all-grains
2605,Form Smallest Number From Two Digit Arrays,Easy,55.4,https://leetcode.com/problems/form-smallest-number-from-two-digit-arrays
2606,Find the Substring With Maximum Cost,Medium,58.5,https://leetcode.com/problems/find-the-substring-with-maximum-cost
2607,Make K-Subarray Sums Equal,Medium,39.1,https://leetcode.com/problems/make-k-subarray-sums-equal
2608,Shortest Cycle in a Graph,Hard,40.5,https://leetcode.com/problems/shortest-cycle-in-a-graph
2609,Find the Longest Balanced Substring of a Binary String,Easy,47,https://leetcode.com/problems/find-the-longest-balanced-substring-of-a-binary-string
2610,Convert an Array Into a 2D Array With Conditions,Medium,86.2,https://leetcode.com/problems/convert-an-array-into-a-2d-array-with-conditions
2611,Mice and Cheese,Medium,49,https://leetcode.com/problems/mice-and-cheese
2612,Minimum Reverse Operations,Hard,17.3,https://leetcode.com/problems/minimum-reverse-operations
2613,Beautiful Pairs,Hard,46.9,https://leetcode.com/problems/beautiful-pairs
2614,Prime In Diagonal,Easy,39.3,https://leetcode.com/problems/prime-in-diagonal
2615,Sum of Distances,Medium,50.3,https://leetcode.com/problems/sum-of-distances
2616,Minimize the Maximum Difference of Pairs,Medium,51,https://leetcode.com/problems/minimize-the-maximum-difference-of-pairs
2617,Minimum Number of Visited Cells in a Grid,Hard,24.3,https://leetcode.com/problems/minimum-number-of-visited-cells-in-a-grid
2618,Check if Object Instance of Class,Medium,30.3,https://leetcode.com/problems/check-if-object-instance-of-class
2619,Array Prototype Last,Easy,74.7,https://leetcode.com/problems/array-prototype-last
2620,Counter,Easy,82.4,https://leetcode.com/problems/counter
2621,Sleep,Easy,87.3,https://leetcode.com/problems/sleep
2622,Cache With Time Limit,Medium,76.3,https://leetcode.com/problems/cache-with-time-limit
2623,Memoize,Medium,65.3,https://leetcode.com/problems/memoize
2624,Snail Traversal,Medium,68.6,https://leetcode.com/problems/snail-traversal
2625,Flatten Deeply Nested Array,Medium,66.2,https://leetcode.com/problems/flatten-deeply-nested-array
2626,Array Reduce Transformation,Easy,85.5,https://leetcode.com/problems/array-reduce-transformation
2627,Debounce,Medium,91.7,https://leetcode.com/problems/debounce
2628,JSON Deep Equal,Medium,39.8,https://leetcode.com/problems/json-deep-equal
2629,Function Composition,Easy,86.8,https://leetcode.com/problems/function-composition
2630,Memoize II,Hard,39.7,https://leetcode.com/problems/memoize-ii
2631,Group By,Medium,81.6,https://leetcode.com/problems/group-by
2632,Curry,Medium,89.1,https://leetcode.com/problems/curry
2633,Convert Object to JSON String,Medium,78,https://leetcode.com/problems/convert-object-to-json-string
2634,Filter Elements from Array,Easy,85.5,https://leetcode.com/problems/filter-elements-from-array
2635,Apply Transform Over Each Element in Array,Easy,86.2,https://leetcode.com/problems/apply-transform-over-each-element-in-array
2636,Promise Pool,Medium,79.3,https://leetcode.com/problems/promise-pool
2637,Promise Time Limit,Medium,83.3,https://leetcode.com/problems/promise-time-limit
2638,Count the Number of K-Free Subsets,Medium,47.4,https://leetcode.com/problems/count-the-number-of-k-free-subsets
2639,Find the Width of Columns of a Grid,Easy,71,https://leetcode.com/problems/find-the-width-of-columns-of-a-grid
2640,Find the Score of All Prefixes of an Array,Medium,73.2,https://leetcode.com/problems/find-the-score-of-all-prefixes-of-an-array
2641,Cousins in Binary Tree II,Medium,76,https://leetcode.com/problems/cousins-in-binary-tree-ii
2642,Design Graph With Shortest Path Calculator,Hard,65.6,https://leetcode.com/problems/design-graph-with-shortest-path-calculator
2643,Row With Maximum Ones,Easy,74.5,https://leetcode.com/problems/row-with-maximum-ones
2644,Find the Maximum Divisibility Score,Easy,52.2,https://leetcode.com/problems/find-the-maximum-divisibility-score
2645,Minimum Additions to Make Valid String,Medium,51.4,https://leetcode.com/problems/minimum-additions-to-make-valid-string
2646,Minimize the Total Price of the Trips,Hard,48.4,https://leetcode.com/problems/minimize-the-total-price-of-the-trips
2647,Color the Triangle Red,Hard,58,https://leetcode.com/problems/color-the-triangle-red
2648,Generate Fibonacci Sequence,Easy,83.5,https://leetcode.com/problems/generate-fibonacci-sequence
2649,Nested Array Generator,Medium,78.2,https://leetcode.com/problems/nested-array-generator
2650,Design Cancellable Function,Hard,58.1,https://leetcode.com/problems/design-cancellable-function
2651,Calculate Delayed Arrival Time,Easy,75.6,https://leetcode.com/problems/calculate-delayed-arrival-time
2652,Sum Multiples,Easy,86.4,https://leetcode.com/problems/sum-multiples
2653,Sliding Subarray Beauty,Medium,37.8,https://leetcode.com/problems/sliding-subarray-beauty
2654,Minimum Number of Operations to Make All Array Elements Equal to 1,Medium,54.7,https://leetcode.com/problems/minimum-number-of-operations-to-make-all-array-elements-equal-to-1
2655,Find Maximal Uncovered Ranges,Medium,49.9,https://leetcode.com/problems/find-maximal-uncovered-ranges
2656,Maximum Sum With Exactly K Elements,Easy,80.3,https://leetcode.com/problems/maximum-sum-with-exactly-k-elements
2657,Find the Prefix Common Array of Two Arrays,Medium,88.3,https://leetcode.com/problems/find-the-prefix-common-array-of-two-arrays
2658,Maximum Number of Fish in a Grid,Medium,70.4,https://leetcode.com/problems/maximum-number-of-fish-in-a-grid
2659,Make Array Empty,Hard,27.2,https://leetcode.com/problems/make-array-empty
2660,Determine the Winner of a Bowling Game,Easy,38.2,https://leetcode.com/problems/determine-the-winner-of-a-bowling-game
2661,First Completely Painted Row or Column,Medium,63.8,https://leetcode.com/problems/first-completely-painted-row-or-column
2662,Minimum Cost of a Path With Special Roads,Medium,44.1,https://leetcode.com/problems/minimum-cost-of-a-path-with-special-roads
2663,Lexicographically Smallest Beautiful String,Hard,38.8,https://leetcode.com/problems/lexicographically-smallest-beautiful-string
2664,The Knight?? Tour,Medium,72.5,https://leetcode.com/problems/the-knights-tour
2665,Counter II,Easy,81.2,https://leetcode.com/problems/counter-ii
2666,Allow One Function Call,Easy,86.6,https://leetcode.com/problems/allow-one-function-call
2667,Create Hello World Function,Easy,81.9,https://leetcode.com/problems/create-hello-world-function
2668,Find Latest Salaries,Easy,75,https://leetcode.com/problems/find-latest-salaries
2669,Count Artist Occurrences On Spotify Ranking List,Easy,74.2,https://leetcode.com/problems/count-artist-occurrences-on-spotify-ranking-list
2670,Find the Distinct Difference Array,Easy,76.9,https://leetcode.com/problems/find-the-distinct-difference-array
2671,Frequency Tracker,Medium,31.6,https://leetcode.com/problems/frequency-tracker
2672,Number of Adjacent Elements With the Same Color,Medium,59.9,https://leetcode.com/problems/number-of-adjacent-elements-with-the-same-color
2673,Make Costs of Paths Equal in a Binary Tree,Medium,59.1,https://leetcode.com/problems/make-costs-of-paths-equal-in-a-binary-tree
2674,Split a Circular Linked List,Medium,78,https://leetcode.com/problems/split-a-circular-linked-list
2675,Array of Objects to Matrix,Hard,68.1,https://leetcode.com/problems/array-of-objects-to-matrix
2676,Throttle,Medium,83.4,https://leetcode.com/problems/throttle
2677,Chunk Array,Easy,84.5,https://leetcode.com/problems/chunk-array
2678,Number of Senior Citizens,Easy,81.2,https://leetcode.com/problems/number-of-senior-citizens
2679,Sum in a Matrix,Medium,61.3,https://leetcode.com/problems/sum-in-a-matrix
2680,Maximum OR,Medium,43.9,https://leetcode.com/problems/maximum-or
2681,Power of Heroes,Hard,32.2,https://leetcode.com/problems/power-of-heroes
2682,Find the Losers of the Circular Game,Easy,50.6,https://leetcode.com/problems/find-the-losers-of-the-circular-game
2683,Neighboring Bitwise XOR,Medium,79.8,https://leetcode.com/problems/neighboring-bitwise-xor
2684,Maximum Number of Moves in a Grid,Medium,58.6,https://leetcode.com/problems/maximum-number-of-moves-in-a-grid
2685,Count the Number of Complete Components,Medium,80.8,https://leetcode.com/problems/count-the-number-of-complete-components
2686,Immediate Food Delivery III,Medium,70.5,https://leetcode.com/problems/immediate-food-delivery-iii
2687,Bikes Last Time Used,Easy,80.5,https://leetcode.com/problems/bikes-last-time-used
2688,Find Active Users,Medium,45.1,https://leetcode.com/problems/find-active-users
2689,Extract Kth Character From The Rope Tree,Easy,73.3,https://leetcode.com/problems/extract-kth-character-from-the-rope-tree
2690,Infinite Method Object,Easy,90.7,https://leetcode.com/problems/infinite-method-object
2691,Immutability Helper,Hard,38.3,https://leetcode.com/problems/immutability-helper
2692,Make Object Immutable,Medium,60.2,https://leetcode.com/problems/make-object-immutable
2693,Call Function with Custom Context,Medium,77.3,https://leetcode.com/problems/call-function-with-custom-context
2694,Event Emitter,Medium,75.1,https://leetcode.com/problems/event-emitter
2695,Array Wrapper,Easy,89,https://leetcode.com/problems/array-wrapper
2696,Minimum String Length After Removing Substrings,Easy,77.2,https://leetcode.com/problems/minimum-string-length-after-removing-substrings
2697,Lexicographically Smallest Palindrome,Easy,81.7,https://leetcode.com/problems/lexicographically-smallest-palindrome
2698,Find the Punishment Number of an Integer,Medium,81.6,https://leetcode.com/problems/find-the-punishment-number-of-an-integer
2699,Modify Graph Edge Weights,Hard,55.2,https://leetcode.com/problems/modify-graph-edge-weights
2700,Differences Between Two Objects,Medium,73.8,https://leetcode.com/problems/differences-between-two-objects
2701,Consecutive Transactions with Increasing Amounts,Hard,35.3,https://leetcode.com/problems/consecutive-transactions-with-increasing-amounts
2702,Minimum Operations to Make Numbers Non-positive,Hard,44.4,https://leetcode.com/problems/minimum-operations-to-make-numbers-non-positive
2703,Return Length of Arguments Passed,Easy,94.4,https://leetcode.com/problems/return-length-of-arguments-passed
2704,To Be Or Not To Be,Easy,63.4,https://leetcode.com/problems/to-be-or-not-to-be
2705,Compact Object,Medium,68.3,https://leetcode.com/problems/compact-object
2706,Buy Two Chocolates,Easy,68.4,https://leetcode.com/problems/buy-two-chocolates
2707,Extra Characters in a String,Medium,57.2,https://leetcode.com/problems/extra-characters-in-a-string
2708,Maximum Strength of a Group,Medium,25.9,https://leetcode.com/problems/maximum-strength-of-a-group
2709,Greatest Common Divisor Traversal,Hard,41.7,https://leetcode.com/problems/greatest-common-divisor-traversal
2710,Remove Trailing Zeros From a String,Easy,79.5,https://leetcode.com/problems/remove-trailing-zeros-from-a-string
2711,Difference of Number of Distinct Values on Diagonals,Medium,67.4,https://leetcode.com/problems/difference-of-number-of-distinct-values-on-diagonals
2712,Minimum Cost to Make All Characters Equal,Medium,54.8,https://leetcode.com/problems/minimum-cost-to-make-all-characters-equal
2713,Maximum Strictly Increasing Cells in a Matrix,Hard,31.4,https://leetcode.com/problems/maximum-strictly-increasing-cells-in-a-matrix
2714,Find Shortest Path with K Hops,Hard,68.9,https://leetcode.com/problems/find-shortest-path-with-k-hops
2715,Timeout Cancellation,Easy,89.5,https://leetcode.com/problems/timeout-cancellation
2716,Minimize String Length,Easy,79.9,https://leetcode.com/problems/minimize-string-length
2717,Semi-Ordered Permutation,Easy,64.5,https://leetcode.com/problems/semi-ordered-permutation
2718,Sum of Matrix After Queries,Medium,32.5,https://leetcode.com/problems/sum-of-matrix-after-queries
2719,Count of Integers,Hard,39.1,https://leetcode.com/problems/count-of-integers
2720,Popularity Percentage,Hard,53.4,https://leetcode.com/problems/popularity-percentage
2721,Execute Asynchronous Functions in Parallel,Medium,78.7,https://leetcode.com/problems/execute-asynchronous-functions-in-parallel
2722,Join Two Arrays by ID,Medium,57.8,https://leetcode.com/problems/join-two-arrays-by-id
2723,Add Two Promises,Easy,91.7,https://leetcode.com/problems/add-two-promises
2724,Sort By,Easy,83,https://leetcode.com/problems/sort-by
2725,Interval Cancellation,Easy,85.1,https://leetcode.com/problems/interval-cancellation
2726,Calculator with Method Chaining,Easy,76.9,https://leetcode.com/problems/calculator-with-method-chaining
2727,Is Object Empty,Easy,82,https://leetcode.com/problems/is-object-empty
2728,Count Houses in a Circular Street,Easy,86.1,https://leetcode.com/problems/count-houses-in-a-circular-street
2729,Check if The Number is Fascinating,Easy,53,https://leetcode.com/problems/check-if-the-number-is-fascinating
2730,Find the Longest Semi-Repetitive Substring,Medium,39.4,https://leetcode.com/problems/find-the-longest-semi-repetitive-substring
2731,Movement of Robots,Medium,28.4,https://leetcode.com/problems/movement-of-robots
2732,Find a Good Subset of the Matrix,Hard,45.6,https://leetcode.com/problems/find-a-good-subset-of-the-matrix
2733,Neither Minimum nor Maximum,Easy,76.6,https://leetcode.com/problems/neither-minimum-nor-maximum
2734,Lexicographically Smallest String After Substring Operation,Medium,35.5,https://leetcode.com/problems/lexicographically-smallest-string-after-substring-operation
2735,Collecting Chocolates,Medium,35.6,https://leetcode.com/problems/collecting-chocolates
2736,Maximum Sum Queries,Hard,31.5,https://leetcode.com/problems/maximum-sum-queries
2737,Find the Closest Marked Node,Medium,65.6,https://leetcode.com/problems/find-the-closest-marked-node
2738,Count Occurrences in Text,Medium,54.3,https://leetcode.com/problems/count-occurrences-in-text
2739,Total Distance Traveled,Easy,41.9,https://leetcode.com/problems/total-distance-traveled
2740,Find the Value of the Partition,Medium,64.4,https://leetcode.com/problems/find-the-value-of-the-partition
2741,Special Permutations,Medium,29.7,https://leetcode.com/problems/special-permutations
2742,Painting the Walls,Hard,49.2,https://leetcode.com/problems/painting-the-walls
2743,Count Substrings Without Repeating Character,Medium,75.9,https://leetcode.com/problems/count-substrings-without-repeating-character
2744,Find Maximum Number of String Pairs,Easy,82.4,https://leetcode.com/problems/find-maximum-number-of-string-pairs
2745,Construct the Longest New String,Medium,55.2,https://leetcode.com/problems/construct-the-longest-new-string
2746,Decremental String Concatenation,Medium,28.3,https://leetcode.com/problems/decremental-string-concatenation
2747,Count Zero Request Servers,Medium,36.5,https://leetcode.com/problems/count-zero-request-servers
2748,Number of Beautiful Pairs,Easy,53.8,https://leetcode.com/problems/number-of-beautiful-pairs
2749,Minimum Operations to Make the Integer Zero,Medium,58,https://leetcode.com/problems/minimum-operations-to-make-the-integer-zero
2750,Ways to Split Array Into Good Subarrays,Medium,35.3,https://leetcode.com/problems/ways-to-split-array-into-good-subarrays
2751,Robot Collisions,Hard,61.7,https://leetcode.com/problems/robot-collisions
2752,Customers with Maximum Number of Transactions on Consecutive Days,Hard,42.6,https://leetcode.com/problems/customers-with-maximum-number-of-transactions-on-consecutive-days
2753,Count Houses in a Circular Street II,Hard,61.7,https://leetcode.com/problems/count-houses-in-a-circular-street-ii
2754,Bind Function to Context,Medium,82.9,https://leetcode.com/problems/bind-function-to-context
2755,Deep Merge of Two Objects,Medium,62.7,https://leetcode.com/problems/deep-merge-of-two-objects
2756,Query Batching,Hard,69.5,https://leetcode.com/problems/query-batching
2757,Generate Circular Array Values,Medium,69.5,https://leetcode.com/problems/generate-circular-array-values
2758,Next Day,Easy,85,https://leetcode.com/problems/next-day
2759,Convert JSON String to Object,Hard,61.8,https://leetcode.com/problems/convert-json-string-to-object
2760,Longest Even Odd Subarray With Threshold,Easy,32.6,https://leetcode.com/problems/longest-even-odd-subarray-with-threshold
2761,Prime Pairs With Target Sum,Medium,38.6,https://leetcode.com/problems/prime-pairs-with-target-sum
2762,Continuous Subarrays,Medium,58,https://leetcode.com/problems/continuous-subarrays
2763,Sum of Imbalance Numbers of All Subarrays,Hard,44,https://leetcode.com/problems/sum-of-imbalance-numbers-of-all-subarrays
2764,Is Array a Preorder of Some ??inary Tree,Medium,67.6,https://leetcode.com/problems/is-array-a-preorder-of-some-binary-tree
2765,Longest Alternating Subarray,Easy,35.6,https://leetcode.com/problems/longest-alternating-subarray
2766,Relocate Marbles,Medium,52,https://leetcode.com/problems/relocate-marbles
2767,Partition String Into Minimum Beautiful Substrings,Medium,54.1,https://leetcode.com/problems/partition-string-into-minimum-beautiful-substrings
2768,Number of Black Blocks,Medium,42.3,https://leetcode.com/problems/number-of-black-blocks
2769,Find the Maximum Achievable Number,Easy,91.7,https://leetcode.com/problems/find-the-maximum-achievable-number
2770,Maximum Number of Jumps to Reach the Last Index,Medium,51.2,https://leetcode.com/problems/maximum-number-of-jumps-to-reach-the-last-index
2771,Longest Non-decreasing Subarray From Two Arrays,Medium,31.6,https://leetcode.com/problems/longest-non-decreasing-subarray-from-two-arrays
2772,Apply Operations to Make All Array Elements Equal to Zero,Medium,33.8,https://leetcode.com/problems/apply-operations-to-make-all-array-elements-equal-to-zero
2773,Height of Special Binary Tree,Medium,75,https://leetcode.com/problems/height-of-special-binary-tree
2774,Array Upper Bound,Easy,82.5,https://leetcode.com/problems/array-upper-bound
2775,Undefined to Null,Medium,70.2,https://leetcode.com/problems/undefined-to-null
2776,Convert Callback Based Function to Promise Based Function,Medium,89.4,https://leetcode.com/problems/convert-callback-based-function-to-promise-based-function
2777,Date Range Generator,Medium,75,https://leetcode.com/problems/date-range-generator
2778,Sum of Squares of Special Elements,Easy,82.4,https://leetcode.com/problems/sum-of-squares-of-special-elements
2779,Maximum Beauty of an Array After Applying Operation,Medium,58.4,https://leetcode.com/problems/maximum-beauty-of-an-array-after-applying-operation
2780,Minimum Index of a Valid Split,Medium,75.4,https://leetcode.com/problems/minimum-index-of-a-valid-split
2781,Length of the Longest Valid Substring,Hard,38.4,https://leetcode.com/problems/length-of-the-longest-valid-substring
2782,Number of Unique Categories,Medium,84.1,https://leetcode.com/problems/number-of-unique-categories
2783,Flight Occupancy and Waitlist Analysis,Medium,38.9,https://leetcode.com/problems/flight-occupancy-and-waitlist-analysis
2784,Check if Array is Good,Easy,57.2,https://leetcode.com/problems/check-if-array-is-good
2785,Sort Vowels in a String,Medium,83.5,https://leetcode.com/problems/sort-vowels-in-a-string
2786,Visit Array Positions to Maximize Score,Medium,37.7,https://leetcode.com/problems/visit-array-positions-to-maximize-score
2787,Ways to Express an Integer as Sum of Powers,Medium,49.8,https://leetcode.com/problems/ways-to-express-an-integer-as-sum-of-powers
2788,Split Strings by Separator,Easy,76.6,https://leetcode.com/problems/split-strings-by-separator
2789,Largest Element in an Array after Merge Operations,Medium,48.3,https://leetcode.com/problems/largest-element-in-an-array-after-merge-operations
2790,Maximum Number of Groups With Increasing Length,Hard,23.4,https://leetcode.com/problems/maximum-number-of-groups-with-increasing-length
2791,Count Paths That Can Form a Palindrome in a Tree,Hard,52.2,https://leetcode.com/problems/count-paths-that-can-form-a-palindrome-in-a-tree
2792,Count Nodes That Are Great Enough,Hard,56.7,https://leetcode.com/problems/count-nodes-that-are-great-enough
2793,Status of Flight Tickets,Hard,79.9,https://leetcode.com/problems/status-of-flight-tickets
2794,Create Object from Two Arrays,Easy,63.4,https://leetcode.com/problems/create-object-from-two-arrays
2795,Parallel Execution of Promises for Individual Results Retrieval,Medium,86.3,https://leetcode.com/problems/parallel-execution-of-promises-for-individual-results-retrieval
2796,Repeat String,Easy,92.9,https://leetcode.com/problems/repeat-string
2797,Partial Function with Placeholders,Easy,83.6,https://leetcode.com/problems/partial-function-with-placeholders
2798,Number of Employees Who Met the Target,Easy,87.8,https://leetcode.com/problems/number-of-employees-who-met-the-target
2799,Count Complete Subarrays in an Array,Medium,76.1,https://leetcode.com/problems/count-complete-subarrays-in-an-array
2800,Shortest String That Contains Three Strings,Medium,32.3,https://leetcode.com/problems/shortest-string-that-contains-three-strings
2801,Count Stepping Numbers in Range,Hard,29.8,https://leetcode.com/problems/count-stepping-numbers-in-range
2802,Find The K-th Lucky Number,Medium,75.7,https://leetcode.com/problems/find-the-k-th-lucky-number
2803,Factorial Generator,Easy,84.3,https://leetcode.com/problems/factorial-generator
2804,Array Prototype ForEach,Easy,88.1,https://leetcode.com/problems/array-prototype-foreach
2805,Custom Interval,Medium,83.5,https://leetcode.com/problems/custom-interval
2806,Account Balance After Rounded Purchase,Easy,58.3,https://leetcode.com/problems/account-balance-after-rounded-purchase
2807,Insert Greatest Common Divisors in Linked List,Medium,91.3,https://leetcode.com/problems/insert-greatest-common-divisors-in-linked-list
2808,Minimum Seconds to Equalize a Circular Array,Medium,28.9,https://leetcode.com/problems/minimum-seconds-to-equalize-a-circular-array
2809,Minimum Time to Make Array Sum At Most x,Hard,28.5,https://leetcode.com/problems/minimum-time-to-make-array-sum-at-most-x
2810,Faulty Keyboard,Easy,80.6,https://leetcode.com/problems/faulty-keyboard
2811,Check if it is Possible to Split Array,Medium,34.6,https://leetcode.com/problems/check-if-it-is-possible-to-split-array
2812,Find the Safest Path in a Grid,Medium,57.4,https://leetcode.com/problems/find-the-safest-path-in-a-grid
2813,Maximum Elegance of a K-Length Subsequence,Hard,29.5,https://leetcode.com/problems/maximum-elegance-of-a-k-length-subsequence
2814,Minimum Time Takes to Reach Destination Without Drowning,Hard,54.7,https://leetcode.com/problems/minimum-time-takes-to-reach-destination-without-drowning
2815,Max Pair Sum in an Array,Easy,61.3,https://leetcode.com/problems/max-pair-sum-in-an-array
2816,Double a Number Represented as a Linked List,Medium,61.3,https://leetcode.com/problems/double-a-number-represented-as-a-linked-list
2817,Minimum Absolute Difference Between Elements With Constraint,Medium,38.1,https://leetcode.com/problems/minimum-absolute-difference-between-elements-with-constraint
2818,Apply Operations to Maximize Score,Hard,53.4,https://leetcode.com/problems/apply-operations-to-maximize-score
2819,Minimum Relative Loss After Buying Chocolates,Hard,46.8,https://leetcode.com/problems/minimum-relative-loss-after-buying-chocolates
2820,Election Results,Medium,66.6,https://leetcode.com/problems/election-results
2821,Delay the Resolution of Each Promise,Medium,74.7,https://leetcode.com/problems/delay-the-resolution-of-each-promise
2822,Inversion of Object,Easy,60.1,https://leetcode.com/problems/inversion-of-object
2823,Deep Object Filter,Medium,57.9,https://leetcode.com/problems/deep-object-filter
2824,Count Pairs Whose Sum is Less than Target,Easy,87.7,https://leetcode.com/problems/count-pairs-whose-sum-is-less-than-target
2825,Make String a Subsequence Using Cyclic Increments,Medium,65.8,https://leetcode.com/problems/make-string-a-subsequence-using-cyclic-increments
2826,Sorting Three Groups,Medium,43.4,https://leetcode.com/problems/sorting-three-groups
2827,Number of Beautiful Integers in the Range,Hard,23.3,https://leetcode.com/problems/number-of-beautiful-integers-in-the-range
2828,Check if a String Is an Acronym of Words,Easy,83.2,https://leetcode.com/problems/check-if-a-string-is-an-acronym-of-words
2829,Determine the Minimum Sum of a k-avoiding Array,Medium,61.2,https://leetcode.com/problems/determine-the-minimum-sum-of-a-k-avoiding-array
2830,Maximize the Profit as the Salesman,Medium,38.6,https://leetcode.com/problems/maximize-the-profit-as-the-salesman
2831,Find the Longest Equal Subarray,Medium,38.6,https://leetcode.com/problems/find-the-longest-equal-subarray
2832,Maximal Range That Each Element Is Maximum in It,Medium,75.4,https://leetcode.com/problems/maximal-range-that-each-element-is-maximum-in-it
2833,Furthest Point From Origin,Easy,77.2,https://leetcode.com/problems/furthest-point-from-origin
2834,Find the Minimum Possible Sum of a Beautiful Array,Medium,34.6,https://leetcode.com/problems/find-the-minimum-possible-sum-of-a-beautiful-array
2835,Minimum Operations to Form Subsequence With Target Sum,Hard,32.5,https://leetcode.com/problems/minimum-operations-to-form-subsequence-with-target-sum
2836,Maximize Value of Function in a Ball Passing Game,Hard,32,https://leetcode.com/problems/maximize-value-of-function-in-a-ball-passing-game
2837,Total Traveled Distance,Easy,76.7,https://leetcode.com/problems/total-traveled-distance
2838,Maximum Coins Heroes Can Collect,Medium,68.8,https://leetcode.com/problems/maximum-coins-heroes-can-collect
2839,Check if Strings Can be Made Equal With Operations I,Easy,61.9,https://leetcode.com/problems/check-if-strings-can-be-made-equal-with-operations-i
2840,Check if Strings Can be Made Equal With Operations II,Medium,73.9,https://leetcode.com/problems/check-if-strings-can-be-made-equal-with-operations-ii
2841,Maximum Sum of Almost Unique Subarray,Medium,41.3,https://leetcode.com/problems/maximum-sum-of-almost-unique-subarray
2842,Count K-Subsequences of a String With Maximum Beauty,Hard,30.3,https://leetcode.com/problems/count-k-subsequences-of-a-string-with-maximum-beauty
2843,Count Symmetric Integers,Easy,83.2,https://leetcode.com/problems/count-symmetric-integers
2844,Minimum Operations to Make a Special Number,Medium,38.5,https://leetcode.com/problems/minimum-operations-to-make-a-special-number
2845,Count of Interesting Subarrays,Medium,57.8,https://leetcode.com/problems/count-of-interesting-subarrays
2846,Minimum Edge Weight Equilibrium Queries in a Tree,Hard,46.3,https://leetcode.com/problems/minimum-edge-weight-equilibrium-queries-in-a-tree
2847,Smallest Number With Given Digit Product,Medium,43.6,https://leetcode.com/problems/smallest-number-with-given-digit-product
2848,Points That Intersect With Cars,Easy,73.1,https://leetcode.com/problems/points-that-intersect-with-cars
2849,Determine if a Cell Is Reachable at a Given Time,Medium,37.6,https://leetcode.com/problems/determine-if-a-cell-is-reachable-at-a-given-time
2850,Minimum Moves to Spread Stones Over Grid,Medium,46,https://leetcode.com/problems/minimum-moves-to-spread-stones-over-grid
2851,String Transformation,Hard,27.2,https://leetcode.com/problems/string-transformation
2852,Sum of Remoteness of All Cells,Medium,70.8,https://leetcode.com/problems/sum-of-remoteness-of-all-cells
2853,Highest Salaries Difference,Easy,73.3,https://leetcode.com/problems/highest-salaries-difference
2854,Rolling Average Steps,Medium,69,https://leetcode.com/problems/rolling-average-steps
2855,Minimum Right Shifts to Sort the Array,Easy,57.1,https://leetcode.com/problems/minimum-right-shifts-to-sort-the-array
2856,Minimum Array Length After Pair Removals,Medium,28,https://leetcode.com/problems/minimum-array-length-after-pair-removals
2857,Count Pairs of Points With Distance k,Medium,33.4,https://leetcode.com/problems/count-pairs-of-points-with-distance-k
2858,Minimum Edge Reversals So Every Node Is Reachable,Hard,59.9,https://leetcode.com/problems/minimum-edge-reversals-so-every-node-is-reachable
2859,Sum of Values at Indices With K Set Bits,Easy,85.8,https://leetcode.com/problems/sum-of-values-at-indices-with-k-set-bits
2860,Happy Students,Medium,50.9,https://leetcode.com/problems/happy-students
2861,Maximum Number of Alloys,Medium,41,https://leetcode.com/problems/maximum-number-of-alloys
2862,Maximum Element-Sum of a Complete Subset of Indices,Hard,42.4,https://leetcode.com/problems/maximum-element-sum-of-a-complete-subset-of-indices
2863,Maximum Length of Semi-Decreasing Subarrays,Medium,70,https://leetcode.com/problems/maximum-length-of-semi-decreasing-subarrays
2864,Maximum Odd Binary Number,Easy,83,https://leetcode.com/problems/maximum-odd-binary-number
2865,Beautiful Towers I,Medium,44.6,https://leetcode.com/problems/beautiful-towers-i
2866,Beautiful Towers II,Medium,36.7,https://leetcode.com/problems/beautiful-towers-ii
2867,Count Valid Paths in a Tree,Hard,37.3,https://leetcode.com/problems/count-valid-paths-in-a-tree
2868,The Wording Game,Hard,53.8,https://leetcode.com/problems/the-wording-game
2869,Minimum Operations to Collect Elements,Easy,62.3,https://leetcode.com/problems/minimum-operations-to-collect-elements
2870,Minimum Number of Operations to Make Array Empty,Medium,62.3,https://leetcode.com/problems/minimum-number-of-operations-to-make-array-empty
2871,Split Array Into Maximum Number of Subarrays,Medium,42.1,https://leetcode.com/problems/split-array-into-maximum-number-of-subarrays
2872,Maximum Number of K-Divisible Components,Hard,73.7,https://leetcode.com/problems/maximum-number-of-k-divisible-components
2873,Maximum Value of an Ordered Triplet I,Easy,58.1,https://leetcode.com/problems/maximum-value-of-an-ordered-triplet-i
2874,Maximum Value of an Ordered Triplet II,Medium,56.2,https://leetcode.com/problems/maximum-value-of-an-ordered-triplet-ii
2875,Minimum Size Subarray in Infinite Array,Medium,32.4,https://leetcode.com/problems/minimum-size-subarray-in-infinite-array
2876,Count Visited Nodes in a Directed Graph,Hard,31.6,https://leetcode.com/problems/count-visited-nodes-in-a-directed-graph
2877,Create a DataFrame from List,Easy,80.8,https://leetcode.com/problems/create-a-dataframe-from-list
2878,Get the Size of a DataFrame,Easy,84.8,https://leetcode.com/problems/get-the-size-of-a-dataframe
2879,Display the First Three Rows,Easy,93,https://leetcode.com/problems/display-the-first-three-rows
2880,Select Data,Easy,78.4,https://leetcode.com/problems/select-data
2881,Create a New Column,Easy,90.2,https://leetcode.com/problems/create-a-new-column
2882,Drop Duplicate Rows,Easy,85.1,https://leetcode.com/problems/drop-duplicate-rows
2883,Drop Missing Data,Easy,64.8,https://leetcode.com/problems/drop-missing-data
2884,Modify Columns,Easy,92.2,https://leetcode.com/problems/modify-columns
2885,Rename Columns,Easy,85.3,https://leetcode.com/problems/rename-columns
2886,Change Data Type,Easy,87.3,https://leetcode.com/problems/change-data-type
2887,Fill Missing Data,Easy,72.6,https://leetcode.com/problems/fill-missing-data
2888,Reshape Data: Concatenate,Easy,90.4,https://leetcode.com/problems/reshape-data-concatenate
2889,Reshape Data: Pivot,Easy,83,https://leetcode.com/problems/reshape-data-pivot
2890,Reshape Data: Melt,Easy,86,https://leetcode.com/problems/reshape-data-melt
2891,Method Chaining,Easy,76.2,https://leetcode.com/problems/method-chaining
2892,Minimizing Array After Replacing Pairs With Their Product,Medium,40.7,https://leetcode.com/problems/minimizing-array-after-replacing-pairs-with-their-product
2893,Calculate Orders Within Each Interval,Medium,67.3,https://leetcode.com/problems/calculate-orders-within-each-interval
2894,Divisible and Non-divisible Sums Difference,Easy,91,https://leetcode.com/problems/divisible-and-non-divisible-sums-difference
2895,Minimum Processing Time,Medium,70.2,https://leetcode.com/problems/minimum-processing-time
2896,Apply Operations to Make Two Strings Equal,Medium,27.7,https://leetcode.com/problems/apply-operations-to-make-two-strings-equal
2897,Apply Operations on Array to Maximize Sum of Squares,Hard,44.8,https://leetcode.com/problems/apply-operations-on-array-to-maximize-sum-of-squares
2898,Maximum Linear Stock Score,Medium,62,https://leetcode.com/problems/maximum-linear-stock-score
2899,Last Visited Integers,Easy,61.9,https://leetcode.com/problems/last-visited-integers
2900,Longest Unequal Adjacent Groups Subsequence I,Easy,66.8,https://leetcode.com/problems/longest-unequal-adjacent-groups-subsequence-i
2901,Longest Unequal Adjacent Groups Subsequence II,Medium,51.3,https://leetcode.com/problems/longest-unequal-adjacent-groups-subsequence-ii
2902,Count of Sub-Multisets With Bounded Sum,Hard,22.5,https://leetcode.com/problems/count-of-sub-multisets-with-bounded-sum
2903,Find Indices With Index and Value Difference I,Easy,60.1,https://leetcode.com/problems/find-indices-with-index-and-value-difference-i
2904,Shortest and Lexicographically Smallest Beautiful String,Medium,59.9,https://leetcode.com/problems/shortest-and-lexicographically-smallest-beautiful-string
2905,Find Indices With Index and Value Difference II,Medium,32.8,https://leetcode.com/problems/find-indices-with-index-and-value-difference-ii
2906,Construct Product Matrix,Medium,51.8,https://leetcode.com/problems/construct-product-matrix
2907,Maximum Profitable Triplets With Increasing Prices I,Medium,56.2,https://leetcode.com/problems/maximum-profitable-triplets-with-increasing-prices-i
2908,Minimum Sum of Mountain Triplets I,Easy,67.4,https://leetcode.com/problems/minimum-sum-of-mountain-triplets-i
2909,Minimum Sum of Mountain Triplets II,Medium,54.4,https://leetcode.com/problems/minimum-sum-of-mountain-triplets-ii
2910,Minimum Number of Groups to Create a Valid Assignment,Medium,25.4,https://leetcode.com/problems/minimum-number-of-groups-to-create-a-valid-assignment
2911,Minimum Changes to Make K Semi-palindromes,Hard,35.2,https://leetcode.com/problems/minimum-changes-to-make-k-semi-palindromes
2912,Number of Ways to Reach Destination in the Grid,Hard,57.8,https://leetcode.com/problems/number-of-ways-to-reach-destination-in-the-grid
2913,Subarrays Distinct Element Sum of Squares I,Easy,79.7,https://leetcode.com/problems/subarrays-distinct-element-sum-of-squares-i
2914,Minimum Number of Changes to Make Binary String Beautiful,Medium,76.3,https://leetcode.com/problems/minimum-number-of-changes-to-make-binary-string-beautiful
2915,Length of the Longest Subsequence That Sums to Target,Medium,40.4,https://leetcode.com/problems/length-of-the-longest-subsequence-that-sums-to-target
2916,Subarrays Distinct Element Sum of Squares II,Hard,23.5,https://leetcode.com/problems/subarrays-distinct-element-sum-of-squares-ii
2917,Find the K-or of an Array,Easy,73.1,https://leetcode.com/problems/find-the-k-or-of-an-array
2918,Minimum Equal Sum of Two Arrays After Replacing Zeros,Medium,50.1,https://leetcode.com/problems/minimum-equal-sum-of-two-arrays-after-replacing-zeros
2919,Minimum Increment Operations to Make Array Beautiful,Medium,34.8,https://leetcode.com/problems/minimum-increment-operations-to-make-array-beautiful
2920,Maximum Points After Collecting Coins From All Nodes,Hard,36.8,https://leetcode.com/problems/maximum-points-after-collecting-coins-from-all-nodes
2921,Maximum Profitable Triplets With Increasing Prices II,Hard,46.3,https://leetcode.com/problems/maximum-profitable-triplets-with-increasing-prices-ii
2922,Market Analysis III,Medium,42.3,https://leetcode.com/problems/market-analysis-iii
2923,Find Champion I,Easy,73.2,https://leetcode.com/problems/find-champion-i
2924,Find Champion II,Medium,70.2,https://leetcode.com/problems/find-champion-ii
2925,Maximum Score After Applying Operations on a Tree,Medium,46.7,https://leetcode.com/problems/maximum-score-after-applying-operations-on-a-tree
2926,Maximum Balanced Subsequence Sum,Hard,26.2,https://leetcode.com/problems/maximum-balanced-subsequence-sum
2927,Distribute Candies Among Children III,Hard,57,https://leetcode.com/problems/distribute-candies-among-children-iii
2928,Distribute Candies Among Children I,Easy,75.7,https://leetcode.com/problems/distribute-candies-among-children-i
2929,Distribute Candies Among Children II,Medium,55.6,https://leetcode.com/problems/distribute-candies-among-children-ii
2930,Number of Strings Which Can Be Rearranged to Contain Substring,Medium,56.9,https://leetcode.com/problems/number-of-strings-which-can-be-rearranged-to-contain-substring
2931,Maximum Spending After Buying Items,Hard,60.1,https://leetcode.com/problems/maximum-spending-after-buying-items
2932,Maximum Strong Pair XOR I,Easy,75.7,https://leetcode.com/problems/maximum-strong-pair-xor-i
2933,High-Access Employees,Medium,47.9,https://leetcode.com/problems/high-access-employees
2934,Minimum Operations to Maximize Last Elements in Arrays,Medium,43.5,https://leetcode.com/problems/minimum-operations-to-maximize-last-elements-in-arrays
2935,Maximum Strong Pair XOR II,Hard,33,https://leetcode.com/problems/maximum-strong-pair-xor-ii
2936,Number of Equal Numbers Blocks,Medium,62.6,https://leetcode.com/problems/number-of-equal-numbers-blocks
2937,Make Three Strings Equal,Easy,45.5,https://leetcode.com/problems/make-three-strings-equal
2938,Separate Black and White Balls,Medium,63.8,https://leetcode.com/problems/separate-black-and-white-balls
2939,Maximum Xor Product,Medium,30.2,https://leetcode.com/problems/maximum-xor-product
2940,Find Building Where Alice and Bob Can Meet,Hard,52.6,https://leetcode.com/problems/find-building-where-alice-and-bob-can-meet
2941,Maximum GCD-Sum of a Subarray,Hard,39.6,https://leetcode.com/problems/maximum-gcd-sum-of-a-subarray
2942,Find Words Containing Character,Easy,90.3,https://leetcode.com/problems/find-words-containing-character
2943,Maximize Area of Square Hole in Grid,Medium,61.8,https://leetcode.com/problems/maximize-area-of-square-hole-in-grid
2944,Minimum Number of Coins for Fruits,Medium,49.3,https://leetcode.com/problems/minimum-number-of-coins-for-fruits
2945,Find Maximum Non-decreasing Array Length,Hard,19.1,https://leetcode.com/problems/find-maximum-non-decreasing-array-length
2946,Matrix Similarity After Cyclic Shifts,Easy,74.4,https://leetcode.com/problems/matrix-similarity-after-cyclic-shifts
2947,Count Beautiful Substrings I,Medium,61,https://leetcode.com/problems/count-beautiful-substrings-i
2948,Make Lexicographically Smallest Array by Swapping Elements,Medium,66.5,https://leetcode.com/problems/make-lexicographically-smallest-array-by-swapping-elements
2949,Count Beautiful Substrings II,Hard,27.7,https://leetcode.com/problems/count-beautiful-substrings-ii
2950,Number of Divisible Substrings,Medium,74.8,https://leetcode.com/problems/number-of-divisible-substrings
2951,Find the Peaks,Easy,75.2,https://leetcode.com/problems/find-the-peaks
2952,Minimum Number of Coins to be Added,Medium,58,https://leetcode.com/problems/minimum-number-of-coins-to-be-added
2953,Count Complete Substrings,Hard,30.9,https://leetcode.com/problems/count-complete-substrings
2954,Count the Number of Infection Sequences,Hard,38.6,https://leetcode.com/problems/count-the-number-of-infection-sequences
2955,Number of Same-End Substrings,Medium,61.8,https://leetcode.com/problems/number-of-same-end-substrings
2956,Find Common Elements Between Two Arrays,Easy,84.7,https://leetcode.com/problems/find-common-elements-between-two-arrays
2957,Remove Adjacent Almost-Equal Characters,Medium,53.4,https://leetcode.com/problems/remove-adjacent-almost-equal-characters
2958,Length of Longest Subarray With at Most K Frequency,Medium,60.6,https://leetcode.com/problems/length-of-longest-subarray-with-at-most-k-frequency
2959,Number of Possible Sets of Closing Branches,Hard,51,https://leetcode.com/problems/number-of-possible-sets-of-closing-branches
2960,Count Tested Devices After Test Operations,Easy,78.5,https://leetcode.com/problems/count-tested-devices-after-test-operations
2961,Double Modular Exponentiation,Medium,48.1,https://leetcode.com/problems/double-modular-exponentiation
2962,Count Subarrays Where Max Element Appears at Least K Times,Medium,62.3,https://leetcode.com/problems/count-subarrays-where-max-element-appears-at-least-k-times
2963,Count the Number of Good Partitions,Hard,49.4,https://leetcode.com/problems/count-the-number-of-good-partitions
2964,Number of Divisible Triplet Sums,Medium,67.6,https://leetcode.com/problems/number-of-divisible-triplet-sums
2965,Find Missing and Repeated Values,Easy,83,https://leetcode.com/problems/find-missing-and-repeated-values
2966,Divide Array Into Arrays With Max Difference,Medium,79.1,https://leetcode.com/problems/divide-array-into-arrays-with-max-difference
2967,Minimum Cost to Make Array Equalindromic,Medium,23.5,https://leetcode.com/problems/minimum-cost-to-make-array-equalindromic
2968,Apply Operations to Maximize Frequency Score,Hard,38.9,https://leetcode.com/problems/apply-operations-to-maximize-frequency-score
2969,Minimum Number of Coins for Fruits II,Hard,48.2,https://leetcode.com/problems/minimum-number-of-coins-for-fruits-ii
2970,Count the Number of Incremovable Subarrays I,Easy,56.6,https://leetcode.com/problems/count-the-number-of-incremovable-subarrays-i
2971,Find Polygon With the Largest Perimeter,Medium,65.6,https://leetcode.com/problems/find-polygon-with-the-largest-perimeter
2972,Count the Number of Incremovable Subarrays II,Hard,39.8,https://leetcode.com/problems/count-the-number-of-incremovable-subarrays-ii
2973,Find Number of Coins to Place in Tree Nodes,Hard,37.3,https://leetcode.com/problems/find-number-of-coins-to-place-in-tree-nodes
2974,Minimum Number Game,Easy,85.5,https://leetcode.com/problems/minimum-number-game
2975,Maximum Square Area by Removing Fences From a Field,Medium,49.4,https://leetcode.com/problems/maximum-square-area-by-removing-fences-from-a-field
2976,Minimum Cost to Convert String I,Medium,63,https://leetcode.com/problems/minimum-cost-to-convert-string-i
2977,Minimum Cost to Convert String II,Hard,59.1,https://leetcode.com/problems/minimum-cost-to-convert-string-ii
2978,Symmetric Coordinates,Medium,41,https://leetcode.com/problems/symmetric-coordinates
2979,Most Expensive Item That Can Not Be Bought,Medium,80.2,https://leetcode.com/problems/most-expensive-item-that-can-not-be-bought
2980,Check if Bitwise OR Has Trailing Zeros,Easy,71.3,https://leetcode.com/problems/check-if-bitwise-or-has-trailing-zeros
2981,Find Longest Special Substring That Occurs Thrice I,Medium,61.6,https://leetcode.com/problems/find-longest-special-substring-that-occurs-thrice-i
2982,Find Longest Special Substring That Occurs Thrice II,Medium,39.2,https://leetcode.com/problems/find-longest-special-substring-that-occurs-thrice-ii
2983,Palindrome Rearrangement Queries,Hard,25.5,https://leetcode.com/problems/palindrome-rearrangement-queries
2984,Find Peak Calling Hours for Each City,Medium,61.1,https://leetcode.com/problems/find-peak-calling-hours-for-each-city
2985,Calculate Compressed Mean,Easy,86,https://leetcode.com/problems/calculate-compressed-mean
2986,Find Third Transaction,Medium,53.9,https://leetcode.com/problems/find-third-transaction
2987,Find Expensive Cities,Easy,77.2,https://leetcode.com/problems/find-expensive-cities
2988,Manager of the Largest Department,Medium,80.8,https://leetcode.com/problems/manager-of-the-largest-department
2989,Class Performance,Medium,88.5,https://leetcode.com/problems/class-performance
2990,Loan Types,Easy,64.4,https://leetcode.com/problems/loan-types
2991,Top Three Wineries,Hard,54,https://leetcode.com/problems/top-three-wineries
2992,Number of Self-Divisible Permutations,Medium,71.8,https://leetcode.com/problems/number-of-self-divisible-permutations
2993,Friday Purchases I,Medium,81.2,https://leetcode.com/problems/friday-purchases-i
2994,Friday Purchases II,Hard,73.5,https://leetcode.com/problems/friday-purchases-ii
2995,Viewers Turned Streamers,Hard,43,https://leetcode.com/problems/viewers-turned-streamers
2996,Smallest Missing Integer Greater Than Sequential Prefix Sum,Easy,50.1,https://leetcode.com/problems/smallest-missing-integer-greater-than-sequential-prefix-sum
2997,Minimum Number of Operations to Make Array XOR Equal to K,Medium,85.1,https://leetcode.com/problems/minimum-number-of-operations-to-make-array-xor-equal-to-k
2998,Minimum Number of Operations to Make X and Y Equal,Medium,49.1,https://leetcode.com/problems/minimum-number-of-operations-to-make-x-and-y-equal
2999,Count the Number of Powerful Integers,Hard,46.3,https://leetcode.com/problems/count-the-number-of-powerful-integers
3000,Maximum Area of Longest Diagonal Rectangle,Easy,45.9,https://leetcode.com/problems/maximum-area-of-longest-diagonal-rectangle
3001,Minimum Moves to Capture The Queen,Medium,22.6,https://leetcode.com/problems/minimum-moves-to-capture-the-queen
3002,Maximum Size of a Set After Removals,Medium,47.1,https://leetcode.com/problems/maximum-size-of-a-set-after-removals
3003,Maximize the Number of Partitions After Operations,Hard,53.2,https://leetcode.com/problems/maximize-the-number-of-partitions-after-operations
3004,Maximum Subtree of the Same Color,Medium,59.2,https://leetcode.com/problems/maximum-subtree-of-the-same-color
3005,Count Elements With Maximum Frequency,Easy,79.7,https://leetcode.com/problems/count-elements-with-maximum-frequency
3006,Find Beautiful Indices in the Given Array I,Medium,41.3,https://leetcode.com/problems/find-beautiful-indices-in-the-given-array-i
3007,Maximum Number That Sum of the Prices Is Less Than or Equal to K,Medium,39.4,https://leetcode.com/problems/maximum-number-that-sum-of-the-prices-is-less-than-or-equal-to-k
3008,Find Beautiful Indices in the Given Array II,Hard,28.5,https://leetcode.com/problems/find-beautiful-indices-in-the-given-array-ii
3009,Maximum Number of Intersections on the Chart,Hard,45.2,https://leetcode.com/problems/maximum-number-of-intersections-on-the-chart
3010,Divide an Array Into Subarrays With Minimum Cost I,Easy,80.6,https://leetcode.com/problems/divide-an-array-into-subarrays-with-minimum-cost-i
3011,Find if Array Can Be Sorted,Medium,66.4,https://leetcode.com/problems/find-if-array-can-be-sorted
3012,Minimize Length of Array Using Operations,Medium,36,https://leetcode.com/problems/minimize-length-of-array-using-operations
3013,Divide an Array Into Subarrays With Minimum Cost II,Hard,54.5,https://leetcode.com/problems/divide-an-array-into-subarrays-with-minimum-cost-ii
3014,Minimum Number of Pushes to Type Word I,Easy,77.4,https://leetcode.com/problems/minimum-number-of-pushes-to-type-word-i
3015,Count the Number of Houses at a Certain Distance I,Medium,58,https://leetcode.com/problems/count-the-number-of-houses-at-a-certain-distance-i
3016,Minimum Number of Pushes to Type Word II,Medium,83.1,https://leetcode.com/problems/minimum-number-of-pushes-to-type-word-ii
3017,Count the Number of Houses at a Certain Distance II,Hard,23.6,https://leetcode.com/problems/count-the-number-of-houses-at-a-certain-distance-ii
3018,Maximum Number of Removal Queries That Can Be Processed I,Hard,44.7,https://leetcode.com/problems/maximum-number-of-removal-queries-that-can-be-processed-i
3019,Number of Changing Keys,Easy,80.5,https://leetcode.com/problems/number-of-changing-keys
3020,Find the Maximum Number of Elements in Subset,Medium,42.3,https://leetcode.com/problems/find-the-maximum-number-of-elements-in-subset
3021,Alice and Bob Playing Flower Game,Medium,59.9,https://leetcode.com/problems/alice-and-bob-playing-flower-game
3022,Minimize OR of Remaining Elements Using Operations,Hard,29.7,https://leetcode.com/problems/minimize-or-of-remaining-elements-using-operations
3023,Find Pattern in Infinite Stream I,Medium,57.8,https://leetcode.com/problems/find-pattern-in-infinite-stream-i
3024,Type of Triangle,Easy,44,https://leetcode.com/problems/type-of-triangle
3025,Find the Number of Ways to Place People I,Medium,64,https://leetcode.com/problems/find-the-number-of-ways-to-place-people-i
3026,Maximum Good Subarray Sum,Medium,22.4,https://leetcode.com/problems/maximum-good-subarray-sum
3027,Find the Number of Ways to Place People II,Hard,64.2,https://leetcode.com/problems/find-the-number-of-ways-to-place-people-ii
3028,Ant on the Boundary,Easy,74.4,https://leetcode.com/problems/ant-on-the-boundary
3029,Minimum Time to Revert Word to Initial State I,Medium,42.4,https://leetcode.com/problems/minimum-time-to-revert-word-to-initial-state-i
3030,Find the Grid of Region Average,Medium,42.9,https://leetcode.com/problems/find-the-grid-of-region-average
3031,Minimum Time to Revert Word to Initial State II,Hard,35.4,https://leetcode.com/problems/minimum-time-to-revert-word-to-initial-state-ii
3032,Count Numbers With Unique Digits II,Easy,87.3,https://leetcode.com/problems/count-numbers-with-unique-digits-ii
3033,Modify the Matrix,Easy,69,https://leetcode.com/problems/modify-the-matrix
3034,Number of Subarrays That Match a Pattern I,Medium,68,https://leetcode.com/problems/number-of-subarrays-that-match-a-pattern-i
3035,Maximum Palindromes After Operations,Medium,47.2,https://leetcode.com/problems/maximum-palindromes-after-operations
3036,Number of Subarrays That Match a Pattern II,Hard,33.8,https://leetcode.com/problems/number-of-subarrays-that-match-a-pattern-ii
3037,Find Pattern in Infinite Stream II,Hard,67.7,https://leetcode.com/problems/find-pattern-in-infinite-stream-ii
3038,Maximum Number of Operations With the Same Score I,Easy,52.9,https://leetcode.com/problems/maximum-number-of-operations-with-the-same-score-i
3039,Apply Operations to Make String Empty,Medium,57.5,https://leetcode.com/problems/apply-operations-to-make-string-empty
3040,Maximum Number of Operations With the Same Score II,Medium,34.3,https://leetcode.com/problems/maximum-number-of-operations-with-the-same-score-ii
3041,Maximize Consecutive Elements in an Array After Modification,Hard,33.9,https://leetcode.com/problems/maximize-consecutive-elements-in-an-array-after-modification
3042,Count Prefix and Suffix Pairs I,Easy,77.7,https://leetcode.com/problems/count-prefix-and-suffix-pairs-i
3043,Find the Length of the Longest Common Prefix,Medium,62.3,https://leetcode.com/problems/find-the-length-of-the-longest-common-prefix
3044,Most Frequent Prime,Medium,46.4,https://leetcode.com/problems/most-frequent-prime
3045,Count Prefix and Suffix Pairs II,Hard,28.5,https://leetcode.com/problems/count-prefix-and-suffix-pairs-ii
3046,Split the Array,Easy,61.7,https://leetcode.com/problems/split-the-array
3047,Find the Largest Area of Square Inside Two Rectangles,Medium,66.8,https://leetcode.com/problems/find-the-largest-area-of-square-inside-two-rectangles
3048,Earliest Second to Mark Indices I,Medium,37,https://leetcode.com/problems/earliest-second-to-mark-indices-i
3049,Earliest Second to Mark Indices II,Hard,22.4,https://leetcode.com/problems/earliest-second-to-mark-indices-ii
3050,Pizza Toppings Cost Analysis,Medium,69.1,https://leetcode.com/problems/pizza-toppings-cost-analysis
3051,Find Candidates for Data Scientist Position,Easy,75.6,https://leetcode.com/problems/find-candidates-for-data-scientist-position
3052,Maximize Items,Hard,74.5,https://leetcode.com/problems/maximize-items
3053,Classifying Triangles by Lengths,Easy,51.2,https://leetcode.com/problems/classifying-triangles-by-lengths
3054,Binary Tree Nodes,Medium,78,https://leetcode.com/problems/binary-tree-nodes
3055,Top Percentile Fraud,Medium,57.4,https://leetcode.com/problems/top-percentile-fraud
3056,Snaps Analysis,Medium,58.9,https://leetcode.com/problems/snaps-analysis
3057,Employees Project Allocation,Hard,67.6,https://leetcode.com/problems/employees-project-allocation
3058,Friends With No Mutual Friends,Medium,48.8,https://leetcode.com/problems/friends-with-no-mutual-friends
3059,Find All Unique Email Domains,Easy,70.4,https://leetcode.com/problems/find-all-unique-email-domains
3060,User Activities within Time Bounds,Hard,42.2,https://leetcode.com/problems/user-activities-within-time-bounds
3061,Calculate Trapping Rain Water,Hard,81.8,https://leetcode.com/problems/calculate-trapping-rain-water
3062,Winner of the Linked List Game,Easy,77.4,https://leetcode.com/problems/winner-of-the-linked-list-game
3063,Linked List Frequency,Easy,85.6,https://leetcode.com/problems/linked-list-frequency
3064,Guess the Number Using Bitwise Questions I,Medium,89,https://leetcode.com/problems/guess-the-number-using-bitwise-questions-i
3065,Minimum Operations to Exceed Threshold Value I,Easy,86.6,https://leetcode.com/problems/minimum-operations-to-exceed-threshold-value-i
3066,Minimum Operations to Exceed Threshold Value II,Medium,45.8,https://leetcode.com/problems/minimum-operations-to-exceed-threshold-value-ii
3067,Count Pairs of Connectable Servers in a Weighted Tree Network,Medium,55.6,https://leetcode.com/problems/count-pairs-of-connectable-servers-in-a-weighted-tree-network
3068,Find the Maximum Sum of Node Values,Hard,69.1,https://leetcode.com/problems/find-the-maximum-sum-of-node-values
3069,Distribute Elements Into Two Arrays I,Easy,83.7,https://leetcode.com/problems/distribute-elements-into-two-arrays-i
3070,Count Submatrices with Top-Left Element and Sum Less Than k,Medium,74.6,https://leetcode.com/problems/count-submatrices-with-top-left-element-and-sum-less-than-k
3071,Minimum Operations to Write the Letter Y on a Grid,Medium,64.2,https://leetcode.com/problems/minimum-operations-to-write-the-letter-y-on-a-grid
3072,Distribute Elements Into Two Arrays II,Hard,32.2,https://leetcode.com/problems/distribute-elements-into-two-arrays-ii
3073,Maximum Increasing Triplet Value,Medium,36,https://leetcode.com/problems/maximum-increasing-triplet-value
3074,Apple Redistribution into Boxes,Easy,78.4,https://leetcode.com/problems/apple-redistribution-into-boxes
3075,Maximize Happiness of Selected Children,Medium,58.6,https://leetcode.com/problems/maximize-happiness-of-selected-children
3076,Shortest Uncommon Substring in an Array,Medium,50.9,https://leetcode.com/problems/shortest-uncommon-substring-in-an-array
3077,Maximum Strength of K Disjoint Subarrays,Hard,27.8,https://leetcode.com/problems/maximum-strength-of-k-disjoint-subarrays
3078,Match Alphanumerical Pattern in Matrix I,Medium,65,https://leetcode.com/problems/match-alphanumerical-pattern-in-matrix-i
3079,Find the Sum of Encrypted Integers,Easy,74.7,https://leetcode.com/problems/find-the-sum-of-encrypted-integers
3080,Mark Elements on Array by Performing Queries,Medium,49.2,https://leetcode.com/problems/mark-elements-on-array-by-performing-queries
3081,Replace Question Marks in String to Minimize Its Value,Medium,29.4,https://leetcode.com/problems/replace-question-marks-in-string-to-minimize-its-value
3082,Find the Sum of the Power of All Subsequences,Hard,38.3,https://leetcode.com/problems/find-the-sum-of-the-power-of-all-subsequences
3083,Existence of a Substring in a String and Its Reverse,Easy,66.3,https://leetcode.com/problems/existence-of-a-substring-in-a-string-and-its-reverse
3084,Count Substrings Starting and Ending with Given Character,Medium,50.3,https://leetcode.com/problems/count-substrings-starting-and-ending-with-given-character
3085,Minimum Deletions to Make String K-Special,Medium,66.9,https://leetcode.com/problems/minimum-deletions-to-make-string-k-special
3086,Minimum Moves to Pick K Ones,Hard,21.3,https://leetcode.com/problems/minimum-moves-to-pick-k-ones
3087,Find Trending Hashtags,Medium,61.6,https://leetcode.com/problems/find-trending-hashtags
3088,Make String Anti-palindrome,Hard,46.3,https://leetcode.com/problems/make-string-anti-palindrome
3089,Find Bursty Behavior,Medium,38,https://leetcode.com/problems/find-bursty-behavior
3090,Maximum Length Substring With Two Occurrences,Easy,77.7,https://leetcode.com/problems/maximum-length-substring-with-two-occurrences
3091,Apply Operations to Make Sum of Array Greater Than or Equal to k,Medium,44.4,https://leetcode.com/problems/apply-operations-to-make-sum-of-array-greater-than-or-equal-to-k
3092,Most Frequent IDs,Medium,43.2,https://leetcode.com/problems/most-frequent-ids
3093,Longest Common Suffix Queries,Hard,52.4,https://leetcode.com/problems/longest-common-suffix-queries
3094,Guess the Number Using Bitwise Questions II,Medium,83.1,https://leetcode.com/problems/guess-the-number-using-bitwise-questions-ii
3095,Shortest Subarray With OR at Least K I,Easy,44.7,https://leetcode.com/problems/shortest-subarray-with-or-at-least-k-i
3096,Minimum Levels to Gain More Points,Medium,40.3,https://leetcode.com/problems/minimum-levels-to-gain-more-points
3097,Shortest Subarray With OR at Least K II,Medium,50.1,https://leetcode.com/problems/shortest-subarray-with-or-at-least-k-ii
3098,Find the Sum of Subsequence Powers,Hard,25.3,https://leetcode.com/problems/find-the-sum-of-subsequence-powers
3099,Harshad Number,Easy,83.6,https://leetcode.com/problems/harshad-number
3100,Water Bottles II,Medium,77.9,https://leetcode.com/problems/water-bottles-ii
3101,Count Alternating Subarrays,Medium,57.3,https://leetcode.com/problems/count-alternating-subarrays
3102,Minimize Manhattan Distances,Hard,33,https://leetcode.com/problems/minimize-manhattan-distances
3103,Find Trending Hashtags II,Hard,66,https://leetcode.com/problems/find-trending-hashtags-ii
3104,Find Longest Self-Contained Substring,Hard,58.4,https://leetcode.com/problems/find-longest-self-contained-substring
3105,Longest Strictly Increasing or Strictly Decreasing Subarray,Easy,64.8,https://leetcode.com/problems/longest-strictly-increasing-or-strictly-decreasing-subarray
3106,Lexicographically Smallest String After Operations With Constraint,Medium,62.3,https://leetcode.com/problems/lexicographically-smallest-string-after-operations-with-constraint
3107,Minimum Operations to Make Median of Array Equal to K,Medium,47.8,https://leetcode.com/problems/minimum-operations-to-make-median-of-array-equal-to-k
3108,Minimum Cost Walk in Weighted Graph,Hard,68,https://leetcode.com/problems/minimum-cost-walk-in-weighted-graph
3109,Find the Index of Permutation,Medium,37.1,https://leetcode.com/problems/find-the-index-of-permutation
3110,Score of a String,Easy,91.2,https://leetcode.com/problems/score-of-a-string
3111,Minimum Rectangles to Cover Points,Medium,64.3,https://leetcode.com/problems/minimum-rectangles-to-cover-points
3112,Minimum Time to Visit Disappearing Nodes,Medium,38.2,https://leetcode.com/problems/minimum-time-to-visit-disappearing-nodes
3113,Find the Number of Subarrays Where Boundary Elements Are Maximum,Hard,33.7,https://leetcode.com/problems/find-the-number-of-subarrays-where-boundary-elements-are-maximum
3114,Latest Time You Can Obtain After Replacing Characters,Easy,35.4,https://leetcode.com/problems/latest-time-you-can-obtain-after-replacing-characters
3115,Maximum Prime Difference,Medium,59,https://leetcode.com/problems/maximum-prime-difference
3116,Kth Smallest Amount With Single Denomination Combination,Hard,50.6,https://leetcode.com/problems/kth-smallest-amount-with-single-denomination-combination
3117,Minimum Sum of Values by Dividing Array,Hard,28.3,https://leetcode.com/problems/minimum-sum-of-values-by-dividing-array
3118,Friday Purchase III,Medium,55.2,https://leetcode.com/problems/friday-purchase-iii
3119,Maximum Number of Potholes That Can Be Fixed,Medium,53.6,https://leetcode.com/problems/maximum-number-of-potholes-that-can-be-fixed
3120,Count the Number of Special Characters I,Easy,77.1,https://leetcode.com/problems/count-the-number-of-special-characters-i
3121,Count the Number of Special Characters II,Medium,60.3,https://leetcode.com/problems/count-the-number-of-special-characters-ii
3122,Minimum Number of Operations to Satisfy Conditions,Medium,42.1,https://leetcode.com/problems/minimum-number-of-operations-to-satisfy-conditions
3123,Find Edges in Shortest Paths,Hard,46.8,https://leetcode.com/problems/find-edges-in-shortest-paths
3124,Find Longest Calls,Medium,63.8,https://leetcode.com/problems/find-longest-calls
3125,Maximum Number That Makes Result of Bitwise AND Zero,Medium,70.3,https://leetcode.com/problems/maximum-number-that-makes-result-of-bitwise-and-zero
3126,Server Utilization Time,Medium,60.6,https://leetcode.com/problems/server-utilization-time
3127,Make a Square with the Same Color,Easy,53.1,https://leetcode.com/problems/make-a-square-with-the-same-color
3128,Right Triangles,Medium,48.7,https://leetcode.com/problems/right-triangles
3129,Find All Possible Stable Binary Arrays I,Medium,53.4,https://leetcode.com/problems/find-all-possible-stable-binary-arrays-i
3130,Find All Possible Stable Binary Arrays II,Hard,58.5,https://leetcode.com/problems/find-all-possible-stable-binary-arrays-ii
3131,Find the Integer Added to Array I,Easy,82.7,https://leetcode.com/problems/find-the-integer-added-to-array-i
3132,Find the Integer Added to Array II,Medium,33.2,https://leetcode.com/problems/find-the-integer-added-to-array-ii
3133,Minimum Array End,Medium,55.3,https://leetcode.com/problems/minimum-array-end
3134,Find the Median of the Uniqueness Array,Hard,30.1,https://leetcode.com/problems/find-the-median-of-the-uniqueness-array
3135,Equalize Strings by Adding or Removing Characters at Ends,Medium,56.7,https://leetcode.com/problems/equalize-strings-by-adding-or-removing-characters-at-ends
3136,Valid Word,Easy,50.9,https://leetcode.com/problems/valid-word
3137,Minimum Number of Operations to Make Word K-Periodic,Medium,60,https://leetcode.com/problems/minimum-number-of-operations-to-make-word-k-periodic
3138,Minimum Length of Anagram Concatenation,Medium,39.8,https://leetcode.com/problems/minimum-length-of-anagram-concatenation
3139,Minimum Cost to Equalize Array,Hard,18.9,https://leetcode.com/problems/minimum-cost-to-equalize-array
3140,Consecutive Available Seats II,Medium,55.6,https://leetcode.com/problems/consecutive-available-seats-ii
3141,Maximum Hamming Distances,Hard,49.9,https://leetcode.com/problems/maximum-hamming-distances
3142,Check if Grid Satisfies Conditions,Easy,45.6,https://leetcode.com/problems/check-if-grid-satisfies-conditions
3143,Maximum Points Inside the Square,Medium,39.7,https://leetcode.com/problems/maximum-points-inside-the-square
3144,Minimum Substring Partition of Equal Character Frequency,Medium,40.3,https://leetcode.com/problems/minimum-substring-partition-of-equal-character-frequency
3145,Find Products of Elements of Big Array,Hard,24.2,https://leetcode.com/problems/find-products-of-elements-of-big-array
3146,Permutation Difference between Two Strings,Easy,87.5,https://leetcode.com/problems/permutation-difference-between-two-strings
3147,Taking Maximum Energy From the Mystic Dungeon,Medium,60.9,https://leetcode.com/problems/taking-maximum-energy-from-the-mystic-dungeon
3148,Maximum Difference Score in a Grid,Medium,48,https://leetcode.com/problems/maximum-difference-score-in-a-grid
3149,Find the Minimum Cost Array Permutation,Hard,26.5,https://leetcode.com/problems/find-the-minimum-cost-array-permutation
3150,Invalid Tweets II,Easy,85.1,https://leetcode.com/problems/invalid-tweets-ii
3151,Special Array I,Easy,81.4,https://leetcode.com/problems/special-array-i
3152,Special Array II,Medium,45.8,https://leetcode.com/problems/special-array-ii
3153,Sum of Digit Differences of All Pairs,Medium,43,https://leetcode.com/problems/sum-of-digit-differences-of-all-pairs
3154,Find Number of Ways to Reach the K-th Stair,Hard,37.9,https://leetcode.com/problems/find-number-of-ways-to-reach-the-k-th-stair
3155,Maximum Number of Upgradable Servers,Medium,43.8,https://leetcode.com/problems/maximum-number-of-upgradable-servers
3156,Employee Task Duration and Concurrent Tasks,Hard,39.8,https://leetcode.com/problems/employee-task-duration-and-concurrent-tasks
3157,Find the Level of Tree with Minimum Sum,Medium,69.5,https://leetcode.com/problems/find-the-level-of-tree-with-minimum-sum
3158,Find the XOR of Numbers Which Appear Twice,Easy,78.9,https://leetcode.com/problems/find-the-xor-of-numbers-which-appear-twice
3159,Find Occurrences of an Element in an Array,Medium,73.4,https://leetcode.com/problems/find-occurrences-of-an-element-in-an-array
3160,Find the Number of Distinct Colors Among the Balls,Medium,54.1,https://leetcode.com/problems/find-the-number-of-distinct-colors-among-the-balls
3161,Block Placement Queries,Hard,41.1,https://leetcode.com/problems/block-placement-queries
3162,Find the Number of Good Pairs I,Easy,86.1,https://leetcode.com/problems/find-the-number-of-good-pairs-i
3163,String Compression III,Medium,67,https://leetcode.com/problems/string-compression-iii
3164,Find the Number of Good Pairs II,Medium,26.8,https://leetcode.com/problems/find-the-number-of-good-pairs-ii
3165,Maximum Sum of Subsequence With Non-adjacent Elements,Hard,15.9,https://leetcode.com/problems/maximum-sum-of-subsequence-with-non-adjacent-elements
3166,Calculate Parking Fees and Duration,Medium,52.9,https://leetcode.com/problems/calculate-parking-fees-and-duration
3167,Better Compression of String,Medium,75.5,https://leetcode.com/problems/better-compression-of-string
3168,Minimum Number of Chairs in a Waiting Room,Easy,79.2,https://leetcode.com/problems/minimum-number-of-chairs-in-a-waiting-room
3169,Count Days Without Meetings,Medium,48.3,https://leetcode.com/problems/count-days-without-meetings
3170,Lexicographically Minimum String After Removing Stars,Medium,50.9,https://leetcode.com/problems/lexicographically-minimum-string-after-removing-stars
3171,Find Subarray With Bitwise OR Closest to K,Hard,31.1,https://leetcode.com/problems/find-subarray-with-bitwise-or-closest-to-k
3172,Second Day Verification,Easy,66.7,https://leetcode.com/problems/second-day-verification
3173,Bitwise OR of Adjacent Elements,Easy,94.7,https://leetcode.com/problems/bitwise-or-of-adjacent-elements
3174,Clear Digits,Easy,82.7,https://leetcode.com/problems/clear-digits
3175,Find The First Player to win K Games in a Row,Medium,40.2,https://leetcode.com/problems/find-the-first-player-to-win-k-games-in-a-row
3176,Find the Maximum Length of a Good Subsequence I,Medium,33,https://leetcode.com/problems/find-the-maximum-length-of-a-good-subsequence-i
3177,Find the Maximum Length of a Good Subsequence II,Hard,25.4,https://leetcode.com/problems/find-the-maximum-length-of-a-good-subsequence-ii
3178,Find the Child Who Has the Ball After K Seconds,Easy,61.8,https://leetcode.com/problems/find-the-child-who-has-the-ball-after-k-seconds
3179,Find the N-th Value After K Seconds,Medium,53.8,https://leetcode.com/problems/find-the-n-th-value-after-k-seconds
3180,Maximum Total Reward Using Operations I,Medium,31.1,https://leetcode.com/problems/maximum-total-reward-using-operations-i
3181,Maximum Total Reward Using Operations II,Hard,22,https://leetcode.com/problems/maximum-total-reward-using-operations-ii
3182,Find Top Scoring Students,Medium,50,https://leetcode.com/problems/find-top-scoring-students
3183,The Number of Ways to Make the Sum,Medium,50.8,https://leetcode.com/problems/the-number-of-ways-to-make-the-sum
3184,Count Pairs That Form a Complete Day I,Easy,77.9,https://leetcode.com/problems/count-pairs-that-form-a-complete-day-i
3185,Count Pairs That Form a Complete Day II,Medium,43.8,https://leetcode.com/problems/count-pairs-that-form-a-complete-day-ii
3186,Maximum Total Damage With Spell Casting,Medium,45,https://leetcode.com/problems/maximum-total-damage-with-spell-casting
3187,Peaks in Array,Hard,28.3,https://leetcode.com/problems/peaks-in-array
3188,Find Top Scoring Students II,Hard,39.9,https://leetcode.com/problems/find-top-scoring-students-ii
3189,Minimum Moves to Get a Peaceful Board,Medium,75.6,https://leetcode.com/problems/minimum-moves-to-get-a-peaceful-board
3190,Find Minimum Operations to Make All Elements Divisible by Three,Easy,90.6,https://leetcode.com/problems/find-minimum-operations-to-make-all-elements-divisible-by-three
3191,Minimum Operations to Make Binary Array Elements Equal to One I,Medium,80.3,https://leetcode.com/problems/minimum-operations-to-make-binary-array-elements-equal-to-one-i
3192,Minimum Operations to Make Binary Array Elements Equal to One II,Medium,64.9,https://leetcode.com/problems/minimum-operations-to-make-binary-array-elements-equal-to-one-ii
3193,Count the Number of Inversions,Hard,31.8,https://leetcode.com/problems/count-the-number-of-inversions
3194,Minimum Average of Smallest and Largest Elements,Easy,85.2,https://leetcode.com/problems/minimum-average-of-smallest-and-largest-elements
3195,Find the Minimum Area to Cover All Ones I,Medium,78,https://leetcode.com/problems/find-the-minimum-area-to-cover-all-ones-i
3196,Maximize Total Cost of Alternating Subarrays,Medium,29.9,https://leetcode.com/problems/maximize-total-cost-of-alternating-subarrays
3197,Find the Minimum Area to Cover All Ones II,Hard,63.2,https://leetcode.com/problems/find-the-minimum-area-to-cover-all-ones-ii
3198,Find Cities in Each State,Easy,79.4,https://leetcode.com/problems/find-cities-in-each-state
3199,Count Triplets with Even XOR Set Bits I,Easy,83.1,https://leetcode.com/problems/count-triplets-with-even-xor-set-bits-i
3200,Maximum Height of a Triangle,Easy,44.5,https://leetcode.com/problems/maximum-height-of-a-triangle
3201,Find the Maximum Length of Valid Subsequence I,Medium,54.9,https://leetcode.com/problems/find-the-maximum-length-of-valid-subsequence-i
3202,Find the Maximum Length of Valid Subsequence II,Medium,56.9,https://leetcode.com/problems/find-the-maximum-length-of-valid-subsequence-ii
3203,Find Minimum Diameter After Merging Two Trees,Hard,56.8,https://leetcode.com/problems/find-minimum-diameter-after-merging-two-trees
3204,Bitwise User Permissions Analysis,Medium,92.4,https://leetcode.com/problems/bitwise-user-permissions-analysis
3205,Maximum Array Hopping Score I,Medium,77.1,https://leetcode.com/problems/maximum-array-hopping-score-i
3206,Alternating Groups I,Easy,69,https://leetcode.com/problems/alternating-groups-i
3207,Maximum Points After Enemy Battles,Medium,33.5,https://leetcode.com/problems/maximum-points-after-enemy-battles
3208,Alternating Groups II,Medium,60,https://leetcode.com/problems/alternating-groups-ii
3209,Number of Subarrays With AND Value of K,Hard,35.2,https://leetcode.com/problems/number-of-subarrays-with-and-value-of-k
3210,Find the Encrypted String,Easy,68,https://leetcode.com/problems/find-the-encrypted-string
3211,Generate Binary Strings Without Adjacent Zeros,Medium,88.7,https://leetcode.com/problems/generate-binary-strings-without-adjacent-zeros
3212,Count Submatrices With Equal Frequency of X and Y,Medium,69.5,https://leetcode.com/problems/count-submatrices-with-equal-frequency-of-x-and-y
3213,Construct String with Minimum Cost,Hard,18.8,https://leetcode.com/problems/construct-string-with-minimum-cost
3214,Year on Year Growth Rate,Hard,51.4,https://leetcode.com/problems/year-on-year-growth-rate
3215,Count Triplets with Even XOR Set Bits II,Medium,62.1,https://leetcode.com/problems/count-triplets-with-even-xor-set-bits-ii
3216,Lexicographically Smallest String After a Swap,Easy,54.5,https://leetcode.com/problems/lexicographically-smallest-string-after-a-swap
3217,Delete Nodes From Linked List Present in Array,Medium,69.2,https://leetcode.com/problems/delete-nodes-from-linked-list-present-in-array
3218,Minimum Cost for Cutting Cake I,Medium,58.3,https://leetcode.com/problems/minimum-cost-for-cutting-cake-i
3219,Minimum Cost for Cutting Cake II,Hard,54.2,https://leetcode.com/problems/minimum-cost-for-cutting-cake-ii
3220,Odd and Even Transactions,Medium,68.5,https://leetcode.com/problems/odd-and-even-transactions
3221,Maximum Array Hopping Score II,Medium,60.1,https://leetcode.com/problems/maximum-array-hopping-score-ii
3222,Find the Winning Player in Coin Game,Easy,53.8,https://leetcode.com/problems/find-the-winning-player-in-coin-game
3223,Minimum Length of String After Operations,Medium,74.9,https://leetcode.com/problems/minimum-length-of-string-after-operations
3224,Minimum Array Changes to Make Differences Equal,Medium,24.8,https://leetcode.com/problems/minimum-array-changes-to-make-differences-equal
3225,Maximum Score From Grid Operations,Hard,63.5,https://leetcode.com/problems/maximum-score-from-grid-operations
3226,Number of Bit Changes to Make Two Integers Equal,Easy,63.5,https://leetcode.com/problems/number-of-bit-changes-to-make-two-integers-equal
3227,Vowels Game in a String,Medium,76.9,https://leetcode.com/problems/vowels-game-in-a-string
3228,Maximum Number of Operations to Move Ones to the End,Medium,66.9,https://leetcode.com/problems/maximum-number-of-operations-to-move-ones-to-the-end
3229,Minimum Operations to Make Array Equal to Target,Hard,41.8,https://leetcode.com/problems/minimum-operations-to-make-array-equal-to-target
3230,Customer Purchasing Behavior Analysis,Medium,36.5,https://leetcode.com/problems/customer-purchasing-behavior-analysis
3231,Minimum Number of Increasing Subsequence to Be Removed,Hard,47.6,https://leetcode.com/problems/minimum-number-of-increasing-subsequence-to-be-removed
3232,Find if Digit Game Can Be Won,Easy,81.3,https://leetcode.com/problems/find-if-digit-game-can-be-won
3233,Find the Count of Numbers Which Are Not Special,Medium,28.3,https://leetcode.com/problems/find-the-count-of-numbers-which-are-not-special
3234,Count the Number of Substrings With Dominant Ones,Medium,41.8,https://leetcode.com/problems/count-the-number-of-substrings-with-dominant-ones
3235,Check if the Rectangle Corner Is Reachable,Hard,25.1,https://leetcode.com/problems/check-if-the-rectangle-corner-is-reachable
3236,CEO Subordinate Hierarchy,Hard,69.9,https://leetcode.com/problems/ceo-subordinate-hierarchy
3237,Alt and Tab Simulation,Medium,54.1,https://leetcode.com/problems/alt-and-tab-simulation
3238,Find the Number of Winning Players,Easy,60.4,https://leetcode.com/problems/find-the-number-of-winning-players
3239,Minimum Number of Flips to Make Binary Grid Palindromic I,Medium,74.3,https://leetcode.com/problems/minimum-number-of-flips-to-make-binary-grid-palindromic-i
3240,Minimum Number of Flips to Make Binary Grid Palindromic II,Medium,25.6,https://leetcode.com/problems/minimum-number-of-flips-to-make-binary-grid-palindromic-ii
3241,Time Taken to Mark All Nodes,Hard,28.7,https://leetcode.com/problems/time-taken-to-mark-all-nodes
3242,Design Neighbor Sum Service,Easy,76,https://leetcode.com/problems/design-neighbor-sum-service
3243,Shortest Distance After Road Addition Queries I,Medium,61.9,https://leetcode.com/problems/shortest-distance-after-road-addition-queries-i
3244,Shortest Distance After Road Addition Queries II,Hard,26.8,https://leetcode.com/problems/shortest-distance-after-road-addition-queries-ii
3245,Alternating Groups III,Hard,19.1,https://leetcode.com/problems/alternating-groups-iii
3246,Premier League Table Ranking,Easy,78.6,https://leetcode.com/problems/premier-league-table-ranking
3247,Number of Subsequences with Odd Sum,Medium,47.6,https://leetcode.com/problems/number-of-subsequences-with-odd-sum
3248,Snake in Matrix,Easy,82.5,https://leetcode.com/problems/snake-in-matrix
3249,Count the Number of Good Nodes,Medium,55.1,https://leetcode.com/problems/count-the-number-of-good-nodes
3250,Find the Count of Monotonic Pairs I,Hard,47.1,https://leetcode.com/problems/find-the-count-of-monotonic-pairs-i
3251,Find the Count of Monotonic Pairs II,Hard,24.8,https://leetcode.com/problems/find-the-count-of-monotonic-pairs-ii
3252,Premier League Table Ranking II,Medium,55.8,https://leetcode.com/problems/premier-league-table-ranking-ii
3253,Construct String with Minimum Cost (Easy),Medium,58.7,https://leetcode.com/problems/construct-string-with-minimum-cost-easy
3254,Find the Power of K-Size Subarrays I,Medium,61.9,https://leetcode.com/problems/find-the-power-of-k-size-subarrays-i
3255,Find the Power of K-Size Subarrays II,Medium,31.9,https://leetcode.com/problems/find-the-power-of-k-size-subarrays-ii
3256,Maximum Value Sum by Placing Three Rooks I,Hard,16.8,https://leetcode.com/problems/maximum-value-sum-by-placing-three-rooks-i
3257,Maximum Value Sum by Placing Three Rooks II,Hard,26.1,https://leetcode.com/problems/maximum-value-sum-by-placing-three-rooks-ii
3258,Count Substrings That Satisfy K-Constraint I,Easy,78.7,https://leetcode.com/problems/count-substrings-that-satisfy-k-constraint-i
3259,Maximum Energy Boost From Two Drinks,Medium,50,https://leetcode.com/problems/maximum-energy-boost-from-two-drinks
3260,Find the Largest Palindrome Divisible by K,Hard,17.3,https://leetcode.com/problems/find-the-largest-palindrome-divisible-by-k
3261,Count Substrings That Satisfy K-Constraint II,Hard,23.9,https://leetcode.com/problems/count-substrings-that-satisfy-k-constraint-ii
3262,Find Overlapping Shifts,Medium,57.9,https://leetcode.com/problems/find-overlapping-shifts
3263,Convert Doubly Linked List to Array I,Easy,94.8,https://leetcode.com/problems/convert-doubly-linked-list-to-array-i
3264,Final Array State After K Multiplication Operations I,Easy,86.7,https://leetcode.com/problems/final-array-state-after-k-multiplication-operations-i
3265,Count Almost Equal Pairs I,Medium,38.3,https://leetcode.com/problems/count-almost-equal-pairs-i
3266,Final Array State After K Multiplication Operations II,Hard,13.8,https://leetcode.com/problems/final-array-state-after-k-multiplication-operations-ii
3267,Count Almost Equal Pairs II,Hard,27.5,https://leetcode.com/problems/count-almost-equal-pairs-ii
3268,Find Overlapping Shifts II,Hard,55.9,https://leetcode.com/problems/find-overlapping-shifts-ii
3269,Constructing Two Increasing Arrays,Hard,62,https://leetcode.com/problems/constructing-two-increasing-arrays
3270,Find the Key of the Numbers,Easy,76,https://leetcode.com/problems/find-the-key-of-the-numbers
3271,Hash Divided String,Medium,83.5,https://leetcode.com/problems/hash-divided-string
3272,Find the Count of Good Integers,Hard,69.3,https://leetcode.com/problems/find-the-count-of-good-integers
3273,Minimum Amount of Damage Dealt to Bob,Hard,39.5,https://leetcode.com/problems/minimum-amount-of-damage-dealt-to-bob
3274,Check if Two Chessboard Squares Have the Same Color,Easy,72.3,https://leetcode.com/problems/check-if-two-chessboard-squares-have-the-same-color
3275,K-th Nearest Obstacle Queries,Medium,49,https://leetcode.com/problems/k-th-nearest-obstacle-queries
3276,Select Cells in Grid With Maximum Score,Hard,16,https://leetcode.com/problems/select-cells-in-grid-with-maximum-score
3277,Maximum XOR Score Subarray Queries,Hard,43.1,https://leetcode.com/problems/maximum-xor-score-subarray-queries
3278,Find Candidates for Data Scientist Position II,Medium,43.3,https://leetcode.com/problems/find-candidates-for-data-scientist-position-ii
3279,Maximum Total Area Occupied by Pistons,Hard,41.1,https://leetcode.com/problems/maximum-total-area-occupied-by-pistons
3280,Convert Date to Binary,Easy,88.6,https://leetcode.com/problems/convert-date-to-binary
3281,Maximize Score of Numbers in Ranges,Medium,35.7,https://leetcode.com/problems/maximize-score-of-numbers-in-ranges
3282,Reach End of Array With Max Score,Medium,33.8,https://leetcode.com/problems/reach-end-of-array-with-max-score
3283,Maximum Number of Moves to Kill All Pawns,Hard,33.7,https://leetcode.com/problems/maximum-number-of-moves-to-kill-all-pawns
3284,Sum of Consecutive Subarrays,Medium,43.2,https://leetcode.com/problems/sum-of-consecutive-subarrays
3285,Find Indices of Stable Mountains,Easy,86.5,https://leetcode.com/problems/find-indices-of-stable-mountains
3286,Find a Safe Walk Through a Grid,Medium,55.4,https://leetcode.com/problems/find-a-safe-walk-through-a-grid
3287,Find the Maximum Sequence Value of Array,Hard,22.1,https://leetcode.com/problems/find-the-maximum-sequence-value-of-array
3288,Length of the Longest Increasing Path,Hard,19.6,https://leetcode.com/problems/length-of-the-longest-increasing-path
3289,The Two Sneaky Numbers of Digitville,Easy,89.6,https://leetcode.com/problems/the-two-sneaky-numbers-of-digitville
3290,Maximum Multiplication Score,Medium,41.2,https://leetcode.com/problems/maximum-multiplication-score
3291,Minimum Number of Valid Strings to Form Target I,Medium,22.4,https://leetcode.com/problems/minimum-number-of-valid-strings-to-form-target-i
3292,Minimum Number of Valid Strings to Form Target II,Hard,20.7,https://leetcode.com/problems/minimum-number-of-valid-strings-to-form-target-ii
3293,Calculate Product Final Price,Medium,78.7,https://leetcode.com/problems/calculate-product-final-price
3294,Convert Doubly Linked List to Array II,Medium,83.2,https://leetcode.com/problems/convert-doubly-linked-list-to-array-ii
3295,Report Spam Message,Medium,48.7,https://leetcode.com/problems/report-spam-message
3296,Minimum Number of Seconds to Make Mountain Height Zero,Medium,58.3,https://leetcode.com/problems/minimum-number-of-seconds-to-make-mountain-height-zero
3297,Count Substrings That Can Be Rearranged to Contain a String I,Medium,43,https://leetcode.com/problems/count-substrings-that-can-be-rearranged-to-contain-a-string-i
3298,Count Substrings That Can Be Rearranged to Contain a String II,Hard,55.2,https://leetcode.com/problems/count-substrings-that-can-be-rearranged-to-contain-a-string-ii
3299,Sum of Consecutive Subsequences,Hard,44.9,https://leetcode.com/problems/sum-of-consecutive-subsequences
3300,Minimum Element After Replacement With Digit Sum,Easy,89.3,https://leetcode.com/problems/minimum-element-after-replacement-with-digit-sum
3301,Maximize the Total Height of Unique Towers,Medium,37.7,https://leetcode.com/problems/maximize-the-total-height-of-unique-towers
3302,Find the Lexicographically Smallest Valid Sequence,Medium,57.4,https://leetcode.com/problems/find-the-lexicographically-smallest-valid-sequence
3303,Find the Occurrence of First Almost Equal Substring,Hard,16,https://leetcode.com/problems/find-the-occurrence-of-first-almost-equal-substring
3304,Find the K-th Character in String Game I,Easy,81.6,https://leetcode.com/problems/find-the-k-th-character-in-string-game-i
3305,Count of Substrings Containing Every Vowel and K Consonants I,Medium,41.9,https://leetcode.com/problems/count-of-substrings-containing-every-vowel-and-k-consonants-i
3306,Count of Substrings Containing Every Vowel and K Consonants II,Medium,40.7,https://leetcode.com/problems/count-of-substrings-containing-every-vowel-and-k-consonants-ii
3307,Find the K-th Character in String Game II,Hard,48.2,https://leetcode.com/problems/find-the-k-th-character-in-string-game-ii
3308,Find Top Performing Driver,Medium,49,https://leetcode.com/problems/find-top-performing-driver
3309,Maximum Possible Number by Binary Concatenation,Medium,64.9,https://leetcode.com/problems/maximum-possible-number-by-binary-concatenation
3310,Remove Methods From Project,Medium,69.9,https://leetcode.com/problems/remove-methods-from-project
3311,Construct 2D Grid Matching Graph Layout,Hard,29.2,https://leetcode.com/problems/construct-2d-grid-matching-graph-layout
3312,Sorted GCD Pair Queries,Hard,58.2,https://leetcode.com/problems/sorted-gcd-pair-queries
3313,Find the Last Marked Nodes in Tree,Hard,56.9,https://leetcode.com/problems/find-the-last-marked-nodes-in-tree
3314,Construct the Minimum Bitwise Array I,Easy,85,https://leetcode.com/problems/construct-the-minimum-bitwise-array-i
3315,Construct the Minimum Bitwise Array II,Medium,66.3,https://leetcode.com/problems/construct-the-minimum-bitwise-array-ii
3316,Find Maximum Removals From Source String,Medium,39,https://leetcode.com/problems/find-maximum-removals-from-source-string
3317,Find the Number of Possible Ways for an Event,Hard,34.7,https://leetcode.com/problems/find-the-number-of-possible-ways-for-an-event
3318,Find X-Sum of All K-Long Subarrays I,Easy,75.8,https://leetcode.com/problems/find-x-sum-of-all-k-long-subarrays-i
3319,K-th Largest Perfect Subtree Size in Binary Tree,Medium,61.7,https://leetcode.com/problems/k-th-largest-perfect-subtree-size-in-binary-tree
3320,Count The Number of Winning Sequences,Hard,32.2,https://leetcode.com/problems/count-the-number-of-winning-sequences
3321,Find X-Sum of All K-Long Subarrays II,Hard,41.1,https://leetcode.com/problems/find-x-sum-of-all-k-long-subarrays-ii
3322,Premier League Table Ranking III,Medium,70.5,https://leetcode.com/problems/premier-league-table-ranking-iii
3323,Minimize Connected Groups by Inserting Interval,Medium,50.5,https://leetcode.com/problems/minimize-connected-groups-by-inserting-interval
3324,Find the Sequence of Strings Appeared on the Screen,Medium,79.6,https://leetcode.com/problems/find-the-sequence-of-strings-appeared-on-the-screen
3325,Count Substrings With K-Frequency Characters I,Medium,56.1,https://leetcode.com/problems/count-substrings-with-k-frequency-characters-i
3326,Minimum Division Operations to Make Array Non Decreasing,Medium,29.3,https://leetcode.com/problems/minimum-division-operations-to-make-array-non-decreasing
3327,Check if DFS Strings Are Palindromes,Hard,21,https://leetcode.com/problems/check-if-dfs-strings-are-palindromes
3328,Find Cities in Each State II,Medium,66.5,https://leetcode.com/problems/find-cities-in-each-state-ii
3329,Count Substrings With K-Frequency Characters II,Hard,72.2,https://leetcode.com/problems/count-substrings-with-k-frequency-characters-ii
3330,Find the Original Typed String I,Easy,71.9,https://leetcode.com/problems/find-the-original-typed-string-i
3331,Find Subtree Sizes After Changes,Medium,52.8,https://leetcode.com/problems/find-subtree-sizes-after-changes
3332,Maximum Points Tourist Can Earn,Medium,47.5,https://leetcode.com/problems/maximum-points-tourist-can-earn
3333,Find the Original Typed String II,Hard,45.2,https://leetcode.com/problems/find-the-original-typed-string-ii
3334,Find the Maximum Factor Score of Array,Medium,41,https://leetcode.com/problems/find-the-maximum-factor-score-of-array
3335,Total Characters in String After Transformations I,Medium,45.5,https://leetcode.com/problems/total-characters-in-string-after-transformations-i
3336,Find the Number of Subsequences With Equal GCD,Hard,66.3,https://leetcode.com/problems/find-the-number-of-subsequences-with-equal-gcd
3337,Total Characters in String After Transformations II,Hard,57.6,https://leetcode.com/problems/total-characters-in-string-after-transformations-ii
3338,Second Highest Salary II,Medium,86.1,https://leetcode.com/problems/second-highest-salary-ii
3339,Find the Number of K-Even Arrays,Medium,61.6,https://leetcode.com/problems/find-the-number-of-k-even-arrays
3340,Check Balanced String,Easy,82.5,https://leetcode.com/problems/check-balanced-string
3341,Find Minimum Time to Reach Last Room I,Medium,55.3,https://leetcode.com/problems/find-minimum-time-to-reach-last-room-i
3342,Find Minimum Time to Reach Last Room II,Medium,67.3,https://leetcode.com/problems/find-minimum-time-to-reach-last-room-ii
3343,Count Number of Balanced Permutations,Hard,48.7,https://leetcode.com/problems/count-number-of-balanced-permutations
3344,Maximum Sized Array,Medium,51.2,https://leetcode.com/problems/maximum-sized-array
3345,Smallest Divisible Digit Product I,Easy,73,https://leetcode.com/problems/smallest-divisible-digit-product-i
3346,Maximum Frequency of an Element After Performing Operations I,Medium,40.2,https://leetcode.com/problems/maximum-frequency-of-an-element-after-performing-operations-i
3347,Maximum Frequency of an Element After Performing Operations II,Hard,53.6,https://leetcode.com/problems/maximum-frequency-of-an-element-after-performing-operations-ii
3348,Smallest Divisible Digit Product II,Hard,45.2,https://leetcode.com/problems/smallest-divisible-digit-product-ii
3349,Adjacent Increasing Subarrays Detection I,Easy,48,https://leetcode.com/problems/adjacent-increasing-subarrays-detection-i
3350,Adjacent Increasing Subarrays Detection II,Medium,58.9,https://leetcode.com/problems/adjacent-increasing-subarrays-detection-ii
3351,Sum of Good Subsequences,Hard,31,https://leetcode.com/problems/sum-of-good-subsequences
3352,Count K-Reducible Numbers Less Than N,Hard,27.9,https://leetcode.com/problems/count-k-reducible-numbers-less-than-n
3353,Minimum Total Operations,Easy,63.5,https://leetcode.com/problems/minimum-total-operations
3354,Make Array Elements Equal to Zero,Easy,68.1,https://leetcode.com/problems/make-array-elements-equal-to-zero
3355,Zero Array Transformation I,Medium,54.5,https://leetcode.com/problems/zero-array-transformation-i
3356,Zero Array Transformation II,Medium,43.5,https://leetcode.com/problems/zero-array-transformation-ii
3357,Minimize the Maximum Adjacent Element Difference,Hard,20.3,https://leetcode.com/problems/minimize-the-maximum-adjacent-element-difference
3358,Books with NULL Ratings,Easy,82,https://leetcode.com/problems/books-with-null-ratings
3359,Find Sorted Submatrices With Maximum Element at Most K,Hard,52,https://leetcode.com/problems/find-sorted-submatrices-with-maximum-element-at-most-k
3360,Stone Removal Game,Easy,43,https://leetcode.com/problems/stone-removal-game
3361,Shift Distance Between Two Strings,Medium,52.9,https://leetcode.com/problems/shift-distance-between-two-strings
3362,Zero Array Transformation III,Medium,54.4,https://leetcode.com/problems/zero-array-transformation-iii
3363,Find the Maximum Number of Fruits Collected,Hard,64.6,https://leetcode.com/problems/find-the-maximum-number-of-fruits-collected
3364,Minimum Positive Sum Subarray,Easy,45.2,https://leetcode.com/problems/minimum-positive-sum-subarray
3365,Rearrange K Substrings to Form Target String,Medium,56.2,https://leetcode.com/problems/rearrange-k-substrings-to-form-target-string
3366,Minimum Array Sum,Medium,31.7,https://leetcode.com/problems/minimum-array-sum
3367,Maximize Sum of Weights after Edge Removals,Hard,31.8,https://leetcode.com/problems/maximize-sum-of-weights-after-edge-removals
3368,First Letter Capitalization,Hard,86.7,https://leetcode.com/problems/first-letter-capitalization
3369,Design an Array Statistics Tracker,Hard,35.5,https://leetcode.com/problems/design-an-array-statistics-tracker
3370,Smallest Number With All Set Bits,Easy,80.1,https://leetcode.com/problems/smallest-number-with-all-set-bits
3371,Identify the Largest Outlier in an Array,Medium,36.3,https://leetcode.com/problems/identify-the-largest-outlier-in-an-array
3372,Maximize the Number of Target Nodes After Connecting Trees I,Medium,69,https://leetcode.com/problems/maximize-the-number-of-target-nodes-after-connecting-trees-i
3373,Maximize the Number of Target Nodes After Connecting Trees II,Hard,72.5,https://leetcode.com/problems/maximize-the-number-of-target-nodes-after-connecting-trees-ii
3374,First Letter Capitalization II,Hard,39.5,https://leetcode.com/problems/first-letter-capitalization-ii
3375,Minimum Operations to Make Array Values Equal to K,Easy,73.2,https://leetcode.com/problems/minimum-operations-to-make-array-values-equal-to-k
3376,Minimum Time to Break Locks I,Medium,32.5,https://leetcode.com/problems/minimum-time-to-break-locks-i
3377,Digit Operations to Make Two Integers Equal,Medium,31.1,https://leetcode.com/problems/digit-operations-to-make-two-integers-equal
3378,Count Connected Components in LCM Graph,Hard,31,https://leetcode.com/problems/count-connected-components-in-lcm-graph
3379,Transformed Array,Easy,70.4,https://leetcode.com/problems/transformed-array
3380,Maximum Area Rectangle With Point Constraints I,Medium,52.5,https://leetcode.com/problems/maximum-area-rectangle-with-point-constraints-i
3381,Maximum Subarray Sum With Length Divisible by K,Medium,49.6,https://leetcode.com/problems/maximum-subarray-sum-with-length-divisible-by-k
3382,Maximum Area Rectangle With Point Constraints II,Hard,23.9,https://leetcode.com/problems/maximum-area-rectangle-with-point-constraints-ii
3383,Minimum Runes to Add to Cast Spell,Hard,44.9,https://leetcode.com/problems/minimum-runes-to-add-to-cast-spell
3384,Team Dominance by Pass Success,Hard,71.6,https://leetcode.com/problems/team-dominance-by-pass-success
3385,Minimum Time to Break Locks II,Hard,45.9,https://leetcode.com/problems/minimum-time-to-break-locks-ii
3386,Button with Longest Push Time,Easy,41.1,https://leetcode.com/problems/button-with-longest-push-time
3387,Maximize Amount After Two Days of Conversions,Medium,60.6,https://leetcode.com/problems/maximize-amount-after-two-days-of-conversions
3388,Count Beautiful Splits in an Array,Medium,19.2,https://leetcode.com/problems/count-beautiful-splits-in-an-array
3389,Minimum Operations to Make Character Frequencies Equal,Hard,25.9,https://leetcode.com/problems/minimum-operations-to-make-character-frequencies-equal
3390,Longest Team Pass Streak,Hard,40.3,https://leetcode.com/problems/longest-team-pass-streak
3391,Design a 3D Binary Matrix with Efficient Layer Tracking,Medium,66.4,https://leetcode.com/problems/design-a-3d-binary-matrix-with-efficient-layer-tracking
3392,Count Subarrays of Length Three With a Condition,Easy,61.3,https://leetcode.com/problems/count-subarrays-of-length-three-with-a-condition
3393,Count Paths With the Given XOR Value,Medium,40.6,https://leetcode.com/problems/count-paths-with-the-given-xor-value
3394,Check if Grid can be Cut into Sections,Medium,68,https://leetcode.com/problems/check-if-grid-can-be-cut-into-sections
3395,Subsequences with a Unique Middle Mode I,Hard,22.1,https://leetcode.com/problems/subsequences-with-a-unique-middle-mode-i
3396,Minimum Number of Operations to Make Elements in Array Distinct,Easy,71.1,https://leetcode.com/problems/minimum-number-of-operations-to-make-elements-in-array-distinct
3397,Maximum Number of Distinct Elements After Operations,Medium,52.1,https://leetcode.com/problems/maximum-number-of-distinct-elements-after-operations
3398,Smallest Substring With Identical Characters I,Hard,21.2,https://leetcode.com/problems/smallest-substring-with-identical-characters-i
3399,Smallest Substring With Identical Characters II,Hard,40.8,https://leetcode.com/problems/smallest-substring-with-identical-characters-ii
3400,Maximum Number of Matching Indices After Right Shifts,Medium,85,https://leetcode.com/problems/maximum-number-of-matching-indices-after-right-shifts
3401,Find Circular Gift Exchange Chains,Hard,50.6,https://leetcode.com/problems/find-circular-gift-exchange-chains
3402,Minimum Operations to Make Columns Strictly Increasing,Easy,72,https://leetcode.com/problems/minimum-operations-to-make-columns-strictly-increasing
3403,Find the Lexicographically Largest String From the Box I,Medium,40.7,https://leetcode.com/problems/find-the-lexicographically-largest-string-from-the-box-i
3404,Count Special Subsequences,Medium,30,https://leetcode.com/problems/count-special-subsequences
3405,Count the Number of Arrays with K Matching Adjacent Elements,Hard,57.9,https://leetcode.com/problems/count-the-number-of-arrays-with-k-matching-adjacent-elements
3406,Find the Lexicographically Largest String From the Box II,Hard,50,https://leetcode.com/problems/find-the-lexicographically-largest-string-from-the-box-ii
3407,Substring Matching Pattern,Easy,29.3,https://leetcode.com/problems/substring-matching-pattern
3408,Design Task Manager,Medium,48.7,https://leetcode.com/problems/design-task-manager
3409,Longest Subsequence With Decreasing Adjacent Difference,Medium,17.1,https://leetcode.com/problems/longest-subsequence-with-decreasing-adjacent-difference
3410,Maximize Subarray Sum After Removing All Occurrences of One Element,Hard,23.1,https://leetcode.com/problems/maximize-subarray-sum-after-removing-all-occurrences-of-one-element
3411,Maximum Subarray With Equal Products,Easy,46.7,https://leetcode.com/problems/maximum-subarray-with-equal-products
3412,Find Mirror Score of a String,Medium,36,https://leetcode.com/problems/find-mirror-score-of-a-string
3413,Maximum Coins From K Consecutive Bags,Medium,27.3,https://leetcode.com/problems/maximum-coins-from-k-consecutive-bags
3414,Maximum Score of Non-overlapping Intervals,Hard,31.1,https://leetcode.com/problems/maximum-score-of-non-overlapping-intervals
3415,Find Products with Three Consecutive Digits,Easy,80.2,https://leetcode.com/problems/find-products-with-three-consecutive-digits
3416,Subsequences with a Unique Middle Mode II,Hard,15.9,https://leetcode.com/problems/subsequences-with-a-unique-middle-mode-ii
3417,Zigzag Grid Traversal With Skip,Easy,64.9,https://leetcode.com/problems/zigzag-grid-traversal-with-skip
3418,Maximum Amount of Money Robot Can Earn,Medium,47.9,https://leetcode.com/problems/maximum-amount-of-money-robot-can-earn
3419,Minimize the Maximum Edge Weight of Graph,Medium,44.9,https://leetcode.com/problems/minimize-the-maximum-edge-weight-of-graph
3420,Count Non-Decreasing Subarrays After K Operations,Hard,24.8,https://leetcode.com/problems/count-non-decreasing-subarrays-after-k-operations
3421,Find Students Who Improved,Medium,49.7,https://leetcode.com/problems/find-students-who-improved
3422,Minimum Operations to Make Subarray Elements Equal,Medium,46.4,https://leetcode.com/problems/minimum-operations-to-make-subarray-elements-equal
3423,Maximum Difference Between Adjacent Elements in a Circular Array,Easy,75.6,https://leetcode.com/problems/maximum-difference-between-adjacent-elements-in-a-circular-array
3424,Minimum Cost to Make Arrays Identical,Medium,38.2,https://leetcode.com/problems/minimum-cost-to-make-arrays-identical
3425,Longest Special Path,Hard,23.1,https://leetcode.com/problems/longest-special-path
3426,Manhattan Distances of All Arrangements of Pieces,Hard,35.8,https://leetcode.com/problems/manhattan-distances-of-all-arrangements-of-pieces
3427,Sum of Variable Length Subarrays,Easy,85.1,https://leetcode.com/problems/sum-of-variable-length-subarrays
3428,Maximum and Minimum Sums of at Most Size K Subsequences,Medium,22,https://leetcode.com/problems/maximum-and-minimum-sums-of-at-most-size-k-subsequences
3429,Paint House IV,Medium,46,https://leetcode.com/problems/paint-house-iv
3430,Maximum and Minimum Sums of at Most Size K Subarrays,Hard,25.8,https://leetcode.com/problems/maximum-and-minimum-sums-of-at-most-size-k-subarrays
3431,Minimum Unlocked Indices to Sort Nums,Medium,57.5,https://leetcode.com/problems/minimum-unlocked-indices-to-sort-nums
3432,Count Partitions with Even Sum Difference,Easy,85.1,https://leetcode.com/problems/count-partitions-with-even-sum-difference
3433,Count Mentions Per User,Medium,50.6,https://leetcode.com/problems/count-mentions-per-user
3434,Maximum Frequency After Subarray Operation,Medium,31.4,https://leetcode.com/problems/maximum-frequency-after-subarray-operation
3435,Frequencies of Shortest Supersequences,Hard,22.2,https://leetcode.com/problems/frequencies-of-shortest-supersequences
3436,Find Valid Emails,Easy,43.4,https://leetcode.com/problems/find-valid-emails
3437,Permutations III,Medium,85.8,https://leetcode.com/problems/permutations-iii
3438,Find Valid Pair of Adjacent Digits in String,Easy,60.7,https://leetcode.com/problems/find-valid-pair-of-adjacent-digits-in-string
3439,Reschedule Meetings for Maximum Free Time I,Medium,53.9,https://leetcode.com/problems/reschedule-meetings-for-maximum-free-time-i
3440,Reschedule Meetings for Maximum Free Time II,Medium,60.1,https://leetcode.com/problems/reschedule-meetings-for-maximum-free-time-ii
3441,Minimum Cost Good Caption,Hard,20.7,https://leetcode.com/problems/minimum-cost-good-caption
3442,Maximum Difference Between Even and Odd Frequency I,Easy,60.6,https://leetcode.com/problems/maximum-difference-between-even-and-odd-frequency-i
3443,Maximum Manhattan Distance After K Changes,Medium,54,https://leetcode.com/problems/maximum-manhattan-distance-after-k-changes
3444,Minimum Increments for Target Multiples in an Array,Hard,27.7,https://leetcode.com/problems/minimum-increments-for-target-multiples-in-an-array
3445,Maximum Difference Between Even and Odd Frequency II,Hard,48.4,https://leetcode.com/problems/maximum-difference-between-even-and-odd-frequency-ii
3446,Sort Matrix by Diagonals,Medium,84.7,https://leetcode.com/problems/sort-matrix-by-diagonals
3447,Assign Elements to Groups with Constraints,Medium,27.1,https://leetcode.com/problems/assign-elements-to-groups-with-constraints
3448,Count Substrings Divisible By Last Digit,Hard,23.4,https://leetcode.com/problems/count-substrings-divisible-by-last-digit
3449,Maximize the Minimum Game Score,Hard,26,https://leetcode.com/problems/maximize-the-minimum-game-score
3450,Maximum Students on a Single Bench,Easy,88,https://leetcode.com/problems/maximum-students-on-a-single-bench
3451,Find Invalid IP Addresses,Hard,47.5,https://leetcode.com/problems/find-invalid-ip-addresses
3452,Sum of Good Numbers,Easy,69.3,https://leetcode.com/problems/sum-of-good-numbers
3453,Separate Squares I,Medium,57.8,https://leetcode.com/problems/separate-squares-i
3454,Separate Squares II,Hard,58.8,https://leetcode.com/problems/separate-squares-ii
3455,Shortest Matching Substring,Hard,24.3,https://leetcode.com/problems/shortest-matching-substring
3456,Find Special Substring of Length K,Easy,35.1,https://leetcode.com/problems/find-special-substring-of-length-k
3457,Eat Pizzas!,Medium,34,https://leetcode.com/problems/eat-pizzas
3458,Select K Disjoint Special Substrings,Medium,19.6,https://leetcode.com/problems/select-k-disjoint-special-substrings
3459,Length of Longest V-Shaped Diagonal Segment,Hard,55.9,https://leetcode.com/problems/length-of-longest-v-shaped-diagonal-segment
3460,Longest Common Prefix After at Most One Removal,Medium,68.4,https://leetcode.com/problems/longest-common-prefix-after-at-most-one-removal
3461,Check If Digits Are Equal in String After Operations I,Easy,82.3,https://leetcode.com/problems/check-if-digits-are-equal-in-string-after-operations-i
3462,Maximum Sum With at Most K Elements,Medium,60.5,https://leetcode.com/problems/maximum-sum-with-at-most-k-elements
3463,Check If Digits Are Equal in String After Operations II,Hard,14.5,https://leetcode.com/problems/check-if-digits-are-equal-in-string-after-operations-ii
3464,Maximize the Distance Between Points on a Square,Hard,50.9,https://leetcode.com/problems/maximize-the-distance-between-points-on-a-square
3465,Find Products with Valid Serial Numbers,Easy,28.7,https://leetcode.com/problems/find-products-with-valid-serial-numbers
3466,Maximum Coin Collection,Medium,53,https://leetcode.com/problems/maximum-coin-collection
3467,Transform Array by Parity,Easy,89.3,https://leetcode.com/problems/transform-array-by-parity
3468,Find the Number of Copy Arrays,Medium,46.7,https://leetcode.com/problems/find-the-number-of-copy-arrays
3469,Find Minimum Cost to Remove Array Elements,Medium,22.3,https://leetcode.com/problems/find-minimum-cost-to-remove-array-elements
3470,Permutations IV,Hard,34.7,https://leetcode.com/problems/permutations-iv
3471,Find the Largest Almost Missing Integer,Easy,49.3,https://leetcode.com/problems/find-the-largest-almost-missing-integer
3472,Longest Palindromic Subsequence After at Most K Operations,Medium,37.8,https://leetcode.com/problems/longest-palindromic-subsequence-after-at-most-k-operations
3473,Sum of K Subarrays With Length at Least M,Medium,26.2,https://leetcode.com/problems/sum-of-k-subarrays-with-length-at-least-m
3474,Lexicographically Smallest Generated String,Hard,53.4,https://leetcode.com/problems/lexicographically-smallest-generated-string
3475,DNA Pattern Recognition,Medium,85.2,https://leetcode.com/problems/dna-pattern-recognition
3476,Maximize Profit from Task Assignment,Medium,65.4,https://leetcode.com/problems/maximize-profit-from-task-assignment
3477,Fruits Into Baskets II,Easy,70.2,https://leetcode.com/problems/fruits-into-baskets-ii
3478,Choose K Elements With Maximum Sum,Medium,34.2,https://leetcode.com/problems/choose-k-elements-with-maximum-sum
3479,Fruits Into Baskets III,Medium,39.4,https://leetcode.com/problems/fruits-into-baskets-iii
3480,Maximize Subarrays After Removing One Conflicting Pair,Hard,64.1,https://leetcode.com/problems/maximize-subarrays-after-removing-one-conflicting-pair
3481,Apply Substitutions,Medium,78,https://leetcode.com/problems/apply-substitutions
3482,Analyze Organization Hierarchy,Hard,62.4,https://leetcode.com/problems/analyze-organization-hierarchy
3483,Unique 3-Digit Even Numbers,Easy,70.5,https://leetcode.com/problems/unique-3-digit-even-numbers
3484,Design Spreadsheet,Medium,73.5,https://leetcode.com/problems/design-spreadsheet
3485,Longest Common Prefix of K Strings After Removal,Hard,24.1,https://leetcode.com/problems/longest-common-prefix-of-k-strings-after-removal
3486,Longest Special Path II,Hard,19.5,https://leetcode.com/problems/longest-special-path-ii
3487,Maximum Unique Subarray Sum After Deletion,Easy,40.6,https://leetcode.com/problems/maximum-unique-subarray-sum-after-deletion
3488,Closest Equal Element Queries,Medium,51.4,https://leetcode.com/problems/closest-equal-element-queries
3489,Zero Array Transformation IV,Medium,31.2,https://leetcode.com/problems/zero-array-transformation-iv
3490,Count Beautiful Numbers,Hard,24.4,https://leetcode.com/problems/count-beautiful-numbers
3491,Phone Number Prefix,Easy,69.7,https://leetcode.com/problems/phone-number-prefix
3492,Maximum Containers on a Ship,Easy,74.9,https://leetcode.com/problems/maximum-containers-on-a-ship
3493,Properties Graph,Medium,48.7,https://leetcode.com/problems/properties-graph
3494,Find the Minimum Amount of Time to Brew Potions,Medium,62.4,https://leetcode.com/problems/find-the-minimum-amount-of-time-to-brew-potions
3495,Minimum Operations to Make Array Elements Zero,Hard,60.1,https://leetcode.com/problems/minimum-operations-to-make-array-elements-zero
3496,Maximize Score After Pair Deletions,Medium,52.5,https://leetcode.com/problems/maximize-score-after-pair-deletions
3497,Analyze Subscription Conversion,Medium,72.6,https://leetcode.com/problems/analyze-subscription-conversion
3498,Reverse Degree of a String,Easy,89,https://leetcode.com/problems/reverse-degree-of-a-string
3499,Maximize Active Section with Trade I,Medium,61,https://leetcode.com/problems/maximize-active-section-with-trade-i
3500,Minimum Cost to Divide Array Into Subarrays,Hard,27.7,https://leetcode.com/problems/minimum-cost-to-divide-array-into-subarrays
3501,Maximize Active Section with Trade II,Hard,64.6,https://leetcode.com/problems/maximize-active-section-with-trade-ii
3502,Minimum Cost to Reach Every Position,Easy,82.6,https://leetcode.com/problems/minimum-cost-to-reach-every-position
3503,Longest Palindrome After Substring Concatenation I,Medium,43.6,https://leetcode.com/problems/longest-palindrome-after-substring-concatenation-i
3504,Longest Palindrome After Substring Concatenation II,Hard,18.1,https://leetcode.com/problems/longest-palindrome-after-substring-concatenation-ii
3505,Minimum Operations to Make Elements Within K Subarrays Equal,Hard,27.9,https://leetcode.com/problems/minimum-operations-to-make-elements-within-k-subarrays-equal
3506,Find Time Required to Eliminate Bacterial Strains,Hard,62.9,https://leetcode.com/problems/find-time-required-to-eliminate-bacterial-strains
3507,Minimum Pair Removal to Sort Array I,Easy,65.1,https://leetcode.com/problems/minimum-pair-removal-to-sort-array-i
3508,Implement Router,Medium,38.9,https://leetcode.com/problems/implement-router
3509,Maximum Product of Subsequences With an Alternating Sum Equal to K,Hard,13.8,https://leetcode.com/problems/maximum-product-of-subsequences-with-an-alternating-sum-equal-to-k
3510,Minimum Pair Removal to Sort Array II,Hard,38.8,https://leetcode.com/problems/minimum-pair-removal-to-sort-array-ii
3511,Make a Positive Array,Medium,36.7,https://leetcode.com/problems/make-a-positive-array
3512,Minimum Operations to Make Array Sum Divisible by K,Easy,91.9,https://leetcode.com/problems/minimum-operations-to-make-array-sum-divisible-by-k
3513,Number of Unique XOR Triplets I,Medium,57.5,https://leetcode.com/problems/number-of-unique-xor-triplets-i
3514,Number of Unique XOR Triplets II,Medium,52.7,https://leetcode.com/problems/number-of-unique-xor-triplets-ii
3515,Shortest Path in a Weighted Tree,Hard,41.6,https://leetcode.com/problems/shortest-path-in-a-weighted-tree
3516,Find Closest Person,Easy,88.7,https://leetcode.com/problems/find-closest-person
3517,Smallest Palindromic Rearrangement I,Medium,74.6,https://leetcode.com/problems/smallest-palindromic-rearrangement-i
3518,Smallest Palindromic Rearrangement II,Hard,43.9,https://leetcode.com/problems/smallest-palindromic-rearrangement-ii
3519,Count Numbers with Non-Decreasing Digits,Hard,39.2,https://leetcode.com/problems/count-numbers-with-non-decreasing-digits
3520,Minimum Threshold for Inversion Pairs Count,Medium,54.8,https://leetcode.com/problems/minimum-threshold-for-inversion-pairs-count
3521,Find Product Recommendation Pairs,Medium,62.6,https://leetcode.com/problems/find-product-recommendation-pairs
3522,Calculate Score After Performing Instructions,Medium,56.9,https://leetcode.com/problems/calculate-score-after-performing-instructions
3523,Make Array Non-decreasing,Medium,57.2,https://leetcode.com/problems/make-array-non-decreasing
3524,Find X Value of Array I,Medium,37.1,https://leetcode.com/problems/find-x-value-of-array-i
3525,Find X Value of Array II,Hard,30,https://leetcode.com/problems/find-x-value-of-array-ii
3526,Range XOR Queries with Subarray Reversals,Hard,62.6,https://leetcode.com/problems/range-xor-queries-with-subarray-reversals
3527,Find the Most Common Response,Medium,73.9,https://leetcode.com/problems/find-the-most-common-response
3528,Unit Conversion I,Medium,53.1,https://leetcode.com/problems/unit-conversion-i
3529,Count Cells in Overlapping Horizontal and Vertical Substrings,Medium,27.4,https://leetcode.com/problems/count-cells-in-overlapping-horizontal-and-vertical-substrings
3530,Maximum Profit from Valid Topological Order in DAG,Hard,29.7,https://leetcode.com/problems/maximum-profit-from-valid-topological-order-in-dag
3531,Count Covered Buildings,Medium,58.7,https://leetcode.com/problems/count-covered-buildings
3532,Path Existence Queries in a Graph I,Medium,70.2,https://leetcode.com/problems/path-existence-queries-in-a-graph-i
3533,Concatenated Divisibility,Hard,30.8,https://leetcode.com/problems/concatenated-divisibility
3534,Path Existence Queries in a Graph II,Hard,63.7,https://leetcode.com/problems/path-existence-queries-in-a-graph-ii
3535,Unit Conversion II,Medium,64.9,https://leetcode.com/problems/unit-conversion-ii
3536,Maximum Product of Two Digits,Easy,75.7,https://leetcode.com/problems/maximum-product-of-two-digits
3537,Fill a Special Grid,Medium,71,https://leetcode.com/problems/fill-a-special-grid
3538,Merge Operations for Minimum Travel Time,Hard,31.9,https://leetcode.com/problems/merge-operations-for-minimum-travel-time
3539,Find Sum of Array Product of Magical Sequences,Hard,61.4,https://leetcode.com/problems/find-sum-of-array-product-of-magical-sequences
3540,Minimum Time to Visit All Houses,Medium,68.9,https://leetcode.com/problems/minimum-time-to-visit-all-houses
3541,Find Most Frequent Vowel and Consonant,Easy,89,https://leetcode.com/problems/find-most-frequent-vowel-and-consonant
3542,Minimum Operations to Convert All Elements to Zero,Medium,53.1,https://leetcode.com/problems/minimum-operations-to-convert-all-elements-to-zero
3543,Maximum Weighted K-Edge Path,Medium,20.4,https://leetcode.com/problems/maximum-weighted-k-edge-path
3544,Subtree Inversion Sum,Hard,41.7,https://leetcode.com/problems/subtree-inversion-sum
3545,Minimum Deletions for At Most K Distinct Characters,Easy,73.3,https://leetcode.com/problems/minimum-deletions-for-at-most-k-distinct-characters
3546,Equal Sum Grid Partition I,Medium,52.8,https://leetcode.com/problems/equal-sum-grid-partition-i
3547,Maximum Sum of Edge Values in a Graph,Hard,37.5,https://leetcode.com/problems/maximum-sum-of-edge-values-in-a-graph
3548,Equal Sum Grid Partition II,Hard,39.5,https://leetcode.com/problems/equal-sum-grid-partition-ii
3549,Multiply Two Polynomials,Hard,58.7,https://leetcode.com/problems/multiply-two-polynomials
3550,Smallest Index With Digit Sum Equal to Index,Easy,80.5,https://leetcode.com/problems/smallest-index-with-digit-sum-equal-to-index
3551,Minimum Swaps to Sort by Digit Sum,Medium,50.1,https://leetcode.com/problems/minimum-swaps-to-sort-by-digit-sum
3552,Grid Teleportation Traversal,Medium,23.9,https://leetcode.com/problems/grid-teleportation-traversal
3553,Minimum Weighted Subgraph With the Required Paths II,Hard,47.8,https://leetcode.com/problems/minimum-weighted-subgraph-with-the-required-paths-ii
3554,Find Category Recommendation Pairs,Hard,64.4,https://leetcode.com/problems/find-category-recommendation-pairs
3555,Smallest Subarray to Sort in Every Sliding Window,Medium,58.9,https://leetcode.com/problems/smallest-subarray-to-sort-in-every-sliding-window
3556,Sum of Largest Prime Substrings,Medium,38.3,https://leetcode.com/problems/sum-of-largest-prime-substrings
3557,Find Maximum Number of Non Intersecting Substrings,Medium,30.9,https://leetcode.com/problems/find-maximum-number-of-non-intersecting-substrings
3558,Number of Ways to Assign Edge Weights I,Medium,63.7,https://leetcode.com/problems/number-of-ways-to-assign-edge-weights-i
3559,Number of Ways to Assign Edge Weights II,Hard,71.9,https://leetcode.com/problems/number-of-ways-to-assign-edge-weights-ii
3560,Find Minimum Log Transportation Cost,Easy,42.4,https://leetcode.com/problems/find-minimum-log-transportation-cost
3561,Resulting String After Adjacent Removals,Medium,57.2,https://leetcode.com/problems/resulting-string-after-adjacent-removals
3562,Maximum Profit from Trading Stocks with Discounts,Hard,56,https://leetcode.com/problems/maximum-profit-from-trading-stocks-with-discounts
3563,Lexicographically Smallest String After Adjacent Removals,Hard,18.1,https://leetcode.com/problems/lexicographically-smallest-string-after-adjacent-removals
3564,Seasonal Sales Analysis,Medium,63.3,https://leetcode.com/problems/seasonal-sales-analysis
3565,Sequential Grid Path Cover,Medium,60.3,https://leetcode.com/problems/sequential-grid-path-cover
3566,Partition Array into Two Equal Product Subsets,Medium,35.1,https://leetcode.com/problems/partition-array-into-two-equal-product-subsets
3567,Minimum Absolute Difference in Sliding Submatrix,Medium,78.3,https://leetcode.com/problems/minimum-absolute-difference-in-sliding-submatrix
3568,Minimum Moves to Clean the Classroom,Medium,58.7,https://leetcode.com/problems/minimum-moves-to-clean-the-classroom
3569,Maximize Count of Distinct Primes After Split,Hard,18.8,https://leetcode.com/problems/maximize-count-of-distinct-primes-after-split
3570,Find Books with No Available Copies,Easy,54.9,https://leetcode.com/problems/find-books-with-no-available-copies
3571,Find the Shortest Superstring II,Easy,48.5,https://leetcode.com/problems/find-the-shortest-superstring-ii
3572,Maximize Y??um by Picking a Triplet of Distinct X??alues,Medium,62.8,https://leetcode.com/problems/maximize-ysum-by-picking-a-triplet-of-distinct-xvalues
3573,Best Time to Buy and Sell Stock V,Medium,60.2,https://leetcode.com/problems/best-time-to-buy-and-sell-stock-v
3574,Maximize Subarray GCD Score,Hard,25,https://leetcode.com/problems/maximize-subarray-gcd-score
3575,Maximum Good Subtree Score,Hard,44.1,https://leetcode.com/problems/maximum-good-subtree-score
3576,Transform Array to All Equal Elements,Medium,33.4,https://leetcode.com/problems/transform-array-to-all-equal-elements
3577,Count the Number of Computer Unlocking Permutations,Medium,58.7,https://leetcode.com/problems/count-the-number-of-computer-unlocking-permutations
3578,Count Partitions With Max-Min Difference at Most K,Medium,57.9,https://leetcode.com/problems/count-partitions-with-max-min-difference-at-most-k
3579,Minimum Steps to Convert String with Operations,Hard,42.1,https://leetcode.com/problems/minimum-steps-to-convert-string-with-operations
3580,Find Consistently Improving Employees,Medium,57.6,https://leetcode.com/problems/find-consistently-improving-employees
3581,Count Odd Letters from Number,Easy,84.9,https://leetcode.com/problems/count-odd-letters-from-number
3582,Generate Tag for Video Caption,Easy,32.7,https://leetcode.com/problems/generate-tag-for-video-caption
3583,Count Special Triplets,Medium,47.1,https://leetcode.com/problems/count-special-triplets
3584,Maximum Product of First and Last Elements of a Subsequence,Medium,31.7,https://leetcode.com/problems/maximum-product-of-first-and-last-elements-of-a-subsequence
3585,Find Weighted Median Node in Tree,Hard,26.6,https://leetcode.com/problems/find-weighted-median-node-in-tree
3586,Find COVID Recovery Patients,Medium,43.8,https://leetcode.com/problems/find-covid-recovery-patients
3587,Minimum Adjacent Swaps to Alternate Parity,Medium,42.7,https://leetcode.com/problems/minimum-adjacent-swaps-to-alternate-parity
3588,Find Maximum Area of a Triangle,Medium,29.5,https://leetcode.com/problems/find-maximum-area-of-a-triangle
3589,Count Prime-Gap Balanced Subarrays,Medium,24.3,https://leetcode.com/problems/count-prime-gap-balanced-subarrays
3590,Kth Smallest Path XOR Sum,Hard,29.2,https://leetcode.com/problems/kth-smallest-path-xor-sum
3591,Check if Any Element Has Prime Frequency,Easy,62.3,https://leetcode.com/problems/check-if-any-element-has-prime-frequency
3592,Inverse Coin Change,Medium,52.1,https://leetcode.com/problems/inverse-coin-change
3593,Minimum Increments to Equalize Leaf Paths,Medium,41,https://leetcode.com/problems/minimum-increments-to-equalize-leaf-paths
3594,Minimum Time to Transport All Individuals,Hard,28.2,https://leetcode.com/problems/minimum-time-to-transport-all-individuals
3595,Once Twice,Medium,76.3,https://leetcode.com/problems/once-twice
3596,Minimum Cost Path with Alternating Directions I,Medium,71.2,https://leetcode.com/problems/minimum-cost-path-with-alternating-directions-i
3597,Partition String,Medium,59,https://leetcode.com/problems/partition-string
3598,Longest Common Prefix Between Adjacent Strings After Removals,Medium,32.4,https://leetcode.com/problems/longest-common-prefix-between-adjacent-strings-after-removals
3599,Partition Array to Minimize XOR,Medium,41.9,https://leetcode.com/problems/partition-array-to-minimize-xor
3600,Maximize Spanning Tree Stability with Upgrades,Hard,65.8,https://leetcode.com/problems/maximize-spanning-tree-stability-with-upgrades
3601,Find Drivers with Improved Fuel Efficiency,Medium,48,https://leetcode.com/problems/find-drivers-with-improved-fuel-efficiency
3602,Hexadecimal and Hexatrigesimal Conversion,Easy,81.1,https://leetcode.com/problems/hexadecimal-and-hexatrigesimal-conversion
3603,Minimum Cost Path with Alternating Directions II,Medium,44.7,https://leetcode.com/problems/minimum-cost-path-with-alternating-directions-ii
3604,Minimum Time to Reach Destination in Directed Graph,Medium,45.7,https://leetcode.com/problems/minimum-time-to-reach-destination-in-directed-graph
3605,Minimum Stability Factor of Array,Hard,21.2,https://leetcode.com/problems/minimum-stability-factor-of-array
3606,Coupon Code Validator,Easy,64.4,https://leetcode.com/problems/coupon-code-validator
3607,Power Grid Maintenance,Medium,55.9,https://leetcode.com/problems/power-grid-maintenance
3608,Minimum Time for K Connected Components,Medium,45.2,https://leetcode.com/problems/minimum-time-for-k-connected-components
3609,Minimum Moves to Reach Target in Grid,Hard,15.5,https://leetcode.com/problems/minimum-moves-to-reach-target-in-grid
3610,Minimum Number of Primes to Sum to Target,Medium,60,https://leetcode.com/problems/minimum-number-of-primes-to-sum-to-target
3611,Find Overbooked Employees,Medium,44.1,https://leetcode.com/problems/find-overbooked-employees
3612,Process String with Special Operations I,Medium,71.5,https://leetcode.com/problems/process-string-with-special-operations-i
3613,Minimize Maximum Component Cost,Medium,43.4,https://leetcode.com/problems/minimize-maximum-component-cost
3614,Process String with Special Operations II,Hard,39.8,https://leetcode.com/problems/process-string-with-special-operations-ii
3615,Longest Palindromic Path in Graph,Hard,22.5,https://leetcode.com/problems/longest-palindromic-path-in-graph
3616,Number of Student Replacements,Medium,85.5,https://leetcode.com/problems/number-of-student-replacements
3617,Find Students with Study Spiral Pattern,Hard,24.2,https://leetcode.com/problems/find-students-with-study-spiral-pattern
3618,Split Array by Prime Indices,Medium,49.3,https://leetcode.com/problems/split-array-by-prime-indices
3619,Count Islands With Total Value Divisible by K,Medium,55.5,https://leetcode.com/problems/count-islands-with-total-value-divisible-by-k
3620,Network Recovery Pathways,Hard,50.5,https://leetcode.com/problems/network-recovery-pathways
3621,Number of Integers With Popcount-Depth Equal to K I,Hard,22.6,https://leetcode.com/problems/number-of-integers-with-popcount-depth-equal-to-k-i
3622,Check Divisibility by Digit Sum and Product,Easy,74.6,https://leetcode.com/problems/check-divisibility-by-digit-sum-and-product
3623,Count Number of Trapezoids I,Medium,48.1,https://leetcode.com/problems/count-number-of-trapezoids-i
3624,Number of Integers With Popcount-Depth Equal to K II,Hard,58.5,https://leetcode.com/problems/number-of-integers-with-popcount-depth-equal-to-k-ii
3625,Count Number of Trapezoids II,Hard,39.7,https://leetcode.com/problems/count-number-of-trapezoids-ii
3626,Find Stores with Inventory Imbalance,Medium,50.1,https://leetcode.com/problems/find-stores-with-inventory-imbalance
3627,Maximum Median Sum of Subsequences of Size 3,Medium,64.7,https://leetcode.com/problems/maximum-median-sum-of-subsequences-of-size-3
3628,Maximum Number of Subsequences After One Inserting,Medium,32.3,https://leetcode.com/problems/maximum-number-of-subsequences-after-one-inserting
3629,Minimum Jumps to Reach End via Prime Teleportation,Medium,44.5,https://leetcode.com/problems/minimum-jumps-to-reach-end-via-prime-teleportation
3630,Partition Array for Maximum XOR and AND,Hard,17.8,https://leetcode.com/problems/partition-array-for-maximum-xor-and-and
3631,Sort Threats by Severity and Exploitability,Medium,63.3,https://leetcode.com/problems/sort-threats-by-severity-and-exploitability
3632,Subarrays with XOR at Least K,Hard,45.4,https://leetcode.com/problems/subarrays-with-xor-at-least-k
3633,Earliest Finish Time for Land and Water Rides I,Easy,73,https://leetcode.com/problems/earliest-finish-time-for-land-and-water-rides-i
3634,Minimum Removals to Balance Array,Medium,47.8,https://leetcode.com/problems/minimum-removals-to-balance-array
3635,Earliest Finish Time for Land and Water Rides II,Medium,64.1,https://leetcode.com/problems/earliest-finish-time-for-land-and-water-rides-ii
3636,Threshold Majority Queries,Hard,22.2,https://leetcode.com/problems/threshold-majority-queries
3637,Trionic Array I,Easy,49.4,https://leetcode.com/problems/trionic-array-i
3638,Maximum Balanced Shipments,Medium,61.1,https://leetcode.com/problems/maximum-balanced-shipments
3639,Minimum Time to Activate String,Medium,49.3,https://leetcode.com/problems/minimum-time-to-activate-string
3640,Trionic Array II,Hard,47.1,https://leetcode.com/problems/trionic-array-ii
3641,Longest Semi-Repeating Subarray,Medium,63.6,https://leetcode.com/problems/longest-semi-repeating-subarray
3642,Find Books with Polarized Opinions,Medium,44.3,https://leetcode.com/problems/find-books-with-polarized-opinions
3643,Flip Square Submatrix Vertically,Easy,79.2,https://leetcode.com/problems/flip-square-submatrix-vertically
3644,Maximum K to Sort a Permutation,Medium,37.4,https://leetcode.com/problems/maximum-k-to-sort-a-permutation
3645,Maximum Total from Optimal Activation Order,Medium,33.7,https://leetcode.com/problems/maximum-total-from-optimal-activation-order
3646,Next Special Palindrome Number,Hard,28,https://leetcode.com/problems/next-special-palindrome-number
3647,Maximum Weight in Two Bags,Medium,57.8,https://leetcode.com/problems/maximum-weight-in-two-bags
3648,Minimum Sensors to Cover Grid,Medium,68.5,https://leetcode.com/problems/minimum-sensors-to-cover-grid
3649,Number of Perfect Pairs,Medium,34.3,https://leetcode.com/problems/number-of-perfect-pairs
3650,Minimum Cost Path with Edge Reversals,Medium,61.5,https://leetcode.com/problems/minimum-cost-path-with-edge-reversals
3651,Minimum Cost Path with Teleportations,Hard,45,https://leetcode.com/problems/minimum-cost-path-with-teleportations
3652,Best Time to Buy and Sell Stock using Strategy,Medium,59.7,https://leetcode.com/problems/best-time-to-buy-and-sell-stock-using-strategy
3653,XOR After Range Multiplication Queries I,Medium,73.3,https://leetcode.com/problems/xor-after-range-multiplication-queries-i
3654,Minimum Sum After Divisible Sum Deletions,Medium,45.8,https://leetcode.com/problems/minimum-sum-after-divisible-sum-deletions
3655,XOR After Range Multiplication Queries II,Hard,47.6,https://leetcode.com/problems/xor-after-range-multiplication-queries-ii
3656,Determine if a Simple Graph Exists,Medium,47.3,https://leetcode.com/problems/determine-if-a-simple-graph-exists
3657,Find Loyal Customers,Medium,61.9,https://leetcode.com/problems/find-loyal-customers
3658,GCD of Odd and Even Sums,Easy,89.8,https://leetcode.com/problems/gcd-of-odd-and-even-sums
3659,Partition Array Into K-Distinct Groups,Medium,47.3,https://leetcode.com/problems/partition-array-into-k-distinct-groups
3660,Jump Game IX,Medium,46.4,https://leetcode.com/problems/jump-game-ix
3661,Maximum Walls Destroyed by Robots,Hard,47.9,https://leetcode.com/problems/maximum-walls-destroyed-by-robots
3662,Filter Characters by Frequency,Easy,86.5,https://leetcode.com/problems/filter-characters-by-frequency
3663,Find The Least Frequent Digit,Easy,68.9,https://leetcode.com/problems/find-the-least-frequent-digit
3664,Two-Letter Card Game,Medium,13.2,https://leetcode.com/problems/two-letter-card-game
3665,Twisted Mirror Path Count,Medium,47.6,https://leetcode.com/problems/twisted-mirror-path-count
3666,Minimum Operations to Equalize Binary String,Hard,45.1,https://leetcode.com/problems/minimum-operations-to-equalize-binary-string
3667,Sort Array By Absolute Value,Easy,86.8,https://leetcode.com/problems/sort-array-by-absolute-value
3668,Restore Finishing Order,Easy,91.4,https://leetcode.com/problems/restore-finishing-order
3669,Balanced K-Factor Decomposition,Medium,40.1,https://leetcode.com/problems/balanced-k-factor-decomposition
3670,Maximum Product of Two Integers With No Common Bits,Medium,15.3,https://leetcode.com/problems/maximum-product-of-two-integers-with-no-common-bits
3671,Sum of Beautiful Subsequences,Hard,31.1,https://leetcode.com/problems/sum-of-beautiful-subsequences
3672,Sum of Weighted Modes in Subarrays,Medium,53.8,https://leetcode.com/problems/sum-of-weighted-modes-in-subarrays
3673,Find Zombie Sessions,Hard,49.8,https://leetcode.com/problems/find-zombie-sessions
3674,Minimum Operations to Equalize Array,Easy,61,https://leetcode.com/problems/minimum-operations-to-equalize-array
3675,Minimum Operations to Transform String,Medium,62.1,https://leetcode.com/problems/minimum-operations-to-transform-string
3676,Count Bowl Subarrays,Medium,48.8,https://leetcode.com/problems/count-bowl-subarrays
3677,Count Binary Palindromic Numbers,Hard,33.2,https://leetcode.com/problems/count-binary-palindromic-numbers
3678,Smallest Absent Positive Greater Than Average,Easy,34.6,https://leetcode.com/problems/smallest-absent-positive-greater-than-average
3679,Minimum Discards to Balance Inventory,Medium,35.3,https://leetcode.com/problems/minimum-discards-to-balance-inventory
3680,Generate Schedule,Medium,25.2,https://leetcode.com/problems/generate-schedule
3681,Maximum XOR of Subsequences,Hard,49.5,https://leetcode.com/problems/maximum-xor-of-subsequences
3682,Minimum Index Sum of Common Elements,Medium,77.2,https://leetcode.com/problems/minimum-index-sum-of-common-elements
3683,Earliest Time to Finish One Task,Easy,84.6,https://leetcode.com/problems/earliest-time-to-finish-one-task
3684,Maximize Sum of At Most K Distinct Elements,Easy,76.7,https://leetcode.com/problems/maximize-sum-of-at-most-k-distinct-elements
3685,Subsequence Sum After Capping Elements,Medium,25.4,https://leetcode.com/problems/subsequence-sum-after-capping-elements
3686,Number of Stable Subsequences,Hard,60.2,https://leetcode.com/problems/number-of-stable-subsequences
3687,Library Late Fee Calculator,Easy,94.7,https://leetcode.com/problems/library-late-fee-calculator
3688,Bitwise OR of Even Numbers in an Array,Easy,84.8,https://leetcode.com/problems/bitwise-or-of-even-numbers-in-an-array
3689,Maximum Total Subarray Value I,Medium,72,https://leetcode.com/problems/maximum-total-subarray-value-i
3690,Split and Merge Array Transformation,Medium,58.3,https://leetcode.com/problems/split-and-merge-array-transformation
3691,Maximum Total Subarray Value II,Hard,41.8,https://leetcode.com/problems/maximum-total-subarray-value-ii
3692,Majority Frequency Characters,Easy,66.3,https://leetcode.com/problems/majority-frequency-characters
3693,Climbing Stairs II,Medium,64.8,https://leetcode.com/problems/climbing-stairs-ii
3694,Distinct Points Reachable After Substring Removal,Medium,53.4,https://leetcode.com/problems/distinct-points-reachable-after-substring-removal
3695,Maximize Alternating Sum Using Swaps,Hard,62.7,https://leetcode.com/problems/maximize-alternating-sum-using-swaps
3696,Maximum Distance Between Unequal Words in Array I,Easy,81.6,https://leetcode.com/problems/maximum-distance-between-unequal-words-in-array-i
3697,Compute Decimal Representation,Easy,65,https://leetcode.com/problems/compute-decimal-representation
3698,Split Array With Minimum Difference,Medium,33.6,https://leetcode.com/problems/split-array-with-minimum-difference
3699,Number of ZigZag Arrays I,Hard,50.3,https://leetcode.com/problems/number-of-zigzag-arrays-i
3700,Number of ZigZag Arrays II,Hard,67.2,https://leetcode.com/problems/number-of-zigzag-arrays-ii
3701,Compute Alternating Sum,Easy,90.3,https://leetcode.com/problems/compute-alternating-sum
3702,Longest Subsequence With Non-Zero Bitwise XOR,Medium,55.5,https://leetcode.com/problems/longest-subsequence-with-non-zero-bitwise-xor
3703,Remove K-Balanced Substrings,Medium,33.1,https://leetcode.com/problems/remove-k-balanced-substrings
3704,Count No-Zero Pairs That Sum to N,Hard,15.5,https://leetcode.com/problems/count-no-zero-pairs-that-sum-to-n
3705,Find Golden Hour Customers,Medium,34.4,https://leetcode.com/problems/find-golden-hour-customers
3706,Maximum Distance Between Unequal Words in Array II,Medium,72,https://leetcode.com/problems/maximum-distance-between-unequal-words-in-array-ii
3707,Equal Score Substrings,Easy,57,https://leetcode.com/problems/equal-score-substrings
3708,Longest Fibonacci Subarray,Medium,68.5,https://leetcode.com/problems/longest-fibonacci-subarray
3709,Design Exam Scores Tracker,Medium,43.8,https://leetcode.com/problems/design-exam-scores-tracker
3710,Maximum Partition Factor,Hard,31.5,https://leetcode.com/problems/maximum-partition-factor
3711,Maximum Transactions Without Negative Balance,Medium,46.3,https://leetcode.com/problems/maximum-transactions-without-negative-balance
3712,Sum of Elements With Frequency Divisible by K,Easy,77.7,https://leetcode.com/problems/sum-of-elements-with-frequency-divisible-by-k
3713,Longest Balanced Substring I,Medium,69.7,https://leetcode.com/problems/longest-balanced-substring-i
3714,Longest Balanced Substring II,Medium,41.9,https://leetcode.com/problems/longest-balanced-substring-ii
3715,Sum of Perfect Square Ancestors,Hard,41.4,https://leetcode.com/problems/sum-of-perfect-square-ancestors
3716,Find Churn Risk Customers,Medium,46.7,https://leetcode.com/problems/find-churn-risk-customers
3717,Minimum Operations to Make the Array Beautiful,Medium,37.6,https://leetcode.com/problems/minimum-operations-to-make-the-array-beautiful
3718,Smallest Missing Multiple of K,Easy,71.5,https://leetcode.com/problems/smallest-missing-multiple-of-k
3719,Longest Balanced Subarray I,Medium,65.7,https://leetcode.com/problems/longest-balanced-subarray-i
3720,Lexicographically Smallest Permutation Greater Than Target,Medium,48.3,https://leetcode.com/problems/lexicographically-smallest-permutation-greater-than-target
3721,Longest Balanced Subarray II,Hard,33.8,https://leetcode.com/problems/longest-balanced-subarray-ii
3722,Lexicographically Smallest String After Reverse,Medium,55,https://leetcode.com/problems/lexicographically-smallest-string-after-reverse
3723,Maximize Sum of Squares of Digits,Medium,59.2,https://leetcode.com/problems/maximize-sum-of-squares-of-digits
3724,Minimum Operations to Transform Array,Medium,40.5,https://leetcode.com/problems/minimum-operations-to-transform-array
3725,Count Ways to Choose Coprime Integers from Rows,Hard,48.9,https://leetcode.com/problems/count-ways-to-choose-coprime-integers-from-rows
3726,Remove Zeros in Decimal Representation,Easy,76.7,https://leetcode.com/problems/remove-zeros-in-decimal-representation
3727,Maximum Alternating Sum of Squares,Medium,61.2,https://leetcode.com/problems/maximum-alternating-sum-of-squares
3728,Stable Subarrays With Equal Boundary and Interior Sum,Medium,26.4,https://leetcode.com/problems/stable-subarrays-with-equal-boundary-and-interior-sum
3729,Count Distinct Subarrays Divisible by K in Sorted Array,Hard,28.5,https://leetcode.com/problems/count-distinct-subarrays-divisible-by-k-in-sorted-array
3730,Maximum Calories Burnt from Jumps,Medium,72.2,https://leetcode.com/problems/maximum-calories-burnt-from-jumps
3731,Find Missing Elements,Easy,88.5,https://leetcode.com/problems/find-missing-elements
3732,Maximum Product of Three Elements After One Replacement,Medium,47.8,https://leetcode.com/problems/maximum-product-of-three-elements-after-one-replacement
3733,Minimum Time to Complete All Deliveries,Medium,35.9,https://leetcode.com/problems/minimum-time-to-complete-all-deliveries
3734,Lexicographically Smallest Palindromic Permutation Greater Than Target,Hard,55.8,https://leetcode.com/problems/lexicographically-smallest-palindromic-permutation-greater-than-target
3735,Lexicographically Smallest String After Reverse II,Hard,48.2,https://leetcode.com/problems/lexicographically-smallest-string-after-reverse-ii
3736,Minimum Moves to Equal Array Elements III,Easy,82.5,https://leetcode.com/problems/minimum-moves-to-equal-array-elements-iii
3737,Count Subarrays With Majority Element I,Medium,75.7,https://leetcode.com/problems/count-subarrays-with-majority-element-i
3738,Longest Non-Decreasing Subarray After Replacing at Most One Element,Medium,22.9,https://leetcode.com/problems/longest-non-decreasing-subarray-after-replacing-at-most-one-element
3739,Count Subarrays With Majority Element II,Hard,64.8,https://leetcode.com/problems/count-subarrays-with-majority-element-ii
3740,Minimum Distance Between Three Equal Elements I,Easy,73.1,https://leetcode.com/problems/minimum-distance-between-three-equal-elements-i
3741,Minimum Distance Between Three Equal Elements II,Medium,74.7,https://leetcode.com/problems/minimum-distance-between-three-equal-elements-ii
3742,Maximum Path Score in a Grid,Medium,53.5,https://leetcode.com/problems/maximum-path-score-in-a-grid
3743,Maximize Cyclic Partition Score,Hard,14.5,https://leetcode.com/problems/maximize-cyclic-partition-score
3744,Find Kth Character in Expanded String,Medium,56,https://leetcode.com/problems/find-kth-character-in-expanded-string
3745,Maximize Expression of Three Elements,Easy,73.1,https://leetcode.com/problems/maximize-expression-of-three-elements
3746,Minimum String Length After Balanced Removals,Medium,77.6,https://leetcode.com/problems/minimum-string-length-after-balanced-removals
3747,Count Distinct Integers After Removing Zeros,Medium,23.3,https://leetcode.com/problems/count-distinct-integers-after-removing-zeros
3748,Count Stable Subarrays,Hard,33.2,https://leetcode.com/problems/count-stable-subarrays
3749,Evaluate Valid Expressions,Hard,69.5,https://leetcode.com/problems/evaluate-valid-expressions
3750,Minimum Number of Flips to Reverse Binary String,Easy,77.1,https://leetcode.com/problems/minimum-number-of-flips-to-reverse-binary-string
3751,Total Waviness of Numbers in Range I,Medium,87.4,https://leetcode.com/problems/total-waviness-of-numbers-in-range-i
3752,Lexicographically Smallest Negated Permutation that Sums to Target,Medium,31,https://leetcode.com/problems/lexicographically-smallest-negated-permutation-that-sums-to-target
3753,Total Waviness of Numbers in Range II,Hard,56.6,https://leetcode.com/problems/total-waviness-of-numbers-in-range-ii
3754,Concatenate Non-Zero Digits and Multiply by Sum I,Easy,66.1,https://leetcode.com/problems/concatenate-non-zero-digits-and-multiply-by-sum-i
3755,Find Maximum Balanced XOR Subarray Length,Medium,50.6,https://leetcode.com/problems/find-maximum-balanced-xor-subarray-length
3756,Concatenate Non-Zero Digits and Multiply by Sum II,Medium,42.7,https://leetcode.com/problems/concatenate-non-zero-digits-and-multiply-by-sum-ii
3757,Number of Effective Subsequences,Hard,33.2,https://leetcode.com/problems/number-of-effective-subsequences
3758,Convert Number Words to Digits,Medium,67,https://leetcode.com/problems/convert-number-words-to-digits
3759,Count Elements With at Least K Greater Values,Medium,32,https://leetcode.com/problems/count-elements-with-at-least-k-greater-values
3760,Maximum Substrings With Distinct Start,Medium,91.4,https://leetcode.com/problems/maximum-substrings-with-distinct-start
3761,Minimum Absolute Distance Between Mirror Pairs,Medium,59,https://leetcode.com/problems/minimum-absolute-distance-between-mirror-pairs
3762,Minimum Operations to Equalize Subarrays,Hard,21.2,https://leetcode.com/problems/minimum-operations-to-equalize-subarrays
3763,Maximum Total Sum with Threshold Constraints,Medium,82.5,https://leetcode.com/problems/maximum-total-sum-with-threshold-constraints
3764,Most Common Course Pairs,Hard,51.7,https://leetcode.com/problems/most-common-course-pairs
3765,Complete Prime Number,Medium,36.5,https://leetcode.com/problems/complete-prime-number
3766,Minimum Operations to Make Binary Palindrome,Medium,52.4,https://leetcode.com/problems/minimum-operations-to-make-binary-palindrome
3767,Maximize Points After Choosing K Tasks,Medium,59.3,https://leetcode.com/problems/maximize-points-after-choosing-k-tasks
3768,Minimum Inversion Count in Subarrays of Fixed Length,Hard,43.1,https://leetcode.com/problems/minimum-inversion-count-in-subarrays-of-fixed-length
3769,Sort Integers by Binary Reflection,Easy,61.3,https://leetcode.com/problems/sort-integers-by-binary-reflection
3770,Largest Prime from Consecutive Prime Sum,Medium,39.4,https://leetcode.com/problems/largest-prime-from-consecutive-prime-sum
3771,Total Score of Dungeon Runs,Medium,31.4,https://leetcode.com/problems/total-score-of-dungeon-runs
3772,Maximum Subgraph Score in a Tree,Hard,65.4,https://leetcode.com/problems/maximum-subgraph-score-in-a-tree
3773,Maximum Number of Equal Length Runs,Medium,82.7,https://leetcode.com/problems/maximum-number-of-equal-length-runs
3774,Absolute Difference Between Maximum and Minimum K Elements,Easy,75.8,https://leetcode.com/problems/absolute-difference-between-maximum-and-minimum-k-elements
3775,Reverse Words With Same Vowel Count,Medium,67.1,https://leetcode.com/problems/reverse-words-with-same-vowel-count
3776,Minimum Moves to Balance Circular Array,Medium,40.7,https://leetcode.com/problems/minimum-moves-to-balance-circular-array
3777,Minimum Deletions to Make Alternating Substring,Hard,45.9,https://leetcode.com/problems/minimum-deletions-to-make-alternating-substring
3778,Minimum Distance Excluding One Maximum Weighted Edge,Medium,46.8,https://leetcode.com/problems/minimum-distance-excluding-one-maximum-weighted-edge
3779,Minimum Number of Operations to Have Distinct Elements,Medium,42.3,https://leetcode.com/problems/minimum-number-of-operations-to-have-distinct-elements
3780,Maximum Sum of Three Numbers Divisible by Three,Medium,47.6,https://leetcode.com/problems/maximum-sum-of-three-numbers-divisible-by-three
3781,Maximum Score After Binary Swaps,Medium,35,https://leetcode.com/problems/maximum-score-after-binary-swaps
3782,Last Remaining Integer After Alternating Deletion Operations,Hard,49.2,https://leetcode.com/problems/last-remaining-integer-after-alternating-deletion-operations
3783,Mirror Distance of an Integer,Easy,91.4,https://leetcode.com/problems/mirror-distance-of-an-integer
3784,Minimum Deletion Cost to Make All Characters Equal,Medium,54.9,https://leetcode.com/problems/minimum-deletion-cost-to-make-all-characters-equal
3785,Minimum Swaps to Avoid Forbidden Values,Hard,31.2,https://leetcode.com/problems/minimum-swaps-to-avoid-forbidden-values
3786,Total Sum of Interaction Cost in Tree Groups,Hard,54.7,https://leetcode.com/problems/total-sum-of-interaction-cost-in-tree-groups
3787,Find Diameter Endpoints of a Tree,Medium,65.5,https://leetcode.com/problems/find-diameter-endpoints-of-a-tree
3788,Maximum Score of a Split,Medium,51.7,https://leetcode.com/problems/maximum-score-of-a-split
3789,Minimum Cost to Acquire Required Items,Medium,35.3,https://leetcode.com/problems/minimum-cost-to-acquire-required-items
3790,Smallest All-Ones Multiple,Medium,47.1,https://leetcode.com/problems/smallest-all-ones-multiple
3791,Number of Balanced Integers in a Range,Hard,36.3,https://leetcode.com/problems/number-of-balanced-integers-in-a-range
3792,Sum of Increasing Product Blocks,Medium,67.6,https://leetcode.com/problems/sum-of-increasing-product-blocks
3793,Find Users with High Token Usage,Easy,57.1,https://leetcode.com/problems/find-users-with-high-token-usage
3794,Reverse String Prefix,Easy,89.5,https://leetcode.com/problems/reverse-string-prefix
3795,Minimum Subarray Length With Distinct Sum At Least K,Medium,32,https://leetcode.com/problems/minimum-subarray-length-with-distinct-sum-at-least-k
3796,Find Maximum Value in a Constrained Sequence,Medium,60.5,https://leetcode.com/problems/find-maximum-value-in-a-constrained-sequence
3797,Count Routes to Climb a Rectangular Grid,Hard,25.4,https://leetcode.com/problems/count-routes-to-climb-a-rectangular-grid
3798,Largest Even Number,Easy,68.5,https://leetcode.com/problems/largest-even-number
3799,Word Squares II,Medium,55.2,https://leetcode.com/problems/word-squares-ii
3800,Minimum Cost to Make Two Binary Strings Equal,Medium,38.7,https://leetcode.com/problems/minimum-cost-to-make-two-binary-strings-equal
3801,Minimum Cost to Merge Sorted Lists,Hard,33.3,https://leetcode.com/problems/minimum-cost-to-merge-sorted-lists
3802,Number of Ways to Paint Sheets,Hard,67.4,https://leetcode.com/problems/number-of-ways-to-paint-sheets
3803,Count Residue Prefixes,Easy,65.9,https://leetcode.com/problems/count-residue-prefixes
3804,Number of Centered Subarrays,Medium,67.5,https://leetcode.com/problems/number-of-centered-subarrays
3805,Count Caesar Cipher Pairs,Medium,51.6,https://leetcode.com/problems/count-caesar-cipher-pairs
3806,Maximum Bitwise AND After Increment Operations,Hard,32.5,https://leetcode.com/problems/maximum-bitwise-and-after-increment-operations
3807,Minimum Cost to Repair Edges to Traverse a Graph,Medium,54.8,https://leetcode.com/problems/minimum-cost-to-repair-edges-to-traverse-a-graph
3808,Find Emotionally Consistent Users,Medium,52.4,https://leetcode.com/problems/find-emotionally-consistent-users
3809,Best Reachable Tower,Medium,56.2,https://leetcode.com/problems/best-reachable-tower
3810,Minimum Operations to Reach Target Array,Medium,64.2,https://leetcode.com/problems/minimum-operations-to-reach-target-array
3811,Number of Alternating XOR Partitions,Medium,27.5,https://leetcode.com/problems/number-of-alternating-xor-partitions
3812,Minimum Edge Toggles on a Tree,Hard,65.7,https://leetcode.com/problems/minimum-edge-toggles-on-a-tree
3813,Vowel-Consonant Score,Easy,53.4,https://leetcode.com/problems/vowel-consonant-score
3814,Maximum Capacity Within Budget,Medium,20.7,https://leetcode.com/problems/maximum-capacity-within-budget
3815,Design Auction System,Medium,42,https://leetcode.com/problems/design-auction-system
3816,Lexicographically Smallest String After Deleting Duplicate Characters,Hard,21.4,https://leetcode.com/problems/lexicographically-smallest-string-after-deleting-duplicate-characters
3817,Good Indices in a Digit String,Medium,86,https://leetcode.com/problems/good-indices-in-a-digit-string
3818,Minimum Prefix Removal to Make Array Strictly Increasing,Medium,73.5,https://leetcode.com/problems/minimum-prefix-removal-to-make-array-strictly-increasing
3819,Rotate Non Negative Elements,Medium,48.2,https://leetcode.com/problems/rotate-non-negative-elements
3820,Pythagorean Distance Nodes in a Tree,Medium,58,https://leetcode.com/problems/pythagorean-distance-nodes-in-a-tree
3821,Find Nth Smallest Integer With K One Bits,Hard,35.5,https://leetcode.com/problems/find-nth-smallest-integer-with-k-one-bits
3822,Design Order Management System,Medium,79.4,https://leetcode.com/problems/design-order-management-system
3823,Reverse Letters Then Special Characters in a String,Easy,82.4,https://leetcode.com/problems/reverse-letters-then-special-characters-in-a-string
3824,Minimum K to Reduce Array Within Limit,Medium,41,https://leetcode.com/problems/minimum-k-to-reduce-array-within-limit
3825,Longest Strictly Increasing Subsequence With Non-Zero Bitwise AND,Medium,50.6,https://leetcode.com/problems/longest-strictly-increasing-subsequence-with-non-zero-bitwise-and
3826,Minimum Partition Score,Hard,32.6,https://leetcode.com/problems/minimum-partition-score
3827,Count Monobit Integers,Easy,66.8,https://leetcode.com/problems/count-monobit-integers
3828,Final Element After Subarray Deletions,Medium,41.3,https://leetcode.com/problems/final-element-after-subarray-deletions
3829,Design Ride Sharing System,Medium,62.7,https://leetcode.com/problems/design-ride-sharing-system
3830,Longest Alternating Subarray After Removing At Most One Element,Hard,31.7,https://leetcode.com/problems/longest-alternating-subarray-after-removing-at-most-one-element
3831,Median of a Binary Search Tree Level,Medium,86.5,https://leetcode.com/problems/median-of-a-binary-search-tree-level
3832,Find Users with Persistent Behavior Patterns,Hard,47.3,https://leetcode.com/problems/find-users-with-persistent-behavior-patterns
3833,Count Dominant Indices,Easy,66.3,https://leetcode.com/problems/count-dominant-indices
3834,Merge Adjacent Equal Elements,Medium,42.7,https://leetcode.com/problems/merge-adjacent-equal-elements
3835,Count Subarrays With Cost Less Than or Equal to K,Medium,45.7,https://leetcode.com/problems/count-subarrays-with-cost-less-than-or-equal-to-k
3836,Maximum Score Using Exactly K Pairs,Hard,40.9,https://leetcode.com/problems/maximum-score-using-exactly-k-pairs
3837,Delayed Count of Equal Elements,Medium,78.4,https://leetcode.com/problems/delayed-count-of-equal-elements
3838,Weighted Word Mapping,Easy,90.3,https://leetcode.com/problems/weighted-word-mapping
3839,Number of Prefix Connected Groups,Medium,60.8,https://leetcode.com/problems/number-of-prefix-connected-groups
3840,House Robber V,Medium,54,https://leetcode.com/problems/house-robber-v
3841,Palindromic Path Queries in a Tree,Hard,37.4,https://leetcode.com/problems/palindromic-path-queries-in-a-tree
3842,Toggle Light Bulbs,Easy,72,https://leetcode.com/problems/toggle-light-bulbs
3843,First Element with Unique Frequency,Medium,70.4,https://leetcode.com/problems/first-element-with-unique-frequency
3844,Longest Almost-Palindromic Substring,Medium,23,https://leetcode.com/problems/longest-almost-palindromic-substring
3845,Maximum Subarray XOR with Bounded Range,Hard,33.6,https://leetcode.com/problems/maximum-subarray-xor-with-bounded-range
3846,Total Distance to Type a String Using One Finger,Medium,89.8,https://leetcode.com/problems/total-distance-to-type-a-string-using-one-finger
3847,Find the Score Difference in a Game,Medium,72.7,https://leetcode.com/problems/find-the-score-difference-in-a-game
3848,Check Digitorial Permutation,Medium,47,https://leetcode.com/problems/check-digitorial-permutation
3849,Maximum Bitwise XOR After Rearrangement,Medium,71.6,https://leetcode.com/problems/maximum-bitwise-xor-after-rearrangement
3850,Count Sequences to K,Hard,36.3,https://leetcode.com/problems/count-sequences-to-k
3851,Maximum Requests Without Violating the Limit,Medium,63.6,https://leetcode.com/problems/maximum-requests-without-violating-the-limit
3852,Smallest Pair With Different Frequencies,Easy,68.5,https://leetcode.com/problems/smallest-pair-with-different-frequencies
3853,Merge Close Characters,Medium,54.9,https://leetcode.com/problems/merge-close-characters
3854,Minimum Operations to Make Array Parity Alternating,Medium,17.6,https://leetcode.com/problems/minimum-operations-to-make-array-parity-alternating
3855,Sum of K-Digit Numbers in a Range,Hard,50.9,https://leetcode.com/problems/sum-of-k-digit-numbers-in-a-range
3856,Trim Trailing Vowels,Easy,77.7,https://leetcode.com/problems/trim-trailing-vowels
3857,Minimum Cost to Split into Ones,Medium,82.6,https://leetcode.com/problems/minimum-cost-to-split-into-ones
3858,Minimum Bitwise OR From Grid,Medium,27.7,https://leetcode.com/problems/minimum-bitwise-or-from-grid
3859,Count Subarrays With K Distinct Integers,Hard,20.9,https://leetcode.com/problems/count-subarrays-with-k-distinct-integers
3860,Unique Email Groups,Medium,85.4,https://leetcode.com/problems/unique-email-groups
3861,Minimum Capacity Box,Easy,72.4,https://leetcode.com/problems/minimum-capacity-box
3862,Find the Smallest Balanced Index,Medium,19.5,https://leetcode.com/problems/find-the-smallest-balanced-index
3863,Minimum Operations to Sort a String,Medium,19.4,https://leetcode.com/problems/minimum-operations-to-sort-a-string
3864,Minimum Cost to Partition a Binary String,Hard,52.7,https://leetcode.com/problems/minimum-cost-to-partition-a-binary-string
3865,Reverse K Subarrays,Medium,88.7,https://leetcode.com/problems/reverse-k-subarrays
3866,First Unique Even Element,Easy,65.6,https://leetcode.com/problems/first-unique-even-element
3867,Sum of GCD of Formed Pairs,Medium,75,https://leetcode.com/problems/sum-of-gcd-of-formed-pairs
3868,Minimum Cost to Equalize Arrays Using Swaps,Medium,49,https://leetcode.com/problems/minimum-cost-to-equalize-arrays-using-swaps
3869,Count Fancy Numbers in a Range,Hard,26.7,https://leetcode.com/problems/count-fancy-numbers-in-a-range
3870,Count Commas in Range,Easy,69.4,https://leetcode.com/problems/count-commas-in-range
3871,Count Commas in Range II,Medium,41,https://leetcode.com/problems/count-commas-in-range-ii
3872,Longest Arithmetic Sequence After Changing At Most One Element,Medium,21.6,https://leetcode.com/problems/longest-arithmetic-sequence-after-changing-at-most-one-element
3873,Maximum Points Activated with One Addition,Hard,44.9,https://leetcode.com/problems/maximum-points-activated-with-one-addition
3874,Valid Subarrays With Exactly One Peak,Medium,67.2,https://leetcode.com/problems/valid-subarrays-with-exactly-one-peak
3875,Construct Uniform Parity Array I,Easy,81.5,https://leetcode.com/problems/construct-uniform-parity-array-i?envType=daily-question\&envId=2026-09-02
3875,Construct Uniform Parity Array I,Easy,79.8,https://leetcode.com/problems/construct-uniform-parity-array-i
3876,Construct Uniform Parity Array II,Medium,50.7,https://leetcode.com/problems/construct-uniform-parity-array-ii
3877,Minimum Removals to Achieve Target XOR,Medium,41.9,https://leetcode.com/problems/minimum-removals-to-achieve-target-xor
3878,Count Good Subarrays,Hard,25.7,https://leetcode.com/problems/count-good-subarrays
3879,Maximum Distinct Path Sum in a Binary Tree,Medium,50.8,https://leetcode.com/problems/maximum-distinct-path-sum-in-a-binary-tree
3880,Minimum Absolute Difference Between Two Values,Easy,66.3,https://leetcode.com/problems/minimum-absolute-difference-between-two-values
3881,Direction Assignments with Exactly K Visible People,Medium,36.5,https://leetcode.com/problems/direction-assignments-with-exactly-k-visible-people
3882,Minimum XOR Path in a Grid,Medium,40,https://leetcode.com/problems/minimum-xor-path-in-a-grid
3883,Count Non Decreasing Arrays With Given Digit Sums,Hard,40.4,https://leetcode.com/problems/count-non-decreasing-arrays-with-given-digit-sums
3884,First Matching Character From Both Ends,Easy,81.5,https://leetcode.com/problems/first-matching-character-from-both-ends
3885,Design Event Manager,Medium,50.3,https://leetcode.com/problems/design-event-manager
3886,Sum of Sortable Integers,Hard,31.9,https://leetcode.com/problems/sum-of-sortable-integers
3887,Incremental Even-Weighted Cycle Queries,Hard,52.1,https://leetcode.com/problems/incremental-even-weighted-cycle-queries
3888,Minimum Operations to Make All Grid Elements Equal,Hard,61.9,https://leetcode.com/problems/minimum-operations-to-make-all-grid-elements-equal
3889,Mirror Frequency Distance,Medium,61,https://leetcode.com/problems/mirror-frequency-distance
3890,Integers With Multiple Sum of Two Cubes,Medium,54.8,https://leetcode.com/problems/integers-with-multiple-sum-of-two-cubes
3891,Minimum Increase to Maximize Special Indices,Medium,20,https://leetcode.com/problems/minimum-increase-to-maximize-special-indices
3892,Minimum Operations to Achieve At Least K Peaks,Hard,30.8,https://leetcode.com/problems/minimum-operations-to-achieve-at-least-k-peaks
3893,Maximum Team Size with Overlapping Intervals,Medium,43.3,https://leetcode.com/problems/maximum-team-size-with-overlapping-intervals
3894,Traffic Signal Color,Easy,83.9,https://leetcode.com/problems/traffic-signal-color
3895,Count Digit Appearances,Medium,85.8,https://leetcode.com/problems/count-digit-appearances
3896,Minimum Operations to Transform Array into Alternating Prime,Medium,52.9,https://leetcode.com/problems/minimum-operations-to-transform-array-into-alternating-prime
3897,Maximum Value of Concatenated Binary Segments,Hard,26.7,https://leetcode.com/problems/maximum-value-of-concatenated-binary-segments
3898,Find the Degree of Each Vertex,Easy,91.9,https://leetcode.com/problems/find-the-degree-of-each-vertex
3899,Angles of a Triangle,Medium,62.4,https://leetcode.com/problems/angles-of-a-triangle
3900,Longest Balanced Substring After One Swap,Medium,14.3,https://leetcode.com/problems/longest-balanced-substring-after-one-swap
3901,Good Subsequence Queries,Hard,20.9,https://leetcode.com/problems/good-subsequence-queries
3902,Zigzag Level Sum of Binary Tree,Medium,69.5,https://leetcode.com/problems/zigzag-level-sum-of-binary-tree
3903,Smallest Stable Index I,Easy,68.7,https://leetcode.com/problems/smallest-stable-index-i
3904,Smallest Stable Index II,Medium,73.4,https://leetcode.com/problems/smallest-stable-index-ii
3905,Multi Source Flood Fill,Medium,56,https://leetcode.com/problems/multi-source-flood-fill
3906,Count Good Integers on a Grid Path,Hard,49.4,https://leetcode.com/problems/count-good-integers-on-a-grid-path
3907,Count Smaller Elements With Opposite Parity,Medium,73.8,https://leetcode.com/problems/count-smaller-elements-with-opposite-parity
3908,Valid Digit Number,Easy,70.8,https://leetcode.com/problems/valid-digit-number
3909,Compare Sums of Bitonic Parts,Medium,53.8,https://leetcode.com/problems/compare-sums-of-bitonic-parts
3910,Count Connected Subgraphs with Even Node Sum,Hard,62.4,https://leetcode.com/problems/count-connected-subgraphs-with-even-node-sum
3911,K-th Smallest Remaining Even Integer in Subarray Queries,Hard,30.2,https://leetcode.com/problems/k-th-smallest-remaining-even-integer-in-subarray-queries
3912,Valid Elements in an Array,Easy,57.4,https://leetcode.com/problems/valid-elements-in-an-array
3913,Sort Vowels by Frequency,Medium,62.9,https://leetcode.com/problems/sort-vowels-by-frequency
3914,Minimum Operations to Make Array Non Decreasing,Medium,56,https://leetcode.com/problems/minimum-operations-to-make-array-non-decreasing
3915,Maximum Sum of Alternating Subsequence With Distance at Least K,Hard,32.7,https://leetcode.com/problems/maximum-sum-of-alternating-subsequence-with-distance-at-least-k
3916,Number of ZigZag Arrays III,Hard,63.5,https://leetcode.com/problems/number-of-zigzag-arrays-iii
3917,Count Indices With Opposite Parity,Easy,81.9,https://leetcode.com/problems/count-indices-with-opposite-parity
3918,Sum of Primes Between Number and Its Reverse,Medium,76.6,https://leetcode.com/problems/sum-of-primes-between-number-and-its-reverse
3919,Minimum Cost to Move Between Indices,Medium,50.9,https://leetcode.com/problems/minimum-cost-to-move-between-indices
3920,Maximize Fixed Points After Deletions,Hard,20.1,https://leetcode.com/problems/maximize-fixed-points-after-deletions
3921,Score Validator,Easy,72.5,https://leetcode.com/problems/score-validator
3922,Minimum Flips to Make Binary String Coherent,Medium,20.2,https://leetcode.com/problems/minimum-flips-to-make-binary-string-coherent
3923,Minimum Generations to Target Point,Medium,44.4,https://leetcode.com/problems/minimum-generations-to-target-point
3924,Minimum Threshold Path With Limited Heavy Edges,Hard,39.2,https://leetcode.com/problems/minimum-threshold-path-with-limited-heavy-edges
3925,Concatenate Array With Reverse,Easy,90.7,https://leetcode.com/problems/concatenate-array-with-reverse
3926,Count Valid Word Occurrences,Medium,47.9,https://leetcode.com/problems/count-valid-word-occurrences
3927,Minimize Array Sum Using Divisible Replacements,Medium,32.3,https://leetcode.com/problems/minimize-array-sum-using-divisible-replacements
3928,Minimum Cost to Buy Apples II,Hard,32.9,https://leetcode.com/problems/minimum-cost-to-buy-apples-ii
3929,Minimum Partition Score II,Hard,43.9,https://leetcode.com/problems/minimum-partition-score-ii
3930,Power Update After K-th Largest Insertion II,Hard,81.4,https://leetcode.com/problems/power-update-after-k-th-largest-insertion-ii
3931,Check Adjacent Digit Differences,Easy,78.1,https://leetcode.com/problems/check-adjacent-digit-differences
3932,Count K-th Roots in a Range,Medium,24.7,https://leetcode.com/problems/count-k-th-roots-in-a-range
3933,Largest Local Values in a Matrix II,Medium,18.6,https://leetcode.com/problems/largest-local-values-in-a-matrix-ii
3934,Smallest Unique Subarray,Hard,39.9,https://leetcode.com/problems/smallest-unique-subarray
3935,Power Update After K-th Largest Insertion I,Medium,68.6,https://leetcode.com/problems/power-update-after-k-th-largest-insertion-i
3936,Minimum Swaps to Move Zeros to End,Easy,60.4,https://leetcode.com/problems/minimum-swaps-to-move-zeros-to-end
3937,Minimum Operations to Make Array Modulo Alternating I,Medium,46.1,https://leetcode.com/problems/minimum-operations-to-make-array-modulo-alternating-i
3938,Maximum Path Intersection Sum in a Grid,Medium,25.6,https://leetcode.com/problems/maximum-path-intersection-sum-in-a-grid
3939,Count Non Adjacent Subsets in a Rooted Tree,Hard,51.9,https://leetcode.com/problems/count-non-adjacent-subsets-in-a-rooted-tree
3940,Limit Occurrences in Sorted Array,Easy,73.5,https://leetcode.com/problems/limit-occurrences-in-sorted-array
3941,Password Strength,Medium,74.6,https://leetcode.com/problems/password-strength
3942,Minimum Operations to Sort a Permutation,Medium,28.2,https://leetcode.com/problems/minimum-operations-to-sort-a-permutation
3943,Number of Pairs After Increment,Hard,21.7,https://leetcode.com/problems/number-of-pairs-after-increment
3944,Minimum Operations to Make Array Modulo Alternating II,Hard,64.6,https://leetcode.com/problems/minimum-operations-to-make-array-modulo-alternating-ii
3945,Digit Frequency Score,Easy,91.7,https://leetcode.com/problems/digit-frequency-score
3946,Maximum Number of Items From Sale I,Medium,37,https://leetcode.com/problems/maximum-number-of-items-from-sale-i
3947,Maximum Number of Items From Sale II,Medium,30.2,https://leetcode.com/problems/maximum-number-of-items-from-sale-ii
3948,Lexicographically Maximum MEX Array,Hard,57.2,https://leetcode.com/problems/lexicographically-maximum-mex-array
3949,Subtree Inversion Sum II,Hard,71.1,https://leetcode.com/problems/subtree-inversion-sum-ii
3950,Exactly One Consecutive Set Bits Pair,Easy,50.9,https://leetcode.com/problems/exactly-one-consecutive-set-bits-pair
3951,Minimum Energy to Maintain Brightness,Medium,53.4,https://leetcode.com/problems/minimum-energy-to-maintain-brightness
3952,Maximum Total Value of Covered Indices,Medium,28.8,https://leetcode.com/problems/maximum-total-value-of-covered-indices
3953,Maximum Score with Co-Prime Element,Hard,29,https://leetcode.com/problems/maximum-score-with-co-prime-element
3954,Sum of Compatible Numbers in Range I,Easy,59,https://leetcode.com/problems/sum-of-compatible-numbers-in-range-i
3955,Valid Binary Strings With Cost Limit,Medium,78.4,https://leetcode.com/problems/valid-binary-strings-with-cost-limit
3956,Maximum Sum of M Non-Overlapping Subarrays I,Hard,27,https://leetcode.com/problems/maximum-sum-of-m-non-overlapping-subarrays-i
3957,Maximum Sum of M Non-Overlapping Subarrays II,Hard,17.2,https://leetcode.com/problems/maximum-sum-of-m-non-overlapping-subarrays-ii
3958,Minimum Cost to Split into Ones II,Medium,68.1,https://leetcode.com/problems/minimum-cost-to-split-into-ones-ii
3959,Check Good Integer,Easy,82.2,https://leetcode.com/problems/check-good-integer
3960,Frequency Balance Subarray,Medium,29.5,https://leetcode.com/problems/frequency-balance-subarray
3961,Maximize Sum of Device Ratings,Medium,39.7,https://leetcode.com/problems/maximize-sum-of-device-ratings
3962,Maximum Subarray Sum After at Most K Swaps,Hard,14.2,https://leetcode.com/problems/maximum-subarray-sum-after-at-most-k-swaps
3963,Create Grid With Exactly One Path,Easy,75.7,https://leetcode.com/problems/create-grid-with-exactly-one-path
3964,Minimum Lights to Illuminate a Road,Medium,38,https://leetcode.com/problems/minimum-lights-to-illuminate-a-road
3965,Finish Time of Tasks I,Medium,61.9,https://leetcode.com/problems/finish-time-of-tasks-i
3966,Count Good Integers in a Range,Hard,52.3,https://leetcode.com/problems/count-good-integers-in-a-range
3967,Finish Time of Tasks II,Hard,24.1,https://leetcode.com/problems/finish-time-of-tasks-ii
3968,Maximum Manhattan Distance After All Moves,Medium,63.2,https://leetcode.com/problems/maximum-manhattan-distance-after-all-moves
3969,Valid Subarrays With Matching Sum Digits I,Medium,46.3,https://leetcode.com/problems/valid-subarrays-with-matching-sum-digits-i
3970,Shortest Path With At Most K Consecutive Identical Characters,Medium,45.2,https://leetcode.com/problems/shortest-path-with-at-most-k-consecutive-identical-characters
3971,Maximum Total Value,Hard,29.7,https://leetcode.com/problems/maximum-total-value
3972,Valid Subarrays With Matching Sum Digits II,Hard,34.9,https://leetcode.com/problems/valid-subarrays-with-matching-sum-digits-ii
3973,Distinct Gate Paths to LCA,Hard,58.1,https://leetcode.com/problems/distinct-gate-paths-to-lca
3974,Maximum Total Sum of K Selected Elements,Medium,49.5,https://leetcode.com/problems/maximum-total-sum-of-k-selected-elements
3975,Filter Occupied Intervals,Medium,45.9,https://leetcode.com/problems/filter-occupied-intervals
3976,Maximum Subarray Sum After Multiplier,Medium,26,https://leetcode.com/problems/maximum-subarray-sum-after-multiplier
3977,Minimum Time to Reach Target With Limited Power,Hard,40.5,https://leetcode.com/problems/minimum-time-to-reach-target-with-limited-power
3978,Unique Middle Element,Easy,72.4,https://leetcode.com/problems/unique-middle-element
3979,Maximum Valid Pair Sum,Medium,49.2,https://leetcode.com/problems/maximum-valid-pair-sum
3980,Minimum Operations to Transform Binary String,Medium,36.8,https://leetcode.com/problems/minimum-operations-to-transform-binary-string
3981,Count Distinct Ways to Form Target from Two Strings,Hard,46.5,https://leetcode.com/problems/count-distinct-ways-to-form-target-from-two-strings
3982,Sum of Integers with Maximum Digit Range,Easy,73.1,https://leetcode.com/problems/sum-of-integers-with-maximum-digit-range
3983,Subsequence After One Replacement,Medium,21.9,https://leetcode.com/problems/subsequence-after-one-replacement
3984,Divisible Game,Medium,42.4,https://leetcode.com/problems/divisible-game
3985,Palindromic Subarray Sum,Hard,34.4,https://leetcode.com/problems/palindromic-subarray-sum
3986,Number of Elapsed Seconds Between Two Times,Easy,82.4,https://leetcode.com/problems/number-of-elapsed-seconds-between-two-times
3987,Minimum Total Cost to Process All Elements,Medium,24.9,https://leetcode.com/problems/minimum-total-cost-to-process-all-elements
3988,Create Grid With Exactly K Paths I,Medium,33,https://leetcode.com/problems/create-grid-with-exactly-k-paths-i
3989,Maximum Consistent Columns in a Grid,Hard,68.5,https://leetcode.com/problems/maximum-consistent-columns-in-a-grid
3990,Create Grid With Exactly K Paths II,Hard,75.1,https://leetcode.com/problems/create-grid-with-exactly-k-paths-ii
3991,Sort Array Using Prefix Reversals,Medium,70.8,https://leetcode.com/problems/sort-array-using-prefix-reversals
3992,Rearrange String to Avoid Character Pair,Easy,78.2,https://leetcode.com/problems/rearrange-string-to-avoid-character-pair
3993,Maximum Value of an Alternating Sequence,Medium,31.4,https://leetcode.com/problems/maximum-value-of-an-alternating-sequence
3994,Minimum Adjacent Swaps to Partition Array,Medium,57,https://leetcode.com/problems/minimum-adjacent-swaps-to-partition-array
3995,Minimum Cost to Convert String III,Hard,55.1,https://leetcode.com/problems/minimum-cost-to-convert-string-iii
3996,Even Number of Knight Moves,Easy,75,https://leetcode.com/problems/even-number-of-knight-moves
3997,Count Dominant Nodes in a Binary Tree,Medium,72.4,https://leetcode.com/problems/count-dominant-nodes-in-a-binary-tree
3998,Transform Binary String Using Subsequence Sort,Medium,38,https://leetcode.com/problems/transform-binary-string-using-subsequence-sort
3999,Minimum Number of String Groups Through Transformations,Hard,48.1,https://leetcode.com/problems/minimum-number-of-string-groups-through-transformations
4000,Largest Integer With Given Digit Sum,Easy,61.4,https://leetcode.com/problems/largest-integer-with-given-digit-sum
4001,Aggregate Two Time Series,Medium,58,https://leetcode.com/problems/aggregate-two-time-series
4002,Count Valid Sequences,Medium,42.4,https://leetcode.com/problems/count-valid-sequences
4003,Minimum Cost Path with Alternating Directions III,Hard,61.2,https://leetcode.com/problems/minimum-cost-path-with-alternating-directions-iii
4004,Minimum Moves to Balance Circular Array II,Hard,62.4,https://leetcode.com/problems/minimum-moves-to-balance-circular-array-ii
4005,Minimum Operations to Make Array Equal III,Hard,25.3,https://leetcode.com/problems/minimum-operations-to-make-array-equal-iii
4006,Count Valid Prefixes,Easy,78.3,https://leetcode.com/problems/count-valid-prefixes
4007,Widest Possible Fence,Hard,17,https://leetcode.com/problems/widest-possible-fence
4008,Minimum Initial Strength to Defeat All Monsters,Medium,50.1,https://leetcode.com/problems/minimum-initial-strength-to-defeat-all-monsters
4009,Minimum Possible Maximum Waiting Time,Hard,29.4,https://leetcode.com/problems/minimum-possible-maximum-waiting-time
4010,Maximize Pair Strength Using GCD,Easy,48.3,https://leetcode.com/problems/maximize-pair-strength-using-gcd
4011,Count Subarrays With Even Odd Ratio I,Medium,60.8,https://leetcode.com/problems/count-subarrays-with-even-odd-ratio-i
4012,Count of Unfinished Tasks After Each Shift,Medium,42.1,https://leetcode.com/problems/count-of-unfinished-tasks-after-each-shift
4013,Count Subarrays With Even Odd Ratio II,Hard,40.2,https://leetcode.com/problems/count-subarrays-with-even-odd-ratio-ii
4014,Minimum Total Price After Applying Discounts,Medium,71.9,https://leetcode.com/problems/minimum-total-price-after-applying-discounts
4015,Weighted Sum of a Tree,Medium,42,https://leetcode.com/problems/weighted-sum-of-a-tree
4016,Maximum Area of Two Non-Overlapping Square Submatrices,Medium,40.8,https://leetcode.com/problems/maximum-area-of-two-non-overlapping-square-submatrices
4017,Peaks in Array II,Hard,28,https://leetcode.com/problems/peaks-in-array-ii
4018,Total Sum of Interaction Cost in Tree Groups II,Hard,70.8,https://leetcode.com/problems/total-sum-of-interaction-cost-in-tree-groups-ii
4019,Merge Close Characters II,Medium,77.4,https://leetcode.com/problems/merge-close-characters-ii
4020,Elevator Requests I,Easy,84,https://leetcode.com/problems/elevator-requests-i
4021,Minimum Operations to Make a Rotated Palindrome I,Medium,63.8,https://leetcode.com/problems/minimum-operations-to-make-a-rotated-palindrome-i
4022,K-th Digit in Infinite String,Medium,35.4,https://leetcode.com/problems/k-th-digit-in-infinite-string
4023,Elevator Requests II,Hard,26.8,https://leetcode.com/problems/elevator-requests-ii
4024,Nearest Available Drone,Easy,67,https://leetcode.com/problems/nearest-available-drone
4025,Minimize the Maximum Waiting Time at Synchronized Traffic Lights,Medium,64.8,https://leetcode.com/problems/minimize-the-maximum-waiting-time-at-synchronized-traffic-lights
4026,Maximum Gap Between Stations,Medium,52.4,https://leetcode.com/problems/maximum-gap-between-stations
4027,Elevator Requests III,Hard,45.3,https://leetcode.com/problems/elevator-requests-iii
4028,Minimum Operations to Make a Rotated Palindrome II,Hard,71.6,https://leetcode.com/problems/minimum-operations-to-make-a-rotated-palindrome-ii
4029,Elevator Requests IV,Hard,62.8,https://leetcode.com/problems/elevator-requests-iv
4030,Check ASCII Palindromic,Easy,60.1,https://leetcode.com/problems/check-ascii-palindromic
4031,Find All Numbers Disappeared in an Array II,Medium,53,https://leetcode.com/problems/find-all-numbers-disappeared-in-an-array-ii
4032,Longest Subarray With at Most K Distinct Prime Factors,Medium,56.6,https://leetcode.com/problems/longest-subarray-with-at-most-k-distinct-prime-factors
4033,Valid K-Unique Subarrays I,Hard,34.2,https://leetcode.com/problems/valid-k-unique-subarrays-i
4034,Minimum Bishop Moves to Reach Target,Medium,65.5,https://leetcode.com/problems/minimum-bishop-moves-to-reach-target
4035,Maximum Valid Split Positions I,Medium,51.2,https://leetcode.com/problems/maximum-valid-split-positions-i
4036,Lexicographically Largest String After Pair Transformations,Medium,41.6,https://leetcode.com/problems/lexicographically-largest-string-after-pair-transformations
4037,Maximum Valid Split Positions II,Hard,29.6,https://leetcode.com/problems/maximum-valid-split-positions-ii
4038,Count Integers Appearing in a Single Block,Easy,45.4,https://leetcode.com/problems/count-integers-appearing-in-a-single-block
4039,Sum of Decoded Numbers,Medium,44.9,https://leetcode.com/problems/sum-of-decoded-numbers
4040,Minimum Operations to Form Subset Sum I,Medium,52.3,https://leetcode.com/problems/minimum-operations-to-form-subset-sum-i
4041,Minimum Operations to Form Subset Sum II,Hard,48.5,https://leetcode.com/problems/minimum-operations-to-form-subset-sum-ii
4042,Valid K-Unique Subarrays II,Hard,61.7,https://leetcode.com/problems/valid-k-unique-subarrays-ii
